Filename,Label,Contrast0,Homogeneity0,Dissimilarity0,Entropy0,ASM0,Energy0,Correlation0,Contrast45,Homogeneity45,Dissimilarity45,Entropy45,ASM45,Energy45,Correlation45,Contrast90,Homogeneity90,Dissimilarity90,Entropy90,ASM90,Energy90,Correlation90,Contrast135,Homogeneity135,Dissimilarity135,Entropy135,ASM135,Energy135,Correlation135
1.jpg,Normal,194.47081014555215,0.5532741318368852,5.8199723275442405,7.393406889012027,0.23730374545816865,0.4871383227156006,0.9756623256402523,477.4807120070697,0.5334524747085888,8.65622833858626,7.631628978044638,0.23358139773179765,0.4833025943772676,0.9402859661431888,374.3541539261201,0.5448475397730523,7.19554947407068,7.496139718457822,0.23530005504411847,0.48507737016286223,0.9531512299946934,496.6874475817658,0.53420454382875,8.714998027734334,7.631204274176628,0.23338987828192861,0.4831044175764993,0.9378839598850492
10.jpg,Normal,196.87784751101208,0.5552401314554398,5.874476363747781,7.374234398054332,0.24056885440161133,0.4904781895269262,0.9750888138194831,470.7451334821691,0.5372076480710196,8.537030725219342,7.593437409457201,0.23699917159049147,0.486825606958479,0.9404788943876379,369.73067896892934,0.5486592747819834,7.105602525685152,7.458923427730388,0.2387159798082095,0.48858569341335556,0.9532186381806702,498.7493537478729,0.5366087949551411,8.752616603030745,7.608287341338194,0.23669354575431223,0.4865116090642773,0.9369380353676078
100.jpg,Normal,183.98296462207082,0.5851784957601224,5.4577765716734605,6.980288165230749,0.27444199798717045,0.5238721198796233,0.9741694918005108,444.6201186423115,0.5664636356631361,8.187629489776796,7.212602090635612,0.2705322759360789,0.5201271728491782,0.9376360987158544,356.70742493273025,0.5761225363526892,6.876188692514973,7.088521206219583,0.27245230488145405,0.521969639808154,0.9499223098373686,478.70745746224287,0.5664459962109527,8.29439991421613,7.216079694674869,0.2701248731211189,0.5197353875974955,0.9328548948429852
11.jpg,Normal,196.93053984222627,0.554296916621243,5.89610980308243,7.372729905680287,0.24086432331876198,0.4907793020480407,0.9751297075147243,471.27905453792533,0.5373923927686922,8.54532573021702,7.589642724229042,0.2372901620295819,0.4871243804508063,0.9405253399764208,369.25293159857887,0.5486756201029257,7.081530546722369,7.450910829113095,0.23898926582417268,0.4888652839220358,0.9533683768237674,497.39160772208317,0.5364792045831323,8.738615431160234,7.602345310850821,0.23698104460618097,0.48680698906874886,0.9372299776894215
12.jpg,Normal,195.03080280700138,0.5546763398073337,5.861152305528612,7.365520541982351,0.24089061767562664,0.49080608968881656,0.9754195028456556,469.07097858846794,0.5378475470744476,8.503310725678933,7.5838179881054275,0.23734868761714137,0.48718444927680254,0.9409239992350497,367.43918939579066,0.5486252565559806,7.048854880137229,7.443678682652146,0.2389701967278227,0.48884578010638763,0.9536912486050801,493.63563635248744,0.5369402070144151,8.692058470977084,7.593460958805852,0.2370761724616399,0.4869046851917117,0.9378302633035971
13.jpg,Normal,193.73940114359513,0.5550546547525593,5.841674565802609,7.357670109540189,0.2410702211000307,0.4909890234007586,0.9756119684883271,468.46956391863125,0.5387334138393224,8.483702957632682,7.5766426921706405,0.23760549400335382,0.48744793978778267,0.9410715976703357,366.7169688723046,0.5494351678407975,7.031960922211576,7.436697124086758,0.23926014092182635,0.48914225019090957,0.9538384081094603,490.6721213536947,0.5372910420848576,8.64896733698175,7.586208146195929,0.23732569937298625,0.48716085574785895,0.9382787561752735
14.jpg,Normal,193.71708735935096,0.5557738989344135,5.825476241438606,7.351133790907475,0.24127956140887943,0.49120215940982936,0.9756095215535296,469.42102703343414,0.5383688444127653,8.510246207696886,7.572333728474756,0.23787700835480463,0.4877263662698631,0.9409393609681144,365.9575013759748,0.5501323894726824,7.033287212573602,7.432398548453113,0.23952886840516113,0.4894168656729773,0.9539240503200365,488.3564477770775,0.5382461880998761,8.608315685065575,7.576997532776586,0.23755999714978857,0.48740126913026044,0.9385569835605104
15.jpg,Normal,192.2231875305819,0.5565293676887985,5.783845248287885,7.33818189140971,0.24173756152621312,0.491668141662863,0.975748351026764,468.1552805021355,0.539382985773735,8.497780722347185,7.563679107543795,0.23833489022033494,0.48819554506399887,0.9409789041122205,365.3879494862975,0.5507550362671305,7.0218857020549565,7.423049821198686,0.2399343144757509,0.48983090396151086,0.9539022121857448,486.10717253686465,0.5393116260258731,8.54387429582457,7.561553498074357,0.23805072759706186,0.4879044246541139,0.9387156799529093
16.jpg,Normal,191.24554718077934,0.5569639695236742,5.763778895548193,7.332948342903802,0.24190909690118367,0.49184255295895624,0.9757532201305525,465.02357144771145,0.5390604853663343,8.486916027435539,7.5598279655549865,0.2385914495550926,0.4884582372681339,0.9410860797034452,363.1361033818481,0.5505408758023215,7.006501498287885,7.420608613170328,0.2401356306057714,0.4900363564122272,0.9539615300618776,484.82184887465024,0.5394536927097086,8.525917103564975,7.558490036556316,0.2382519440108398,0.48811058584181494,0.9385778323586843
17.jpg,Normal,190.407775042811,0.557648480503844,5.741166982632356,7.3274830408026315,0.2425979608181788,0.49254234418796805,0.9757559402222892,464.9598921572695,0.5399063509977305,8.483775720834425,7.555103496655262,0.23921533793500338,0.4890964505442698,0.940841774025301,362.7214216915326,0.550953635627036,7.000638301125579,7.414391198253861,0.24081580987440462,0.49072987465040746,0.95381696898602,482.96455666146664,0.5394020163116626,8.492775379996234,7.550712314751469,0.2389645555124175,0.4888400101387135,0.9385509871653941
18.jpg,Normal,190.0649920499062,0.5581981713511776,5.7151724559688875,7.311082515634091,0.24337972066529667,0.49333530247215907,0.9756936315375784,464.9201328119876,0.540092056380965,8.476307918551132,7.54169866505771,0.23994835871727327,0.4898452395576314,0.9405880637919225,361.6108274217214,0.5517024905263406,6.9807286570453035,7.3997661695895385,0.24158764051687764,0.4915156564310822,0.953756760265237,480.15958884960804,0.5404513470525787,8.453935148839063,7.5355318468907955,0.23973932962574493,0.48963183069092325,0.9386406205085368
19.jpg,Normal,188.86315894080806,0.5582615008413571,5.715348275440511,7.312134301107966,0.24381254460754623,0.4937737787768263,0.9757243462897875,463.335894087405,0.5403268793789177,8.468932027680621,7.539692388146684,0.2404406344057635,0.49034746293395204,0.9404891955544413,359.49249327299293,0.5516116953989182,6.9733748165364,7.39995433219356,0.24203062126352634,0.4919660773503864,0.9537936121059272,475.79769532131814,0.5410503563813819,8.42767912193969,7.533500422779004,0.24018572802049612,0.49008746976483303,0.9388886033582917
2.jpg,Normal,195.70886588796785,0.5526368522578472,5.837489297945389,7.39919270776555,0.23754357603375606,0.48738442325720266,0.9754257062064511,480.13309538488943,0.5332940693853075,8.686402089452809,7.637885903385523,0.23399487849652753,0.48373017116624795,0.939753910021955,375.2556644447128,0.5445823821917495,7.215676981409228,7.502524107637621,0.23561071723660162,0.4853974837559437,0.9528818890607738,498.3846722400622,0.5339679733080922,8.744559035849257,7.637786209894784,0.23368218198026416,0.48340684933114486,0.9374637405834596
20.jpg,Normal,186.80149217221532,0.5584015711835261,5.689793297456248,7.298263673717158,0.2446078072654817,0.4945784136671168,0.9759119920102718,459.61885103074115,0.540639226582114,8.44234665155234,7.52800317890474,0.24120121264480368,0.49112240087864417,0.9407765714974456,357.15986576565433,0.5523900287977161,6.947147137965009,7.388751372970974,0.24276931373497712,0.4927162608794002,0.9539455973694231,471.747504030692,0.5409575152222486,8.39575522458934,7.521787334207099,0.24100961606560414,0.49092730222060793,0.9392137539320645
21.jpg,Normal,185.0722503363554,0.5603924882043907,5.643449578033508,7.278159996329403,0.24567837668248632,0.4956595370639874,0.9761288383214,458.96390179264534,0.5420936166050379,8.402315401672046,7.511387023401772,0.24225455823813827,0.49219361864833056,0.9408459946583798,357.3137383806244,0.5527460226704031,6.939273483366172,7.373284457387788,0.2437785335020892,0.49373933760850897,0.9539139960703118,469.2387475538104,0.5428691344748964,8.346402625602785,7.503576190439395,0.2419919169497614,0.49192673941326,0.9395217112481353
22.jpg,Normal,184.2232486851826,0.5613384392341322,5.616587420499212,7.257150117559336,0.24643877677563972,0.4964260033233953,0.9762621884252756,459.8233462647495,0.5431543451774188,8.38753681243569,7.490997396057683,0.24307712883681548,0.4930285274066963,0.9407950354226192,358.38332084760276,0.553947564757316,6.9178196856656,7.353080109926404,0.24461778332095357,0.49458849897763857,0.9538224712291564,468.77141248692163,0.5441223207294188,8.307857276894682,7.482777118157609,0.2427877381750539,0.4927349573300578,0.9396429191848856
23.jpg,Normal,183.93731271404644,0.5632291545490937,5.604547608855397,7.238033363699243,0.2479693840067507,0.4979652437738508,0.9763210136964258,459.7152163173294,0.5451897853142771,8.385426679585345,7.4731398956362485,0.2445207620424854,0.49449040642108055,0.9408643003861067,360.10072162426593,0.5556934929407208,6.938096257338794,7.337321642650835,0.24602771748834268,0.4960118118435716,0.9536442077385372,471.9716338402455,0.5452282467930551,8.340619865886,7.466670595808954,0.24420685400612682,0.4941728988988842,0.9392876899123798
24.jpg,Normal,183.06236622432138,0.5651821038187845,5.579176094667569,7.224280734540539,0.2487685538656656,0.49876703365966923,0.9764382698162466,458.4067539569673,0.5462894378398397,8.360354012124619,7.460183874760959,0.24534368732756187,0.49532180178906104,0.9410446764937744,361.75170086227655,0.5570321148519518,6.947089805528699,7.328103528058849,0.24689709334422216,0.4968874050971932,0.9534409195109255,474.50133845994134,0.5465670638291487,8.358661310273806,7.456801583213963,0.2450320955764154,0.4950071671970169,0.9389747649405931
25.jpg,Normal,183.25468214897788,0.5664004462333943,5.571187775195885,7.2083821845002705,0.24976803267144293,0.49976797883762314,0.9764315418201693,457.48293319954365,0.5481405441116136,8.321739729857015,7.441411735238282,0.24633533078255213,0.496321801639372,0.9412089699018378,362.7088582436362,0.5582440579001499,6.943982387475767,7.31211253865695,0.24787491489255667,0.4978703796095492,0.9533534683867856,477.6774483859908,0.5481355380834736,8.3840863048165,7.444147617234154,0.24602321159231855,0.49600726969704645,0.9386137772422182
26.jpg,Normal,183.67866698263745,0.5677861380364174,5.573909154843675,7.1966914957197075,0.2505760020486902,0.5005756706519906,0.9762960294076249,457.15817188199065,0.5499959401195033,8.292519559897539,7.428419155941218,0.24718758427981108,0.4971796297916992,0.9410497465779377,363.10630198140905,0.5595452186831966,6.932408879647969,7.299230482316848,0.2486561361816377,0.4986543253413508,0.9531423427460253,479.9338582496146,0.5491338280415972,8.399198072924063,7.435304593359298,0.24676457467668886,0.4967540384100454,0.9381128364102688
27.jpg,Normal,184.3855606347892,0.5679575988772189,5.582096226761466,7.197940754314669,0.251385955186568,0.5013840396208957,0.9759183125036935,456.0513937982714,0.5506103475416576,8.262851321801081,7.426292985235036,0.2479240160220958,0.49791968832543243,0.9404845507079009,362.10433356775434,0.5601016080656335,6.907255228718405,7.296413364829246,0.24947186580557393,0.4994715865848366,0.9527091610967534,479.93788320356407,0.5499876047191924,8.402648580543183,7.433929591445696,0.2475655772360886,0.4975596217902821,0.9373673249559469
28.jpg,Normal,184.1446306262274,0.5666043071644857,5.608946917808418,7.216861976574656,0.25203838437003606,0.5020342462123835,0.97557262264084,453.793302721724,0.549764801014637,8.247927206161169,7.44063497947009,0.24855966397789814,0.4985575834122856,0.9398504281874284,360.83136237157316,0.5592108740838676,6.911597205235074,7.3123065142151855,0.25009496380906027,0.5000949547926477,0.9521364406563768,478.9898514481749,0.5486052013714496,8.43897273677717,7.452926704587014,0.24828316955604307,0.4982802118848822,0.9365106662121807
29.jpg,Normal,183.03328721257895,0.5656978903687926,5.606198783023697,7.222665808749221,0.25254511363251625,0.5025386687932744,0.9752877498328717,449.1496202909682,0.5490156658698085,8.213395322475018,7.444314984589718,0.24917844305654305,0.49917776698941935,0.9394056708932154,358.2246399522974,0.5584816412247127,6.887188875978738,7.316382146544004,0.25056901000507115,0.5005686866006214,0.9516362204405813,476.85679053005094,0.5476960086198194,8.430038181532751,7.459845270604507,0.24874559705100338,0.49874401956414816,0.935667724079423
3.jpg,Normal,196.1705678204547,0.5532521604713114,5.84373471135054,7.398385747560599,0.2379489411855076,0.48780010371617144,0.9752892909278988,481.095040230381,0.534041708295259,8.679386184948749,7.636240113883094,0.23449895098362472,0.4842509173802614,0.9394408266786142,375.52524156066335,0.5443011165401477,7.230086533757593,7.502122108119241,0.2361447949483663,0.485947317050281,0.952697784119193,498.81035994806433,0.5338422155929533,8.763347260465412,7.6373797956571465,0.23420064386162126,0.48394281052787763,0.9372108616456978
30.jpg,Normal,182.0037151418852,0.5657388472007997,5.590432363013944,7.222082718432021,0.2529063365934122,0.5028979385455982,0.9750772076306738,446.17074076768444,0.5478399018385238,8.181739500078585,7.443119184481417,0.24949461222602115,0.49949435655072333,0.9389509967967492,355.5294994496083,0.5586505828741587,6.840287120841755,7.311886398168119,0.25096552010263995,0.5009645896694096,0.9513172238106004,473.8282175696275,0.547400618704571,8.385936021997543,7.457392317397028,0.24914195057217595,0.49914121305716275,0.9351666576736274
31.jpg,Normal,181.15074226394935,0.5654027296134143,5.593761466487527,7.2189065405897646,0.25333090635390015,0.5033198847193504,0.9749700324054222,444.35634437674094,0.5480789444989385,8.166792406585484,7.437699326057763,0.2499077655834079,0.4999077570746506,0.9386502224903989,352.82105399951075,0.5589663965380546,6.8142123287673355,7.3036926624961085,0.25142516057588604,0.5014231352619123,0.9512517911918261,470.08786348091166,0.5470017092395537,8.365681044420102,7.451207423128592,0.24952059231534826,0.4995203622629895,0.9350976165874887
32.jpg,Normal,181.24247034002306,0.5655910264694948,5.606256115460162,7.21675006987388,0.2538784188865353,0.5038634923136774,0.9748300993679525,442.9455424879544,0.5485793539624628,8.162334703068787,7.433831624524498,0.2503502368062813,0.5003501142263098,0.9385344085784936,349.23696260395906,0.5590906362831115,6.775994526663624,7.296153252140312,0.2519103989838983,0.501906763237853,0.9515017180246262,465.46295012656157,0.5475159767743378,8.325891061998115,7.444114754835788,0.2500922722921321,0.5000922637795271,0.9354097676350291
33.jpg,Normal,180.89545621331166,0.5654165672715218,5.607150501467929,7.216379217171714,0.253923489525743,0.5039082153782998,0.9749124918087034,440.4686026784428,0.548743238576742,8.151056406799965,7.43230057042008,0.25052130549222995,0.5005210340157843,0.9389616657952122,346.11146190068723,0.5593764247033667,6.754410775440561,7.292938989298004,0.25202458087831414,0.50202049846427,0.9520011690197859,461.62369935776155,0.54872656476511,8.293802490033425,7.441931753396017,0.2501836961503874,0.5001836624185034,0.9360300791772331
34.jpg,Normal,181.50141420010277,0.5662888731088613,5.605193554305513,7.210559324136076,0.2541040060737432,0.504087300052028,0.9749540048122008,438.1886749820905,0.5497595071245525,8.125937783632954,7.423722020448149,0.250730410547136,0.5007298778254958,0.9395810210013599,344.5790690741165,0.5606042059583628,6.7292036142370275,7.284753004236828,0.25223784362525736,0.5022328579705407,0.9524520194178011,461.5813167075747,0.5491680243775179,8.27838818019239,7.433159561102672,0.2503965926274743,0.5003964354663953,0.9363555621754386
35.jpg,Normal,182.82570557118885,0.5673902914443466,5.632663435665568,7.206498111290627,0.2546876020390801,0.504665832050358,0.9750240838767459,440.1013208435865,0.5501647952181439,8.165490328238683,7.418009634985287,0.2513071332772114,0.5013054291319927,0.9399259991899711,344.366346624264,0.5619510593504047,6.744373776908253,7.277936981623514,0.2528078861452461,0.5028000458882697,0.9529575577074354,461.8966647646019,0.5501443404384666,8.283512241451294,7.425262858694108,0.2509225649683791,0.5009217154090838,0.93695092630027
36.jpg,Normal,183.2984306201127,0.5690488306081282,5.611488655822141,7.184781872074923,0.2553837303465998,0.5053550537459774,0.9752915335951129,442.81507806725,0.5523600146067447,8.181624610812676,7.399590043042065,0.25200703099324306,0.5020030189084953,0.9403576934109339,344.25897061521465,0.5634292107505399,6.73595355308242,7.257500194883076,0.25358650860871573,0.5035737370124813,0.9535957525751365,460.4415960416737,0.5519779664791463,8.242623151719028,7.400879078143393,0.2517311801371247,0.5017281934844051,0.9379835958672832
37.jpg,Normal,184.19949394570278,0.570659457079889,5.613090141878883,7.164503257220198,0.255870373877601,0.5058363113474565,0.9754194351696732,444.3051267420034,0.5537285371183126,8.193906273337012,7.380634648598699,0.2525111902306563,0.5025049156283512,0.9407584227333778,343.20166875611346,0.5645376667183457,6.7215822223583395,7.237017820474559,0.25403355444961406,0.5040174148277161,0.9542027713950405,458.3925421547769,0.5536187323931056,8.210304801222536,7.3789519189659405,0.2522415875617543,0.5022365852481819,0.9388800723420848
38.jpg,Normal,183.43850522872168,0.5704939731341341,5.604524675880736,7.1611672731009275,0.25619901078259105,0.5061610522181562,0.975583433769721,446.2658154648519,0.5539326412631783,8.222540508040426,7.380736663908819,0.25285255598656536,0.5028444650053985,0.9406489085701217,345.60716961227666,0.5648176703082249,6.745562469422963,7.236870815081229,0.2543644325391082,0.5043455487452112,0.9539993781849145,458.81641844201766,0.5539091634185733,8.198949912109748,7.375763221158016,0.2525534021505178,0.5025469153726027,0.9389797419905047
39.jpg,Normal,183.15043649095222,0.5708039189932945,5.592286111790833,7.165147726659974,0.256621639769234,0.5065783648846781,0.9755893834262571,448.62152795063577,0.5530556221758098,8.229441523278537,7.38750551649286,0.2531938496803098,0.5031837136477191,0.9402564715291079,347.1625145242158,0.5643046169632575,6.75457512842491,7.244376035147727,0.2547897220667525,0.5047669977987393,0.9537310611257861,459.3891337732212,0.5541315671950646,8.179954886815034,7.380660137111772,0.25287512332661544,0.502866904186998,0.9388225350705443
4.jpg,Normal,196.11347618028958,0.5529280692916269,5.852705326565718,7.4007013080256066,0.23800919833612266,0.4878618639903335,0.9752560208525879,481.6249707989717,0.5346112676008322,8.682564787971844,7.637685417172951,0.23444920411173856,0.4841995498879966,0.9392748767490372,376.1094781983825,0.544519579775791,7.233797853473827,7.5048945275497525,0.23613165617006396,0.4859337981351616,0.9525467293769619,499.14128698954664,0.5341733980454141,8.763109822649307,7.639706331642034,0.23420960902084187,0.48395207306182897,0.937066352432255
40.jpg,Normal,183.87469040484817,0.569842700390449,5.602498929794792,7.1691605398638165,0.25707009370603845,0.5070208020446878,0.9754137520925836,452.19664063785706,0.5528360999949159,8.259768459832841,7.393440104125819,0.2536953904069835,0.5036818345016857,0.9395861280668442,348.31883714530386,0.5632166909387164,6.773491010274264,7.250161932546487,0.25522611237644616,0.5051990819235979,0.9534272063519018,459.7431650460829,0.5530534316734949,8.18274669597625,7.384559033872611,0.2533800621290753,0.5033687138957638,0.9385779057180502
41.jpg,Normal,184.04439059442896,0.5702514836635113,5.6051553326812265,7.169656864104453,0.25765495608991784,0.507597238063721,0.9752897802632328,452.5227844562416,0.5524988401923305,8.264084466588315,7.3940202698589115,0.25430105263735364,0.5042827110236416,0.9392939337315632,348.17917533023297,0.5630497741961956,6.783986668297709,7.252194845669977,0.2558563896880887,0.5058224883178769,0.9532543351986767,460.37420199829984,0.5534289778899686,8.202825510012683,7.386378651348289,0.2539169697197173,0.5039017460971109,0.9382406637306253
42.jpg,Normal,184.55918236301818,0.5699846818365001,5.600392918297691,7.172508376963855,0.25727261249394506,0.5072204772029073,0.9750710696050275,451.9315106789508,0.5530063784915004,8.23693996269933,7.396884516981908,0.2538675214508495,0.5038526783206074,0.9390073390096106,348.72898575097713,0.5628958011037628,6.787411325831968,7.256000584036163,0.2554489766352281,0.5054196045220526,0.9528978203619798,461.8647600154681,0.5528627287911952,8.220863124758319,7.391166911563876,0.25348337869528875,0.5034713285732254,0.937666748024025
43.jpg,Normal,184.72816780822427,0.5701086188677817,5.597098214285913,7.177086448798604,0.2573039183258659,0.5072513364456184,0.9748890672804811,453.65074429095614,0.5526538830585587,8.249416936975624,7.4025669919247745,0.25381409103370844,0.503799653665729,0.9383847457968244,350.51224620841106,0.5629333881264805,6.808807791096036,7.26306135391739,0.25547993977827715,0.5054502347197765,0.9523549730790982,463.04965131107195,0.5530009204531927,8.231065291569841,7.395791283665594,0.25355646850505553,0.5035439092125488,0.9371081777484588
44.jpg,Normal,183.90641435299062,0.569660094192379,5.575644416585409,7.172249079301065,0.25703539942146886,0.5069865870232356,0.9748307009438546,453.2580719283295,0.5533539760582591,8.229062388701019,7.39885901556801,0.2535967324362905,0.5035838881817909,0.9380192807845287,350.72127262719965,0.5627991329093672,6.799818065068778,7.260010995262775,0.2552116744190849,0.5051847923473992,0.9520022537620274,463.0286533829092,0.5530260667661359,8.225447206467619,7.394051660177934,0.25336212173498207,0.5033508932494131,0.9366832038270184
45.jpg,Normal,182.35294994496726,0.5702393015642486,5.546022657779113,7.1646701585514405,0.2568858883312746,0.506839114839487,0.97495408370063,451.0220242722634,0.55276563024231,8.189513673737572,7.390162050425189,0.253443551668925,0.5034317745920742,0.9381046214598988,350.0522069165815,0.5632145887737489,6.778563019814343,7.253820377513141,0.2550315712306414,0.5050065061270413,0.9519226044944467,462.11067665947263,0.5528949241935027,8.214705060106354,7.389478841013232,0.25313550543981383,0.5031257352191536,0.9365828857129334
46.jpg,Normal,182.63812530577965,0.5703550744324366,5.536692759295764,7.163888278486187,0.2569742672692564,0.5069262937244984,0.9748951728792264,452.64728995369074,0.5527787926955574,8.216148835214362,7.392968910161107,0.2534509187741055,0.503439091424281,0.9378328787349836,351.57916845034066,0.5632642387687118,6.80050987646794,7.256956106641515,0.2550505676256691,0.5050253138464141,0.9516749164563599,464.2686225925866,0.5527509821423237,8.238935206283749,7.391178697201112,0.2532008944159531,0.5031907137616444,0.9362367909830929
47.jpg,Normal,182.74052485935076,0.5700769619283748,5.543240123532492,7.168412775388113,0.25683782452043,0.506791697367301,0.9749168417781418,452.6118198076682,0.5526819860251762,8.212058777348476,7.396871824526437,0.2532803160687073,0.5032696256170318,0.9379264283657687,353.6792747064541,0.562766393441152,6.842748593444437,7.264153287766099,0.2548908556413415,0.5048671663332263,0.9514554121927156,468.5473899073537,0.55182499998431,8.29810317822012,7.399898810892772,0.2530451853787201,0.5030359682753511,0.9357409402524971
48.jpg,Normal,183.7121605919812,0.5709069428248378,5.553066903131332,7.161776919294165,0.25687779990238935,0.5068311354903025,0.974885968966102,453.81524274186654,0.5525462326124128,8.228323267757164,7.389295108121857,0.2533424614477272,0.50333136346519,0.9380145202303687,355.60264034980116,0.5626348845926,6.859359711350555,7.257551596777497,0.2549191919242682,0.5048952286606284,0.9513896989467132,471.8270763362517,0.5524547711818837,8.30796450687615,7.390458995313409,0.2531499423231026,0.5031400822068369,0.9355543292942251
49.jpg,Normal,183.46941887842925,0.5694481604870927,5.58391557607663,7.171045190832173,0.2565743843944166,0.5065317210149988,0.9749867393233445,453.9349803347794,0.5521786999168227,8.257673645551343,7.396831143567725,0.2530586980299754,0.5030493991945278,0.9381652970621526,356.0679465814571,0.5618373447293692,6.876570908757534,7.262969617127329,0.254658326044333,0.5046368258899989,0.9514572613323611,471.3343315933939,0.5516306943607392,8.337590618908601,7.398400445582791,0.252815595835063,0.5028077125851025,0.9357951697025142
5.jpg,Normal,196.04470783390934,0.5533483925761746,5.851268193493355,7.394742978455319,0.2382778211318954,0.4881370925589403,0.9752470887613426,480.5063476319295,0.5342652025341214,8.676766709686255,7.630323978177246,0.23468602314066042,0.4844440350965841,0.9393730561154194,376.5267971807683,0.5452151525618716,7.226229971869128,7.496631271421829,0.23644751943224457,0.48625869599652877,0.9524602347271823,500.30017501464164,0.5348581650486001,8.76699307983653,7.635542583404012,0.2344652458688405,0.4842161148380344,0.9368756088539963
50.jpg,Normal,184.98613319472256,0.569565240406297,5.60097388698654,7.170383554367472,0.256857363059992,0.5068109736972869,0.9748455018888847,454.652766342031,0.55238133340323,8.27337134891496,7.394911503399594,0.25332027462119233,0.5033093230024578,0.9382285715775196,356.82588903497725,0.5628772345351921,6.881776693982681,7.260582079441338,0.25490156851258977,0.5048777758156817,0.9514803498239605,474.0549898322931,0.5518637251298286,8.36070250956462,7.397800256715128,0.25300412618232665,0.5029951552274899,0.9355924871889616
51.jpg,Normal,186.45972587451448,0.5689746992017675,5.639650348581476,7.18378099944784,0.2565115056136663,0.5064696492522196,0.9747294242551253,455.111672366445,0.5521579070490445,8.289111178342669,7.403301617630478,0.25304989581912957,0.5030406502650949,0.9383717270732633,357.7272963551862,0.5624340349822914,6.893636863992435,7.268632382380025,0.25462292417645493,0.5046017480909623,0.9515195289292155,477.7329858571242,0.551258584168405,8.404406386311354,7.4080323922548965,0.2526986252284942,0.5026913816930764,0.93530849541736
52.jpg,Normal,184.8689724498582,0.5687040040558322,5.6333514249024175,7.182246317546647,0.25655005261523,0.5065077024243857,0.974992804812474,452.16061136407257,0.5523293982801043,8.260817781794659,7.400595155837633,0.25307672081122884,0.5030673124058339,0.9388879981336429,357.0258301736778,0.5626768555156557,6.873234160959174,7.2649140950255084,0.2546274859960893,0.5046062682885433,0.9517068753304206,477.1134876168474,0.5515214840002124,8.405164655466297,7.406986714011314,0.2527948977190299,0.5027871296274696,0.9355154792060693
53.jpg,Normal,183.75987264555437,0.5686936148794427,5.6075747614972915,7.181755767082191,0.25637840347325047,0.5063382303097905,0.9752033022376598,449.76465316844747,0.5520560703308615,8.243611199405715,7.402253735775348,0.2528896037537466,0.5028813018533763,0.9393595714859675,354.548820480671,0.5628020421432703,6.8468727067027535,7.264603955119438,0.2544556091520937,0.5044359316623804,0.9521585686862026,473.58042440093857,0.5519376678859778,8.351193507990653,7.405594152555424,0.25258864568677564,0.5025819790708533,0.9361485619885385
54.jpg,Normal,184.55187056629737,0.5686703541110056,5.624904445939533,7.186535254685273,0.2558318248307928,0.5057982056421244,0.9752308340801673,451.3450507619076,0.5516796061847964,8.280034926336826,7.406079208932798,0.25234048610879606,0.5023350337262932,0.9394748757172283,353.84624204989893,0.5626789766233317,6.838819410469953,7.2657857132181585,0.2539600716852612,0.5039445125063484,0.9525110728308076,472.18944091052896,0.5517455169695707,8.327223777482539,7.405198471902039,0.25211322795648083,0.5021087809991783,0.9366796544065836
55.jpg,Normal,186.17847969667858,0.5689143874520654,5.643942636986585,7.1868961234454956,0.2556776517110431,0.5056457769140795,0.9751772226360891,453.27928431645734,0.5514371477831637,8.294606714894634,7.406094152549171,0.25222068505080014,0.5022157753902202,0.9396161685489399,353.7040193860049,0.5629016726083014,6.822514065558047,7.264479638335045,0.2538060029681988,0.5037916265364072,0.9528431284142854,472.7487333458359,0.5520937451954114,8.320724874675061,7.40500515150716,0.2519178122140587,0.5019141482505337,0.9370225359490921
56.jpg,Normal,185.85469667319578,0.5687588011474896,5.6484375000002665,7.186984076722493,0.2557116089753143,0.505679353914429,0.9753706153576213,452.78033172359994,0.5523234938170822,8.276726115479049,7.404555723576755,0.25223503447978035,0.5022300613063503,0.940048274942091,353.9740742722564,0.5630415526955433,6.810516297700872,7.262101639460763,0.25375549159256133,0.5037414928240093,0.9530933104668238,472.99469211590605,0.5522968577704237,8.32049892578542,7.404438370142958,0.25192012756797566,0.5019164547690936,0.9373717324963386
57.jpg,Normal,186.0731103228999,0.568476312683727,5.661402274951302,7.196341338674586,0.2556581920158505,0.5056265341295396,0.9754092755757181,451.7975651134833,0.5516214736090166,8.283960309588297,7.413099218592478,0.252188699733862,0.5021839301828186,0.9403424214052916,352.7341915361979,0.5638512275345077,6.7964927837575475,7.270406137812551,0.25376244249015045,0.5037483920472109,0.9533858525272397,472.1812339873057,0.5523508308603633,8.317285855982574,7.412960349952994,0.25195434007320344,0.5019505354845271,0.9376508612425435
58.jpg,Normal,184.72701733733496,0.56931169575205,5.649221043297682,7.188462999535213,0.2560636376262597,0.5060273091704238,0.9755984289034855,447.3607408059794,0.5526628079217497,8.246988943823068,7.4036945541764325,0.2526228824938258,0.5026160388346415,0.9409555693715751,351.2533367477959,0.5639337666146941,6.780061307485601,7.2597067024263655,0.25423901443061087,0.5042211959354851,0.9536030371184897,471.95464171782163,0.5528862404902772,8.308561931058833,7.402304022050308,0.25234199060741674,0.5023365312292316,0.9377095695691411
59.jpg,Normal,183.8298602617476,0.5695017713585404,5.609841303816293,7.180195678942819,0.25629638837318386,0.5062572353786007,0.9757373637142915,444.87020959631036,0.5528637976834095,8.22104694758384,7.39955392663027,0.25283564540620157,0.5028276498027944,0.9413337336538927,350.7725278253412,0.5644754524283935,6.779751712328997,7.257250546531073,0.25446738795628726,0.5044476067504804,0.9537054401871451,472.03286598932505,0.5534499553765029,8.281945917793045,7.396404089277096,0.2526084032106776,0.5026016347075262,0.9377517189443392
6.jpg,Normal,196.0406716303845,0.5540517005413194,5.8437461778377635,7.384361185438318,0.2392159011360433,0.48909702630055246,0.9752561421703034,479.3017489975848,0.5348569019216376,8.63722182436495,7.617714398540945,0.23563830736845093,0.4854259030670396,0.9395462795919682,376.58074318126046,0.5460020072171233,7.219067239481646,7.485443702330149,0.23740117190831148,0.4872383112074742,0.9524698232718798,501.32312606032514,0.5348540631770219,8.796197931227322,7.627221622353228,0.23541950818020832,0.4852004824608157,0.9367687512922362
60.jpg,Normal,182.12371575343013,0.5703645202585765,5.565404843444467,7.169917755413263,0.25656314476914444,0.5065206262030644,0.9759693055554952,441.59779565794406,0.5526180741024843,8.197303165965286,7.390684828851989,0.2531212584466372,0.5031115765380848,0.9417816860906439,349.4382491438324,0.564190068085779,6.766672272505128,7.249108047777033,0.2547868682934943,0.5047641709684774,0.9538944240938818,470.2131042696643,0.553935847206911,8.250673059616107,7.387131404528739,0.2529240221205276,0.5029155218528532,0.938009169479943
61.jpg,Normal,181.29674504648295,0.5704202742423748,5.557791095890616,7.167477839051666,0.2570188492837366,0.5069702646938344,0.9760550527144742,439.7704895431559,0.5536160666281771,8.17382745930045,7.387304227162987,0.2536247517964335,0.5036117073663335,0.9419658428138022,350.44937163649604,0.5641238568925978,6.776220034246771,7.2482624521655,0.25520208332342575,0.5051752995975018,0.953715915009359,471.9719746783982,0.553365286571249,8.260890544996412,7.384650300480172,0.25336541444909655,0.503354164032738,0.9377163852117112
62.jpg,Normal,180.18374663650306,0.5699074517396988,5.547585922211598,7.163281873522053,0.25749121027443517,0.5074359174067551,0.9761383254892669,440.0832181249249,0.5527826980850098,8.18206884930746,7.387204863935371,0.2540193721588876,0.504003345384619,0.9417689830803235,352.6358702299405,0.5641696188030424,6.805688906556049,7.2515470685121395,0.25566186614603814,0.5056301673615194,0.9533026642271939,473.75003159454354,0.5528130463265016,8.285323662210294,7.386446338265362,0.253721918218703,0.5037081677109306,0.9373142511022703
63.jpg,Normal,180.2541432240758,0.5702149088265938,5.540430834148997,7.157889961678354,0.25794360913246805,0.5078814912284834,0.9760997182153384,442.92911715257344,0.552632949805489,8.219499772136372,7.384091500891218,0.2544798939037679,0.5044600022833999,0.9413205909371274,354.3689304060617,0.5639797930081003,6.83006665851297,7.249177541366858,0.2561538512773005,0.5061164404337213,0.9530157470653894,473.86067761688383,0.5533306361859398,8.277312050735123,7.380872834987775,0.2542440494338034,0.5042261887623484,0.9372227666597224
64.jpg,Normal,180.0488778131189,0.5712076493154941,5.5170239114483515,7.147131854151525,0.25813045821875286,0.5080654074218721,0.9761712105265682,444.1688719022876,0.5529659931135851,8.233087342649686,7.377813995325794,0.25466101819986714,0.5046394933017699,0.9412655620023322,354.9056537426596,0.5640445051114846,6.833002079256631,7.241455128707135,0.25632455590110104,0.5062850539973515,0.9530318344761601,472.92197104023813,0.5536373010561434,8.261196916372196,7.372604893299594,0.2544480073120795,0.5044283966154953,0.9374634110066405
65.jpg,Normal,178.9029056078825,0.572358811442824,5.487383041830035,7.134992438363962,0.2585095219940537,0.5084383168035762,0.9763285387492623,442.42985052906107,0.5540578001868534,8.206773871117306,7.3674288194832505,0.255047344240566,0.5050221225259008,0.9415096901071162,355.09432332436137,0.5641381335161929,6.836610200587366,7.23416491574834,0.2566799800023676,0.5066359442463272,0.9530180914034072,472.2020097962169,0.554547643326008,8.25645198969069,7.36456917694972,0.2547956500448573,0.5047728697591198,0.937573737730408
66.jpg,Normal,177.70682103107117,0.573999104329449,5.455659093689043,7.117061441149701,0.25901105727216317,0.5089312893428377,0.9765131284219484,442.5846791334239,0.5556896828400124,8.183003282003414,7.351578439451023,0.255420494343035,0.5053914268594542,0.9415550461124258,356.36472220523086,0.5662518593857551,6.838876742906278,7.221157305715885,0.25711451318891265,0.5070646045514443,0.9529028870868714,472.98995484851366,0.5553775327247221,8.272233945182581,7.351086327007857,0.2552095305284196,0.5051826704553707,0.9375399163058912
67.jpg,Normal,178.07059151786154,0.5755003444224683,5.440217557485547,7.0993461149811745,0.25947828277263035,0.5093901086325002,0.9765187087462334,446.3526947277232,0.557159594675923,8.189636222287817,7.334476676379498,0.2559562358860006,0.5059211755659182,0.9411923016382443,358.9983985139419,0.5670188293391706,6.856267581947423,7.206650188724549,0.2576283467792222,0.5075710263393904,0.9526629952510766,474.5926064927687,0.5575947245119502,8.256019240122459,7.33569555955222,0.25567569499744935,0.5056438420444269,0.9374716470248611
68.jpg,Normal,176.56136863992563,0.577231496420288,5.39794826320964,7.077415016279302,0.2604371127541896,0.5103303956792987,0.9766863467204703,443.1776034865003,0.5582314529189447,8.156475350508105,7.314171590075107,0.2567580592223412,0.5067129949215248,0.9415322087415492,357.64223413037934,0.5685479363266989,6.839281892123563,7.188459646519558,0.2585265474404895,0.5084550594108485,0.952778241637341,472.5950000191491,0.5583445836343611,8.236200841755425,7.3168736147199605,0.2564640413359646,0.5064227891159369,0.93765121343333
69.jpg,Normal,175.98643514555448,0.5774344407482322,5.383756574119607,7.071970359928482,0.26105352650220187,0.5109339746994731,0.9766273694398666,439.2151454689551,0.5591743675008464,8.107704857135278,7.307580822431604,0.2574645999459136,0.507409696345974,0.9417186642112129,354.88283161081,0.5689920179074117,6.797123440558032,7.18087112108133,0.2592420169721154,0.5091581453459381,0.9528706574830154,469.62117945319625,0.5587706142085384,8.197839315872816,7.308803951791191,0.25715129789325375,0.507100875460942,0.9376839575420044
7.jpg,Normal,196.21860857999746,0.553238139938986,5.858889585372009,7.386760119904389,0.2396705127934303,0.48956155158818415,0.9752298748821357,477.6374707511009,0.5357574357407789,8.616028584449435,7.616236637571403,0.23602229412006415,0.48582125737771514,0.9397472202080948,375.54630549779677,0.5468281787799218,7.205919000734056,7.484628126515671,0.2377933397584072,0.4876405846096151,0.9525931178161232,500.7937929159199,0.5348307539661746,8.804699736903562,7.629348071160097,0.23575066208735046,0.4855416172557719,0.9368261077208507
70.jpg,Normal,177.26753225905713,0.5761807492547839,5.409472082925878,7.091057665052536,0.26158315966749024,0.5114520111090485,0.9760910083008465,437.761141386553,0.5578860908477394,8.101083405777494,7.323636014491568,0.25780847915154975,0.5077484408164635,0.9410077964793002,353.9407794153598,0.5678337612943154,6.787923495597138,7.195576394161392,0.2596440865693823,0.5095528300082164,0.9522647094277131,470.6325688090896,0.55732991490453,8.212349830155453,7.326899424790065,0.2575803343639068,0.5075237278826545,0.9365780795556188
71.jpg,Normal,176.91035500245212,0.575587850645157,5.41105828033295,7.089690025118104,0.26203338578384294,0.5118919669069275,0.9757215757217492,436.3837607852202,0.5568626842819152,8.07733579451675,7.320644862854133,0.2583055768605735,0.5082377168811594,0.9401639872005916,352.93509968199174,0.5670163417855361,6.775142184442552,7.191657266341219,0.26012243505015775,0.5100219946729334,0.951567366491179,469.982873840089,0.5573135599968381,8.206103683732898,7.325329224899364,0.2580704184368645,0.5080063173198386,0.9355569483062512
72.jpg,Normal,176.38189135885935,0.5747874539874429,5.418637628424934,7.090006741157344,0.2627099248588232,0.5125523630409123,0.9754586671135124,436.02917421424667,0.5564054574517574,8.089062158922586,7.31951977721903,0.25894033447050663,0.5088618029195222,0.9393838208671267,351.69569089407906,0.5667972509073875,6.779212787426916,7.1904907764533155,0.26079661861849956,0.5106825027534226,0.9510688051623913,467.64791035573353,0.5565000571686121,8.220089537034628,7.3243193456637865,0.2587947443499027,0.508718728129703,0.9349882274361166
73.jpg,Normal,174.65308907167696,0.5744921471293227,5.390712909736028,7.089088843566612,0.2629840402892309,0.5128196956916056,0.9754114694818536,434.11040092523774,0.5561940551934346,8.079189341339985,7.321796958536457,0.25923422611058156,0.5091504945598909,0.938935755525807,349.37915469055736,0.5659027320139811,6.763006818738024,7.190359404251497,0.2610952592064382,0.5109748126927962,0.9508155267230012,463.0686999513591,0.5558130764964316,8.180559970282095,7.322214308116304,0.2590430533173768,0.50896272291532,0.9348623293938443
74.jpg,Normal,175.27129708904556,0.5748392604001717,5.419451749021779,7.090216750528968,0.2637077628704259,0.5135248415319612,0.9751348742099006,434.2048552203736,0.5566679672199718,8.08267431573876,7.318689910824486,0.26000659813432425,0.5099084213212449,0.9384531791894967,347.95365245841396,0.566870939186236,6.7229314456950595,7.182167102505747,0.26184973653435917,0.5117125526448997,0.9506398302658104,461.8867115245351,0.5564560031499184,8.154150757694834,7.318671652820282,0.2598655819635054,0.5097701265899223,0.9345293855488498
75.jpg,Normal,174.80976333170838,0.5748494824346293,5.4124036815071195,7.088870898949062,0.26397866550590404,0.5137885416257393,0.9751264525173794,432.0706760467338,0.5567934591401582,8.061186193374077,7.317479815787262,0.2602260029762781,0.510123517372291,0.9385732830957276,346.3283810848824,0.5671194330371797,6.704176094667639,7.180934314882571,0.26212407073342336,0.511980537455696,0.9507238739458099,460.2745202415656,0.556429531379817,8.146365095109187,7.317305546158407,0.26001851819465654,0.509920109619788,0.9345635929014776
76.jpg,Normal,174.31456778987683,0.575361928668071,5.3931743823388505,7.083006488688541,0.26438370280415074,0.5141825578567896,0.9752126133487939,430.11744746687594,0.5568306862644159,8.053599672182695,7.313660653546573,0.2606049987018708,0.5104948566850315,0.9388898856678517,344.8538290423167,0.5672531961825839,6.697961258561962,7.177751196980576,0.2625151365957417,0.5123623098899271,0.9509645993105544,458.1450898242579,0.5573470369482942,8.120610751337564,7.312828464246937,0.26047148698479655,0.5103640729761417,0.9349077816192994
77.jpg,Normal,174.01309472847697,0.5767315003730603,5.372309197651931,7.073580022847796,0.265050196993715,0.5148302603710421,0.9754134184213025,431.2365455095485,0.5579510896737313,8.057804619314558,7.304464998803896,0.26135281675164157,0.5112267762467471,0.9391222818083773,344.6069976149709,0.5683091051782456,6.694815618884872,7.168403620786334,0.26316662067667657,0.512997680966178,0.9513123233960001,457.4352503245579,0.5587396108937477,8.102075283106359,7.30320159243338,0.2609930096349632,0.5108747494591636,0.9354238073044983
78.jpg,Normal,174.16617997798926,0.5778740756151661,5.376796416340772,7.069028024381191,0.26477658426374423,0.5145644607468963,0.9756163941487743,433.689396869648,0.5586205361609448,8.074949927428362,7.300105657135777,0.2610272250074321,0.5109082354077218,0.9393352125500576,346.525008408754,0.5694894637723311,6.691861087329049,7.163160589090323,0.2628959985690876,0.5127338476920434,0.9514881539102259,458.59000616571814,0.5597561294388707,8.097529497819062,7.297078685091645,0.2607847596171456,0.5106708916877343,0.9358520972578145
79.jpg,Normal,175.38094346257773,0.5787752915161226,5.38343551247574,7.060677213796375,0.26546623247552087,0.5152341530561817,0.9757049830588252,437.24135554014396,0.5597005198971433,8.090494445104047,7.293121340556599,0.2616388432091052,0.511506444934084,0.9394831736298249,349.20589606775883,0.5702363128525751,6.719617630871161,7.156505158329641,0.2635560633047435,0.513377116070383,0.9516277982450698,461.5073471685486,0.5605367811443017,8.111297061515662,7.288951465390795,0.26134603752480495,0.5112201458518678,0.9361246148305062
8.jpg,Normal,196.81777458415402,0.5534157954327205,5.859489664873,7.380620688364877,0.23991249336460357,0.4898086293284384,0.9751118290677313,476.52476055161185,0.5365515535284483,8.581906472478288,7.607126538826861,0.23632716516235264,0.48613492485353554,0.9397852003373286,373.77631176614346,0.5463608056328512,7.170865949119636,7.473887861999988,0.23799781014538363,0.4878501923186908,0.9527359303617224,499.9464845799402,0.5354545067504556,8.767230517652722,7.619150144946029,0.23599938475051735,0.4857976788237232,0.9368255757031595
80.jpg,Normal,175.60793404477167,0.5809358941902458,5.3810504831215695,7.0429185241435075,0.2657939810628807,0.5155521128488183,0.9760179332691118,436.6066497907049,0.5621897834285362,8.069419924096586,7.2734042706648,0.26211678717800957,0.5119734242888098,0.9404273080407042,348.2454974926539,0.5722612450518304,6.700319532779107,7.138535962653395,0.2638756817036062,0.5136883118230414,0.9524438582335694,461.1458557526916,0.5623695459045925,8.099107310404078,7.2702529734442995,0.2616552540987769,0.5115224864058049,0.9370790618369347
81.jpg,Normal,176.14220355308677,0.5830280674726631,5.362321887231155,7.007471693546683,0.2665899417279729,0.5163234855475518,0.976175427961181,435.82701123233306,0.5637570942176172,8.046664190164792,7.238790049121906,0.26281347418574896,0.5126533665019172,0.94110411499597,347.7375244618362,0.5743493102935571,6.677333047945455,7.1029618807162125,0.2647226577011314,0.5145120578772974,0.9529681105036254,461.1692165700895,0.5641462490642807,8.077883433350932,7.234763056375339,0.26252636914959765,0.5123732713067668,0.9376794727116317
82.jpg,Normal,176.63493380015032,0.5830348440913692,5.364194746820166,7.003449583447812,0.2677034324460064,0.5174006498314497,0.9760453162415583,436.8486487107412,0.5639397587403508,8.060278568173455,7.238872510859876,0.263851140041463,0.5136644235699636,0.9408092949113298,348.8024515349798,0.5745839648040231,6.709657075587314,7.104428931744434,0.265786606878972,0.5155449610644759,0.9526987052428448,463.4175650368907,0.56468695720176,8.110339650966493,7.235015035507801,0.26365504571051707,0.513473510232531,0.9372093458318735
83.jpg,Normal,177.51674489359723,0.5820390986351988,5.383725996820225,7.020852218478965,0.2682347526646291,0.5179138467589268,0.975843346799142,439.2237162081869,0.5630934720112873,8.117998935359598,7.256702223764118,0.26450193508199016,0.5142975161149334,0.9402838157057732,349.77668251589535,0.5728059584118828,6.758626620597114,7.123308876316918,0.266436668313517,0.5161750365074981,0.9524043022198577,463.4636586103698,0.5638033969006653,8.131663098716748,7.250088827054339,0.26417673902343125,0.5139812632999682,0.9369881902321192
84.jpg,Normal,178.09268743885022,0.5813204222942905,5.389455418297756,7.027899999017306,0.2687353460760894,0.5183969001412811,0.9756550457810118,441.6560828121722,0.5622811371715767,8.14267714967404,7.266431381476273,0.26496804240433564,0.5147504661526162,0.9396807916939907,350.97894752935383,0.5725610524467943,6.785851883561932,7.134219603825856,0.26689543791948483,0.5166192388205116,0.9520239939778669,463.9597581197921,0.563112083337283,8.149976447700551,7.25983828965207,0.2647056000550825,0.5144954810832477,0.9366346657846553
85.jpg,Normal,178.52424779844122,0.5817347938042613,5.382919520548198,7.021761187298738,0.2693183785751615,0.5189589372726531,0.9755199119974629,442.7398945316483,0.5625479544968702,8.124402097112068,7.259102468703383,0.2655096292184582,0.5152762649477057,0.9393442961857755,352.32066413893807,0.5730126422128281,6.7820067881607295,7.128385944327346,0.2674967933859448,0.5172009216793264,0.9516903451604162,465.9402346038726,0.5632332689041903,8.163249987553684,7.255933673000661,0.2652305473854288,0.5150053857829341,0.9361658318702881
86.jpg,Normal,178.6423411509336,0.5834567902839843,5.361763851516848,7.01047748473794,0.27011003115574717,0.5197211090149669,0.9754736245753247,443.7188506477717,0.5640070653047626,8.109014594766482,7.249296816063271,0.2662615881042989,0.5160054148013361,0.9391357715854699,354.2710410041594,0.5732432311024063,6.7910844239240165,7.122447853579245,0.2681633839651953,0.51784494200986,0.9513632801236415,468.6812780281878,0.5639346771625467,8.182842437031223,7.249896776604265,0.265945783902204,0.5156993153982309,0.9357117140327149
87.jpg,Normal,179.78180421355668,0.5839153478645303,5.353286295254613,7.000780352096031,0.2705853465240823,0.5201781872820911,0.9752958885162202,446.7960753826654,0.5642317646240064,8.115892632151507,7.2422845528413,0.2668243029509219,0.5165503876205321,0.9386610285151645,355.75640976638755,0.5737849206756096,6.80326947773997,7.1168605310472275,0.26871796778027957,0.5183801382964818,0.9511172249350021,470.5251664936908,0.5641823698009719,8.190869367075079,7.243203356374048,0.2664645777154181,0.5162020706229471,0.9354033498487191
88.jpg,Normal,179.59315756482894,0.5846493981576465,5.367458873532497,6.9959441217423155,0.2716552503803504,0.5212055740112057,0.975287237579791,447.92560537068,0.5647896351691257,8.135446785206938,7.237658909579387,0.2677149489921535,0.5174117789460861,0.9384199741452575,356.9240727433949,0.5741797710400925,6.826362983121574,7.112301233474752,0.2696659952429283,0.5192937465856182,0.9508880621129261,471.61931824708535,0.5655018390052641,8.21629053197573,7.240117443537513,0.26737458952544535,0.517082768544307,0.9351626040953506
89.jpg,Normal,181.3250558035779,0.585024096734559,5.373237983121587,6.99142996458274,0.2720232009268022,0.5215584348151242,0.9750604042119754,449.5482017915005,0.5654045744916224,8.139935125861344,7.231089907843006,0.2680886639617451,0.5177727918322332,0.9382254695842568,358.7629303754871,0.5748710603412988,6.837516053082395,7.107444291946771,0.2700046426512385,0.5196197096446963,0.9506576938263823,475.8389329084892,0.565503713072542,8.255230333830045,7.235269667199757,0.2678195013876095,0.5175128031146761,0.9346127367058592
9.jpg,Normal,197.30302103718688,0.5540590179447571,5.864703094422918,7.378320301680153,0.23998204462603967,0.4898796225870593,0.975022912581074,473.03075202683283,0.5366430622095181,8.55167144733673,7.601515235386986,0.23637425110161647,0.48618335132089463,0.94016079479197,370.579688264434,0.5477300511639197,7.115899431262501,7.465801997399346,0.23809401703510671,0.48794878525835755,0.9530884291380385,498.5581741797799,0.5351658518282382,8.751762592820938,7.613463757543052,0.23611685064061952,0.48591856379502474,0.9369315319034575
90.jpg,Normal,181.45093872309658,0.5850819881731103,5.3795407289630415,6.994521033096885,0.2720257208642043,0.5215608505862037,0.9750053234124484,449.895891176881,0.5652969995573346,8.153227813925481,7.234029828289529,0.2681174518286166,0.5178005907959324,0.9380840783804663,359.55799367049616,0.5747462766135513,6.858629678327065,7.113822737430346,0.2700262597925631,0.5196405101534743,0.9504734641878714,477.7679734682306,0.5656922799703163,8.280065563474523,7.24024230736838,0.26790702828599844,0.5175973611659921,0.9342482450324104
91.jpg,Normal,180.4225629892421,0.584637165534807,5.380083476027673,6.995483653303702,0.27200324953169763,0.5215393077532101,0.9751208035918,450.2385752199115,0.5655107070118054,8.162901490113905,7.236795436589235,0.26807058205387574,0.51775533029982,0.9379716890989146,361.43147244985124,0.575088314919443,6.880538313356416,7.115805559023973,0.2700067059939753,0.5196216950763077,0.9501630273387581,479.5836527893182,0.5656785736774663,8.302721726709185,7.244094603484274,0.2678405462116609,0.5175331353755631,0.933928886693539
92.jpg,Normal,181.15654430651233,0.5845277246659798,5.4014684748045365,6.999335371549994,0.2722135162363533,0.5217408516077242,0.9750008501151941,450.2037944094815,0.565702531174657,8.157685517442147,7.238701199168513,0.2682223077402471,0.5179018321460613,0.937930107058339,361.8849605552827,0.5750476345794271,6.889554794520767,7.118977549174942,0.2701378766737317,0.5197478972287735,0.9500630474575402,481.5652168917821,0.5651440116945151,8.331275538926437,7.249640715288489,0.2679836161581036,0.5176713399040975,0.9336062871346709
93.jpg,Normal,182.3129815924696,0.5845358309465488,5.441398605675348,7.002081501655058,0.2725262738527781,0.5220404906257542,0.9748298465307662,449.9047223317836,0.565874896381881,8.167925980675717,7.237777378385979,0.2685287412931573,0.5181975890460677,0.9379434731947388,362.2897466670699,0.5747421305257338,6.906284399462177,7.116943507613004,0.2704499875091919,0.5200480626915093,0.9499845608715688,483.97225424228236,0.5650818581963994,8.376825303212,7.249509123329577,0.26829492551234596,0.5179719350624568,0.9332444500410518
94.jpg,Normal,183.7703109711399,0.5843589541782798,5.459767918297648,6.993137787855311,0.27342840240856664,0.5229038175501941,0.9746110965605821,449.8787267205541,0.5662160439063413,8.176619268461828,7.225223298006159,0.2694260404395771,0.5190626556010142,0.937904408497522,362.25832849192636,0.5755993920803995,6.903838215509141,7.104306307876215,0.27136089695694443,0.5209231200061526,0.949954296245129,485.67295238605095,0.5657438741168513,8.38152044454495,7.2373956384364915,0.2691599530070773,0.5188062769541992,0.9329638245511095
95.jpg,Normal,185.80829944350145,0.5850556669463061,5.482429519325024,6.993310333203759,0.27388406062747517,0.5233393360215485,0.9742827041780359,449.975892402363,0.5664093984143481,8.204629271487226,7.224616348254321,0.269876799662822,0.5194966791643831,0.9377779866085272,362.1134188478484,0.5758648711684218,6.919367661448351,7.103839485519854,0.2718597549449147,0.5214017212715304,0.9498830641772632,488.37061362356445,0.5660746637597077,8.399634652134536,7.23390826800385,0.2696780138716469,0.5193053185474292,0.9324688202769067
96.jpg,Normal,185.459878761013,0.5848766050134789,5.480319685665594,6.988663618914303,0.2739030989428111,0.523357524970083,0.9742460919326753,448.88961822296216,0.5661779415430119,8.20968822882891,7.2201290838805114,0.2699566561891987,0.5195735329952813,0.9377231255320242,361.02763041217924,0.5757130708689497,6.9155569655090945,7.0983939161174,0.2718361577901633,0.5213790922065856,0.9498683463970569,486.90713500637037,0.5659711731623355,8.393342550005595,7.229318589666613,0.269645399237143,0.5192739154214691,0.9324487506652722
97.jpg,Normal,184.20176431018214,0.5846050679762917,5.474697284736039,6.991471832319526,0.2739441142465324,0.5233967082878268,0.9743358716015489,447.0482496620262,0.5659070928651627,8.19334331593409,7.221973063640603,0.2700019498431211,0.5196171185046939,0.9377727111346046,359.8767964163393,0.5755825198286896,6.896564640411228,7.099580556008622,0.27188154407712306,0.5214226156172391,0.9498623499643516,483.6866433569052,0.5655796804922797,8.36759969516053,7.231848792692216,0.269666817879586,0.5192945386575772,0.9326727965063005
98.jpg,Normal,184.23583888821528,0.5842136870923631,5.472499541340761,6.9933002886924935,0.2739917770131542,0.5234422384687294,0.9742242267516157,445.1742065938713,0.5663558654916405,8.17051864844281,7.223060057213139,0.2700425009377603,0.5196561372078273,0.9377756288003127,357.5329049963297,0.5759925632306746,6.871143438111826,7.099164751130758,0.27198172145369354,0.5215186683654705,0.9499814177543531,481.4370962120968,0.5661742598865814,8.338678237292315,7.231283489388177,0.2696794160078029,0.5193066685570318,0.9327069714725799
99.jpg,Normal,184.83922838185663,0.5843420858284543,5.488919551125545,6.992127224715636,0.2743191794201043,0.5237548848651479,0.974069956980415,444.55414922582884,0.5664136732596384,8.188793701004595,7.220546861772679,0.2703884231027296,0.5199888682488594,0.9376946746336432,356.21860857998723,0.5757812688417301,6.878199149951336,7.096476251010672,0.2722285294566778,0.5217552390313659,0.9500306670614014,479.7603256727696,0.566314394873358,8.328062469123589,7.226141403857383,0.2700206456837463,0.5196351082093533,0.9327604449515043
1.jpg,kidneyStone,143.73222694472062,0.7467986394766151,3.529063723092199,4.4209446725768355,0.49563688211102935,0.704014830888547,0.9626753151538102,424.3605837906473,0.7308946520102017,5.76715009516672,4.601349667523521,0.4857561593124596,0.6969620931675263,0.8899760233661648,367.3452865092931,0.7387625176508414,5.010518590998285,4.511751070313964,0.4905776571777259,0.7004124907350853,0.9046070088793239,434.2111434928497,0.7309785042009714,5.7600039828279375,4.596045634010454,0.48614557160439675,0.6972414012409165,0.8874220685647433
10.jpg,kidneyStone,150.5451015166386,0.7480514561533369,3.6225385273974915,4.380628940268947,0.5009446767007996,0.707774453269401,0.9607191978436933,432.2712765346256,0.7334286584445211,5.849908663033669,4.5530018736377595,0.49125373530394856,0.7008949531163343,0.8873897624625493,374.69369954745326,0.7416045985423421,5.083315496575532,4.462814250982522,0.4966329909882835,0.7047219245832241,0.9022334906093883,447.91706526858013,0.7327682856578628,5.905446134167691,4.555336675847086,0.490887685367881,0.7006337740702206,0.8833139052834225
100.jpg,kidneyStone,82.36050253791495,0.7897311743646639,2.4046943798925153,3.7477022468987027,0.5526601584364128,0.7434111637824743,0.964796396952511,240.20139705346935,0.7722746336352813,4.055043447290747,3.914581513224,0.5427669668188942,0.7367271997278872,0.8974908201052233,202.66126467710976,0.7798683959570976,3.529445939334818,3.841139118812884,0.5471843367244299,0.7397190931187527,0.9133758594977897,245.94778282864684,0.7730388645691443,4.029698875234157,3.9108515121395797,0.5424151906197645,0.7364884185238519,0.8950384726151729
11.jpg,kidneyStone,150.27987402153065,0.7476976736314671,3.6381558830726113,4.38633947884604,0.5008723759884186,0.7077233753299509,0.9604862074350512,431.6004993853333,0.7328484945964651,5.867862025650965,4.554799869694281,0.4915893693121225,0.701134344695881,0.8866978765747227,374.38567147749313,0.7408506834481436,5.100645181017837,4.465021124968393,0.49687862770605373,0.7048961822183843,0.9015610183441386,447.04951344394914,0.7321447233266907,5.925559414983914,4.55790594437907,0.49088154514560545,0.7006293921508042,0.8826422600956902
12.jpg,kidneyStone,150.12614664873263,0.7472518617956033,3.6494924168300003,4.385405679998308,0.5010764486181816,0.7078675360674351,0.9601255461501919,433.28456922268896,0.7321006461804803,5.883969500729633,4.554872457132118,0.4915285936350635,0.7010910023920315,0.8850999188385101,375.37130779109225,0.7412491946100097,5.098451259784952,4.4625192116115775,0.4971566856983504,0.7050933879269826,0.9002990070471831,447.1137748400085,0.7323486686977632,5.933027217267137,4.554909126337531,0.49149538281384153,0.7010673168917815,0.8814326365009916
13.jpg,kidneyStone,150.44627568493655,0.7473658722379023,3.6540255014679466,4.384641150764666,0.5012848449566831,0.7080147208615674,0.9595984869720453,434.7298532098062,0.7322899761223018,5.896484771427853,4.5537136721171665,0.49190773404965454,0.7013613434240973,0.8834412994315488,375.6748104207391,0.7410852095946215,5.1027932363015385,4.459250682967526,0.4977737862484812,0.705530854214386,0.8991146129846691,446.6429050133723,0.7321473647914232,5.927060634724924,4.553929086365399,0.4916880908459356,0.7012047424582464,0.8802472012398126
14.jpg,kidneyStone,151.40527917074746,0.7473928387134889,3.673189823874983,4.379261493025473,0.5019983806537115,0.7085184405883248,0.959010833811422,437.2024999904165,0.7322682158028173,5.917371639967751,4.550794474977308,0.4919408240363752,0.7013849328552583,0.8818266720089633,376.57434105919515,0.741434005501324,5.10733396526437,4.454236666521731,0.4980016670881362,0.7056923317481466,0.8980519811952912,447.594747262753,0.7325769641829929,5.937668743609349,4.547240301171629,0.4922464684472405,0.7016027853759138,0.8790177071802924
15.jpg,kidneyStone,143.3772856531346,0.6704146865683325,4.1177761130138775,5.672945368944675,0.37518880813601013,0.6125265774935894,0.970459257258746,360.8448305574712,0.6530795355799119,6.323547320973797,5.875657783311165,0.37112290450828694,0.6091985755960752,0.9257399255047272,304.28150608488465,0.6610409147114626,5.425425788894532,5.777898349039692,0.37279111083457117,0.6105662214981854,0.9372997651187198,395.4580328659806,0.6527962381383966,6.454658951214198,5.878799073352288,0.37070297171140365,0.6088538180149679,0.9186167003279155
16.jpg,kidneyStone,144.29215462940792,0.6705599193569354,4.125791187622484,5.6761877588662815,0.3754892173681453,0.6127717498123957,0.9701947406009266,364.298673794898,0.6522571305967879,6.377028274248434,5.884337478858491,0.3711952470845694,0.6092579479043088,0.9248377495344643,307.39133210004985,0.6604175403560048,5.489821581458082,5.787561161068107,0.37295105763546926,0.6106971898047913,0.9364973740715236,398.0874307313357,0.6527391743657331,6.508224156617061,5.8872856193932455,0.37092376934718324,0.6090351133942797,0.9178664394681479
17.jpg,kidneyStone,145.14403436888875,0.6701417904684944,4.127086900685112,5.682779906100627,0.3752241272224119,0.6125554074713665,0.9699495660295809,365.57326297003215,0.65192749465043,6.367063545252969,5.8909111878033675,0.37096826629866875,0.609071642993391,0.9244003567545855,308.42481042074445,0.6595708519504905,5.505312805773155,5.796947013892861,0.37273333583537854,0.6105189070253095,0.9361368422835143,399.65996606936295,0.6523785792698097,6.528490623121146,5.897200493014802,0.3707857206537221,0.6089217689110171,0.9173513111739827
18.jpg,kidneyStone,144.83446596747052,0.6702886432770169,4.120103809931674,5.686867551434875,0.37533918660925025,0.612649317806892,0.9699288391284827,365.71646095104194,0.6524073137297405,6.355612915085386,5.893649425181751,0.371158567995333,0.6092278457156509,0.9241565766695167,308.75569119985437,0.6598806460313659,5.496533298679246,5.800390279644628,0.3728441950611406,0.610609691260416,0.9358874542896732,399.6993884061322,0.6521629539297069,6.514941349029788,5.900323923794446,0.370705425073872,0.6088558327501445,0.9171090909034056
19.jpg,kidneyStone,145.57513224682427,0.669947594830991,4.124132369129364,5.692181215179279,0.3754144519328092,0.6127107408335594,0.9696686300410089,367.43996461409586,0.6520109685489123,6.391492832824678,5.903729025547746,0.37123328214824813,0.6092891613579288,0.9235300970336303,309.80798984833723,0.6594990856154231,5.527488992172423,5.810046817098792,0.37295195951018983,0.6106979282019793,0.9354418201227899,401.19302928526605,0.6509278097902942,6.547282677379589,5.909276924043391,0.37086465894652826,0.608986583552157,0.9165055656032228
2.jpg,kidneyStone,144.3834622676161,0.7467978287877434,3.5315939946186345,4.415952208396339,0.49588892611365554,0.7041938128907804,0.9624924070046769,425.6387038958859,0.730695930612725,5.75859467449967,4.597536893032324,0.4860007616941512,0.6971375486187437,0.8896040412835367,368.61584974314894,0.738920718671564,5.0025608488260085,4.509375849373435,0.4908649864543919,0.700617575039616,0.9042418498167835,436.93349060396275,0.7311834765085621,5.770366994611706,4.591947202526928,0.4865442084485936,0.6975272098266803,0.8866745642511997
20.jpg,kidneyStone,145.56461365582632,0.6692341147365025,4.132823966487465,5.696117455109659,0.37535494738291086,0.6126621804737998,0.9695433084294339,365.0883766529591,0.6511475768089002,6.3854841242183085,5.906028610187764,0.3711431287973856,0.6092151744641507,0.9236993639677622,308.8100652825361,0.65855130252822,5.541864145058905,5.814714321777222,0.37287534774039266,0.6106352002140006,0.9353788726326727,402.1463536061742,0.6506294185303478,6.581010336204291,5.914777940778833,0.370862161372925,0.6089845329504888,0.9159545345170994
21.jpg,kidneyStone,146.0364022749541,0.669690201253208,4.140242783757491,5.69181263529851,0.3760747182789401,0.6132493116824023,0.9693775794175242,364.2608790560611,0.6515532446830807,6.380463463298661,5.900246087752104,0.3718044879898182,0.6097577289299564,0.9237059376135212,307.9349123960348,0.6587001812589567,5.531047425391605,5.810605292964988,0.3734483002487985,0.6111041648105489,0.9354210362180011,401.82611509605823,0.6510518125331672,6.5859314264268844,5.910881589330103,0.3714536006259403,0.609469934144368,0.9158379379825349
22.jpg,kidneyStone,146.28963200220602,0.6695868659660165,4.146018071184134,5.688153307501057,0.3762196275356552,0.6133674490349608,0.9692598682432647,363.87604214137303,0.6517073414391565,6.382451047598659,5.896647350973892,0.3719445907888984,0.6098726020972728,0.9236267633550215,308.63476562500193,0.6588216591370221,5.551014401908209,5.808904215382142,0.3736207845173135,0.6112452736155213,0.9351384344927353,403.7057685900304,0.650761640019677,6.615637960945385,5.910075325161322,0.37158858559538543,0.6095806637315405,0.9152669793316799
23.jpg,kidneyStone,146.94377981287153,0.669344293904595,4.15200357754422,5.692136127064093,0.3763872131684458,0.6135040449487239,0.9690629419595747,364.63377131673764,0.6516796509053715,6.401656703214286,5.903421441023656,0.37209346752247857,0.6099946454867277,0.9233201585158275,308.62444960861035,0.6586998186404792,5.563753669276092,5.815458723581518,0.373745475524981,0.6113472626298256,0.9350155078182669,404.77526127733,0.6503115499142866,6.631098226492754,5.915359684286739,0.3715924470044749,0.6095838309900247,0.9148786938758311
24.jpg,kidneyStone,148.9725148299941,0.6696897967580099,4.180165270303495,5.690843628264901,0.37667276835910607,0.6137367256072477,0.9686229559687147,367.46511770404453,0.6516687892630124,6.413873261821181,5.898631052221504,0.3723451638814446,0.6102009209116654,0.9226928150550553,310.72968138453865,0.6588971149568739,5.572598153131295,5.810572754715655,0.3740817856878042,0.6116222573515488,0.9345451170027391,408.84226469720244,0.6508005929573768,6.657614669061499,5.912228836676803,0.37189595453393354,0.6098327266832549,0.9139879051167253
25.jpg,kidneyStone,149.30410270915343,0.6695062111522238,4.193802745841704,5.68696529776858,0.37724334105891594,0.614201384774502,0.9685649046999344,368.93629390204916,0.6527432696612386,6.386073889116592,5.888524679516547,0.3730310648382927,0.6107626910988364,0.9224120179335236,311.7105896832177,0.6593148336826329,5.563703981164608,5.802157097750225,0.37469357787298563,0.6121221919461715,0.9343626410545253,409.82907540947906,0.6507992838022046,6.677256903887523,5.9076720577522535,0.37260888736372844,0.6104169782728266,0.9138121906715058
26.jpg,kidneyStone,148.61317805161778,0.6693975318217332,4.187328002690986,5.693504571534827,0.376696432744137,0.6137560042428399,0.9686664266273927,367.60206570899146,0.6524013477068007,6.364853841705573,5.892760990689089,0.37256496556034585,0.6103810003271284,0.9225836624156502,311.24763025929525,0.6593715303452304,5.548992477984566,5.807138393839436,0.3742462909555901,0.611756725304749,0.9343677166178195,409.63618016168385,0.6502724952610138,6.6841694080523,5.915186511515988,0.3721146921243021,0.6100120426059653,0.9137313530896563
27.jpg,kidneyStone,148.29934411693222,0.6695485468846121,4.200051981409174,5.692530876367493,0.37739885763007774,0.6143279723649883,0.9687045165944926,367.32017723583266,0.6528434642839464,6.356041835011408,5.889311551644998,0.3731623292670943,0.6108701410832701,0.9225734573684781,311.6259326076336,0.659577473232897,5.538397443737981,5.802697000294905,0.37474534992585784,0.6121644794708836,0.9342291155056408,410.11429950099085,0.6506624566934981,6.682664358669032,5.912671318729702,0.3727026068938996,0.610493740257752,0.9135529865713738
28.jpg,kidneyStone,126.96183570817071,0.630596654871712,4.415663986056933,6.132130843070315,0.3255654627270868,0.570583440635186,0.977590221905574,336.5172314750587,0.6119822479921455,6.469828163954653,6.330582103908927,0.31748162828143484,0.5634550809793402,0.940677425373067,274.3320732937924,0.6264013312391599,5.318542838796642,6.183444730271903,0.32382199924968336,0.5690535996280872,0.951590760399575,356.60136105482985,0.6093553064818573,6.685842961692115,6.352972818623077,0.3159113821440773,0.5620599453297462,0.9371369164053989
29.jpg,kidneyStone,127.4233694655093,0.6292365226262049,4.425861515411078,6.141342590675907,0.3250105300143396,0.570096947908283,0.9774724788425452,338.418855626312,0.6107164371588273,6.493449397022899,6.339361551075656,0.31721168462432026,0.5632154868470152,0.940245961514315,275.6094705540659,0.6258157274321173,5.31668526785732,6.189312400612025,0.3238504099650798,0.5690785622083121,0.9512866518363724,357.4569950329477,0.6092886589284654,6.676996488218152,6.361955015912014,0.31546080395257,0.5616589747814682,0.9368844298032759
3.jpg,kidneyStone,145.33621269569812,0.7471114406404556,3.528490398728203,4.4063164261295364,0.4967573999195033,0.7048101871564452,0.9622718870226422,426.73822480764863,0.7314178598071828,5.750215417373632,4.588064297767359,0.48687758648613455,0.6977661402548382,0.8893980062225727,370.2459408635029,0.7399339882000577,5.0026449363994505,4.498894937885262,0.4920169761763662,0.7014392177347701,0.9038871288358189,439.77484001669,0.7321962471926741,5.774449393193308,4.581996773669545,0.48768759922986343,0.6983463318654028,0.8860191768831612
30.jpg,kidneyStone,128.266798403866,0.6288873003429895,4.445056415117564,6.156255668703083,0.32485522101410075,0.5699607188342901,0.9772943895101207,341.4016605328524,0.6101289525238612,6.5403280471506,6.3573869888431105,0.3171568222693833,0.5631667801543192,0.9396422129882713,276.6310313723157,0.6255129311666932,5.336686643835759,6.205299076282201,0.32375997768417347,0.5689991016549794,0.9510437959764925,358.3021779175117,0.6086844190072044,6.6889258236602815,6.376154258698477,0.31544032467763367,0.5616407434273565,0.936654301836637
31.jpg,kidneyStone,128.74989297945388,0.628888411147064,4.455410653131264,6.166396226590603,0.3247909358759084,0.5699043216855865,0.9771909065862185,344.4449891046597,0.6103704941632918,6.567338513562731,6.370044844018318,0.3169640001639123,0.5629955596307241,0.9390560841016973,278.36616316047673,0.6249097303865948,5.365895609100011,6.218375992509089,0.32334933608066785,0.5686381415985634,0.9506980055722567,358.7270039560143,0.6087035445216538,6.699200753673624,6.383314249402343,0.31574926194193637,0.5619157071500461,0.9365291148047328
32.jpg,kidneyStone,128.61683203889487,0.6281967755073117,4.453189976761384,6.16832278079477,0.3246410270065882,0.5697727854211608,0.9771455509216108,344.78411541008796,0.6087564130346259,6.59891391347308,6.3783802152599325,0.3165460219994227,0.5626242280593884,0.9388114181154168,278.181636802843,0.6241041672633363,5.376337756849473,6.225258496497351,0.32299679529922287,0.5683280701313485,0.9505816514125941,357.2731071035951,0.6083513672221424,6.68112101286382,6.382910781521938,0.3159087902963893,0.5620576396566364,0.9365950059991439
33.jpg,kidneyStone,129.099976302593,0.6282425945531929,4.449008531066701,6.18121312044047,0.3238570564418835,0.5690844018613439,0.9769817107009587,346.66320977630323,0.6078821353017722,6.632932625104866,6.394949873789362,0.3156776908349707,0.561852018626765,0.9382687006057369,278.5745207008385,0.6225476727236309,5.392027733610708,6.240641294475582,0.32202229345391914,0.5674700815496083,0.9503434986772987,356.5282991410021,0.6084351594751356,6.661547711597362,6.395482964123882,0.3151063156945857,0.5613433135743097,0.9365119962080626
34.jpg,kidneyStone,129.8098053754898,0.6277848629533066,4.4672784674659205,6.188852815359157,0.323553790339389,0.5688178885543149,0.9767750668092305,349.0829194128333,0.6082759298711927,6.66482971495975,6.402653973402819,0.3156290478775622,0.5618087289083022,0.9376226391894731,279.99981653620864,0.6225969780156322,5.418435053816237,6.248624704981923,0.32183512059732144,0.5673051388779423,0.9499164758152259,357.653582055823,0.60821004296084,6.679711704535494,6.401656839339092,0.31503626000519924,0.5612809100666076,0.9360911540140613
35.jpg,kidneyStone,131.1029117233372,0.6276660730189964,4.486779140166451,6.200105583867888,0.3231015397473443,0.5684202140558904,0.9764742738387113,352.1437915755471,0.607308343175994,6.706703022736598,6.4173129723365205,0.3149765674606781,0.5612277322626512,0.9368892078606307,281.66988747554495,0.6216485907154653,5.456442636986424,6.262819801062763,0.3212289132656224,0.5667706002128395,0.9494685995280283,359.4778474347074,0.6073986437826997,6.7191876562973345,6.414679953793044,0.3145732669244713,0.56086831513687,0.9355748070790697
36.jpg,kidneyStone,133.1507307974568,0.626636592962964,4.5097082925637215,6.211068855956389,0.32248360908884544,0.5678764030040739,0.9760091503643014,354.788691832515,0.6062962604837555,6.741165972863154,6.430132086600634,0.3143187322310134,0.5606413579384002,0.9361550416010187,282.85008714531097,0.6215556161515239,5.479092771526587,6.27584218814819,0.3206985816476105,0.5663025531000284,0.9490496435033531,362.3812485399448,0.6072389184050999,6.738998395379978,6.424637997652425,0.3142916179855822,0.5606171759637607,0.9347887453286681
37.jpg,kidneyStone,133.357291921479,0.6276256351581835,4.496709118150823,6.211338604828898,0.323037581381605,0.5683639515148766,0.9758625887361334,354.871308703622,0.6063678254103172,6.7492963032463935,6.433945473331921,0.3148580055244884,0.5611220950243256,0.935849381325088,283.76480705724674,0.6211416360667812,5.506986912916019,6.282219437704064,0.3210348576474608,0.5665993802039152,0.9486520654601196,364.20924016068284,0.6072770386726482,6.76974659257587,6.432225926542364,0.3145660991030853,0.5608619251679376,0.9341613494514956
38.jpg,kidneyStone,132.65357448630252,0.6270212027812053,4.478970462328909,6.214773544858305,0.32262518846009713,0.5680010461786995,0.9759144572370151,355.6042907311095,0.6057578673035441,6.762803451273604,6.441890133588649,0.31434208569187,0.5606621850025825,0.9355146614830163,284.7595554060725,0.6203695306454977,5.523039995107837,6.29128925285212,0.32031688456233676,0.5659654446716131,0.9483100800233337,364.15670129939235,0.6069123156763921,6.759318476874735,6.43668681359583,0.314114182279884,0.5604589032925466,0.9339637659932604
39.jpg,kidneyStone,132.82831993028395,0.6273915987437843,4.459588276663518,6.217173006326088,0.3224695250034906,0.5678640022078266,0.9757873378221017,357.3379659238384,0.605687609210894,6.779320698067211,6.4489142549746035,0.31420646403512437,0.5605412242066807,0.9349439309716491,286.29154690558,0.6199780990407057,5.552157228473699,6.303121692711619,0.319843267430476,0.5655468746536187,0.9478266687176806,365.1486667100622,0.6063144036426261,6.772105652168957,6.444589791567825,0.3139271178519129,0.560291993385514,0.9335219340444715
4.jpg,kidneyStone,145.4719911937415,0.7476172130794947,3.548335066047234,4.402649376024759,0.49715444963427485,0.7050918022741967,0.9623407222719038,428.5160289674047,0.7316540389166031,5.779979396524985,4.58388256379798,0.48718463258585215,0.6979861263562852,0.8892433837206278,373.02196214529977,0.7395022686463281,5.030844850782966,4.496331064192248,0.49214326211348913,0.7015292311183399,0.9034333856584135,443.85277323538634,0.7318619555897277,5.812761133727339,4.579041957976953,0.487830157393342,0.6984483927917238,0.8852793642090205
40.jpg,kidneyStone,132.8301775012237,0.6265742987167109,4.470825434197776,6.225194173455887,0.3219347955510338,0.5673929815842225,0.975709578491406,357.7493652368006,0.6059295492232636,6.794214176569488,6.458842287541065,0.31357855475163426,0.5599808521294584,0.934660720657031,287.3999013882155,0.6188954643169711,5.578855033023657,6.315668791101489,0.31880803073730307,0.5646308800776867,0.9474577122896681,365.9590611249126,0.6060261041096977,6.78931223455795,6.454334191066967,0.31337703697762254,0.5598008904759106,0.9331613032853218
41.jpg,kidneyStone,133.0638759784745,0.6275324588184459,4.467542196673372,6.2328103197732805,0.32210390274726036,0.567541983246403,0.9756191535726807,359.11810999497385,0.6051005897106163,6.836225351465437,6.470075727503357,0.3137333203001805,0.5601190233335951,0.9342819673494649,290.0211977128237,0.618766720075836,5.6407320205480955,6.328651698212342,0.3193059776615396,0.565071657103362,0.9468743232686198,369.0201017918811,0.6055631029491062,6.845010550664279,6.466093118857811,0.31346689543601824,0.5598811440261391,0.9324699188837893
42.jpg,kidneyStone,134.20762368517637,0.6258387959274094,4.491556843199739,6.245296699959792,0.32096956274764055,0.5665417572850571,0.9753823847966538,361.03354000635136,0.6045467392126865,6.861665664576976,6.479886082963696,0.31322543684824616,0.5596654686937959,0.9338582923623215,292.1160943615506,0.6179204584980158,5.670491377201707,6.340493808203443,0.3184204831060238,0.56428758900584,0.9464310374671494,373.16731706755934,0.6051134943987184,6.886405153166527,6.47879085851508,0.31278415348923233,0.5592710912332519,0.9316353722011945
43.jpg,kidneyStone,135.12197284735873,0.6258840457223451,4.487983121330859,6.244291449405154,0.321458123619784,0.5669727714977008,0.9751922744972144,361.75724664043685,0.6048801506603741,6.8483729765129135,6.481817057703196,0.3134727628163925,0.5598863838462161,0.93366588812582,293.55179794521126,0.6180845351651613,5.684633378180188,6.346673047818168,0.31842305409432164,0.56428986708457,0.9461188877865624,375.55239142006405,0.6049312796192186,6.909417473125531,6.481490525385366,0.31312515165985466,0.5595758676532206,0.9311363225521395
44.jpg,kidneyStone,135.0955043725546,0.6263835200997566,4.478813753669401,6.250998996639305,0.32044166669318297,0.5660756722322405,0.9751680401969959,362.1824135170974,0.6055453489179574,6.827286966578715,6.484309630386977,0.31296106672033225,0.5594292329869188,0.933509982042435,295.0816987218738,0.6174868455241304,5.686991652397456,6.351228102329212,0.3176506104101943,0.5636050127617694,0.9457746027984711,377.3169986328087,0.604671399959884,6.91293308466198,6.488533190810355,0.3122620270772994,0.5588041043848009,0.9307315510679767
45.jpg,kidneyStone,135.47453675391446,0.6264538119295165,4.4778620352252,6.248345396926429,0.32081395368006627,0.5664044082456159,0.9750798169545466,361.8913721990869,0.6056482794046532,6.7895841391539165,6.479834684707176,0.3133560744967157,0.5597821670049125,0.9335138961234506,296.4483511191364,0.6174829513931538,5.687870749755577,6.350603367884033,0.3179099003961002,0.5638349939442391,0.9454830948483919,379.85644586225504,0.604309715488281,6.932904668716869,6.489772425085856,0.3124609576821396,0.5589820727734831,0.9302133815340664
46.jpg,kidneyStone,136.39241377201634,0.6259080027849395,4.488900440313246,6.254104448483811,0.3205628741367936,0.5661827215102856,0.9749373072081408,363.68436089015484,0.6055796069669848,6.797668513830805,6.483800366509849,0.3131646838230672,0.5596111898658453,0.93325449511119,299.04032381360474,0.6175191745743961,5.715042502446413,6.357722867962963,0.3176732471960927,0.5636250945407707,0.9450636016114772,384.07064923923144,0.6036485185063991,6.986125206322055,6.499316783944267,0.3119024040135914,0.5584822324958882,0.9295130829005048
47.jpg,kidneyStone,137.38839285714408,0.6253770461012002,4.499350232387536,6.26154677415889,0.31974047441343123,0.5654559880427753,0.9747743408080046,364.2986048613403,0.6057120004249524,6.789266278851629,6.490587281386796,0.31266472099915477,0.5591643059058354,0.933194748109831,300.97540056262744,0.6167821149103823,5.737845523483545,6.366764618104656,0.3170001376978783,0.5630276526937894,0.9447519688296805,387.95530807555934,0.6031733317887771,7.027186629953217,6.509670517917955,0.31136350587314093,0.5579995572338216,0.9288565705927363
48.jpg,kidneyStone,137.48134784735927,0.6261013933788149,4.5026372920745334,6.255687485210466,0.32069824725660934,0.5663022578593603,0.9747838541951274,362.7748323574041,0.6062976423752389,6.769601066172441,6.479034805811261,0.313785449359658,0.5601655553134788,0.9335442222140875,301.13265579134367,0.6179014505817763,5.732215478229107,6.357371783897619,0.31806421828299997,0.5639718240151719,0.9447815757365595,388.9096510812909,0.6036163253885946,7.048146261694878,6.505582249211595,0.31197839768624536,0.5585502642432867,0.9287566527614252
49.jpg,kidneyStone,137.10997507950202,0.6255122427584937,4.495302562377861,6.261021221302101,0.31986894884795425,0.5655695791394321,0.9749027298865649,361.2585123371893,0.6067845178812845,6.719712317278232,6.481239585592932,0.3129798987582424,0.5594460642083761,0.9339556673768022,301.8083835310715,0.6176452342268812,5.7158795560178,6.361094189174115,0.3173439749781397,0.5633329166471099,0.9447696164770156,390.4619391010203,0.6030046696573125,7.05712677264571,6.512384282176534,0.31134274058608535,0.5579809500207739,0.9286167735789855
5.jpg,kidneyStone,147.42339622064875,0.7486707489316791,3.5546034124268333,4.3907937970019395,0.49884037038709594,0.7062863232337832,0.9619329969855148,430.18508660735205,0.7325329102464524,5.790396023299553,4.571710718978418,0.4886496259746564,0.6990347816630131,0.889095989869747,375.0017887720145,0.7403519668729335,5.0501773483367876,4.486213873325564,0.493435828055615,0.7024498758314468,0.9031687331211962,448.4066850234104,0.7326318322280219,5.847235572780547,4.5710426795484285,0.4888951922970041,0.6992104063134388,0.884398364595803
50.jpg,kidneyStone,137.7046576871344,0.6259673102315536,4.502304763943443,6.26055640087861,0.31991703430922497,0.5656120881922742,0.9748853480703825,362.6066000053574,0.6064392263950512,6.716572010677103,6.479445479854599,0.31311649589058566,0.5595681333766118,0.9339500079442077,303.99864313234144,0.6177937906711385,5.728897841242844,6.359210587795243,0.31749507968298746,0.5634670173869873,0.9445708495965982,393.6777662462905,0.6031811236255182,7.080227174375113,6.513058128388792,0.3111268061974153,0.5577874202574089,0.9282902921989655
51.jpg,kidneyStone,138.6717144691797,0.6256183381108039,4.514386619373899,6.258664452080422,0.31961900175937685,0.5653485666023899,0.9747882512621548,362.85223708548176,0.6065559077933977,6.71082371774014,6.474610478022461,0.3128089637910108,0.5592932717197756,0.9341127591682022,304.1665507277467,0.6183287982069395,5.717202024217422,6.352851738172667,0.31725195733662137,0.5632512382024751,0.9447140836607105,395.6571283044943,0.6031971705004976,7.094270472309786,6.509872583361822,0.31097334996290604,0.5576498452998137,0.9281559989575763
52.jpg,kidneyStone,139.70860598092221,0.6257801357465094,4.522336717221219,6.253969556489279,0.31979062469294134,0.5655003312933966,0.9746190681881572,361.7302629815203,0.6072239740438865,6.6876811899465025,6.468668549297554,0.31266598462075884,0.5591654358244605,0.934366718361084,303.48817422945694,0.6187876383392198,5.709248104207595,6.347947251763757,0.3172953920610317,0.5632897940323717,0.9448795081909538,397.4378774591004,0.6041201600356835,7.108221858831741,6.505221697367646,0.31130177163789413,0.5579442370326035,0.9278878357308545
53.jpg,kidneyStone,141.66875229330083,0.6262207142148283,4.553292410714486,6.2513687762941474,0.31992331544601016,0.5656176406778789,0.9743354757697789,361.11949249580755,0.6079755859706422,6.677153503548191,6.45847749805736,0.31329792065962947,0.5597302213206193,0.9346625159950818,302.27928540851934,0.6195874246919199,5.6761328889434175,6.336801807201104,0.3174915586616395,0.5634638929529021,0.9452537729999231,398.0588501116265,0.604049351714524,7.108340577739869,6.499202937264703,0.3110294091497753,0.5577001068224529,0.927979064291338
54.jpg,kidneyStone,142.15999954134335,0.6264268787729967,4.557955448874908,6.246552828001407,0.32019436847308175,0.56585719795111,0.9742804766585842,360.10674744657797,0.6087385761944734,6.6607741238736775,6.451558514343513,0.3135815885053454,0.5599835609241984,0.9349320982871354,301.32847281678517,0.6207131641794115,5.664830754647938,6.327653291405277,0.31805128862416027,0.5639603608624991,0.945497979284853,397.47340887940294,0.6045341472501206,7.114418219905734,6.493185127454214,0.31145608326146934,0.5580825057833916,0.9281802940771555
55.jpg,kidneyStone,142.5784728167844,0.6266700215386394,4.559232051125405,6.239289007195449,0.32003935669873307,0.5657202106154005,0.9741940311778226,359.37603256727004,0.6094342975134429,6.662057054009514,6.4437538931384575,0.31330101724317894,0.5597329874531061,0.9350374447105838,300.8908084638021,0.6213124923987537,5.65154109589058,6.317607420560711,0.31788090113821177,0.56380927727221,0.9455545187705802,397.4912665009652,0.6047755695481393,7.0988354058080985,6.482851007667913,0.3112728970500047,0.5579183605600417,0.9281475500949051
56.jpg,kidneyStone,143.0455295988299,0.6269621278631311,4.569012964775115,6.235153290375047,0.3199602280228867,0.565650270063479,0.9741200145285716,358.0695156651459,0.6092163964882295,6.656569176741851,6.435392267245187,0.3134258286938552,0.5598444683069176,0.9353000908298296,299.694326382097,0.6212682598406438,5.624724804305453,6.308596795201351,0.31781825532600116,0.5637537186804191,0.9457927160358657,397.35168753182745,0.60555279550248,7.080717368576252,6.474653928057407,0.3112027620533681,0.5578555028440323,0.9282021591696639
57.jpg,kidneyStone,144.06997614971056,0.6266485341678772,4.599590264187984,6.236099065141879,0.31941975902303493,0.5651723268376071,0.9739720225029975,357.3395284178542,0.6101744885667549,6.648806492009496,6.430575789751095,0.3130194839909501,0.559481442043389,0.9355245024679593,299.7270096930083,0.6225915722317165,5.602307821673366,6.300308856156634,0.3175133331118725,0.5634832145786355,0.9458642632644997,399.00945155693336,0.6060880839229834,7.089537034554933,6.472512953265778,0.3106353424348266,0.5573466985950725,0.9280059135270434
58.jpg,kidneyStone,148.6298082803365,0.7643555385723859,3.635350415851411,4.03029752390698,0.5301316458243012,0.7281013980375955,0.9523783882052148,393.95815732935637,0.7511086736716961,5.654849667395576,4.179189008850797,0.520544280703919,0.7214875471578972,0.8735832175674649,330.5540530210367,0.7588331788633427,4.84365062377701,4.096573798871735,0.526676606713705,0.7257248836258166,0.8937639365267498,396.56563049313485,0.7519392859384512,5.613780584480015,4.174369323576397,0.5211910415239907,0.7219356214538736,0.8727465084867859
59.jpg,kidneyStone,150.97892459638308,0.7662710528337862,3.635640900195861,4.01011736928128,0.5323879914857376,0.7296492249606914,0.9517153371014412,396.3346303054832,0.7526215614930966,5.654347984267818,4.159896658471751,0.5226195393045363,0.7229242970771811,0.8730590524746966,330.7615314640415,0.760420357838573,4.832616040851389,4.076318138543468,0.5288648685437618,0.7272309595608274,0.8938960490560433,399.5941996239195,0.753596627986654,5.614489068286353,4.154561751465777,0.5234853764152643,0.7235228928066232,0.8720150538276747
6.jpg,kidneyStone,148.50000764432903,0.7483844647344919,3.561789077788901,4.38814398481078,0.4989431430539119,0.7063590751550601,0.9616217431392879,431.1006238487014,0.7326169148671032,5.8023904626591465,4.5667685399582,0.4891270353400503,0.6993761758453388,0.8887636230845772,376.1149018468646,0.7404495964339611,5.062859283268264,4.479954935438837,0.49432584172157407,0.7030830973089697,0.9027970803422799,450.79349420382624,0.7327065987726318,5.861443545329622,4.566202345352086,0.48933873210330503,0.6995275063235934,0.8836822953662108
60.jpg,kidneyStone,152.2226868273024,0.7674224390386282,3.628057729941459,3.9989826228250593,0.5337814554919559,0.7306034871884721,0.9511735264573401,398.10034428482646,0.7530494171344703,5.653853960424483,4.149365611654627,0.5239242855944096,0.723826143210101,0.8721142684088095,330.9379892367907,0.7614841958943234,4.815962879158666,4.064052299973691,0.53028150481143,0.7282043015606472,0.8935232698784522,399.3244128201028,0.7545104183110878,5.590304877815282,4.141308087731735,0.5247894366441954,0.7244235202174177,0.8717210487032807
61.jpg,kidneyStone,152.63012934197909,0.7680405784674343,3.618586411448267,3.984593459637638,0.5351097417984481,0.7315119560187981,0.9508786315690078,398.6199195009136,0.753894658644083,5.643728386456895,4.134233950825804,0.5254573302412602,0.7248843564605738,0.8715154019755061,329.4154996330732,0.7623345510813729,4.799657534246655,4.0483431945086705,0.5317825586900424,0.7292342275908629,0.893655202525901,396.81198371635634,0.7551988215726094,5.578387031299636,4.127295813738031,0.526144937679087,0.7253584890790808,0.8720981423032433
62.jpg,kidneyStone,151.24902152642312,0.7699191820418307,3.5828262597848903,3.9567814722076204,0.538094289269149,0.7335491048792501,0.9511667459811614,397.4117937661001,0.7559748012032171,5.6113793988227565,4.1073573798905585,0.5282006908084124,0.7267741676810014,0.8714935986006999,328.441822865706,0.7637698843289371,4.786451963062762,4.022644188287948,0.5347083701498991,0.731237560680453,0.8936288406145952,394.4145702566932,0.7570224819371351,5.545815924418178,4.100565319036185,0.5288232746407763,0.7272023615478543,0.8724627756946507
63.jpg,kidneyStone,149.4677180161479,0.7711453983271941,3.555352556262394,3.9364770961155657,0.5406045708036807,0.7352581660911225,0.951722484013354,394.9099191562443,0.7572902783373724,5.585774411096752,4.087787867526748,0.5307107518655563,0.7284989717669863,0.8722491597464241,326.8665186215764,0.7650895263694806,4.779556782045118,4.005967805656361,0.5370148078961915,0.7328129419546242,0.8940945226154673,390.43200278797286,0.7580501075284424,5.527594486847088,4.08223336372041,0.5311168895776229,0.7287776681386601,0.8736977371330171
64.jpg,kidneyStone,165.96323079746028,0.6643675985267774,4.114596073874957,5.745312027117242,0.3622117656902623,0.6018403157734303,0.9772416312413725,513.3532538554851,0.6428394595139167,6.845696056617437,5.967095939029186,0.35754560962688214,0.5979511766247159,0.9296783012516856,452.41867585004513,0.6477954760417695,6.234050116193958,5.907477345213347,0.3590480122017617,0.5992061516721617,0.9379646467267331,535.7119228250436,0.6412500661066812,7.123651487241662,5.990133214683822,0.35736365512349,0.597799008968307,0.9266154988405204
65.jpg,kidneyStone,165.6134456029893,0.6638867160943325,4.099013117661653,5.738901867151484,0.36159882178851993,0.6013308754658453,0.9771990662280168,511.6710260760289,0.6435007763345014,6.810176125244665,5.959635384247784,0.35702624989057047,0.5975167360757107,0.92962936269552,450.6774056690289,0.648458201835841,6.197517887720336,5.899278229703917,0.35843800072043813,0.5986969189167739,0.9379570758965177,533.5077760884752,0.6413195519523952,7.07965272804572,5.982162248859523,0.3567037329066808,0.5972467939693613,0.9266261322276628
66.jpg,kidneyStone,164.09715554672584,0.6640322012398929,4.080215722847596,5.729973208018997,0.36144059065984563,0.6011992936288645,0.9773448116622124,507.9192481646376,0.6434240388479925,6.76598971358115,5.94971693246353,0.3567766995353615,0.5973078766727938,0.9299505992860174,448.3801637414415,0.6479678557631388,6.158317789872965,5.8873087932350705,0.3581707481907544,0.598473682120404,0.9381011929652019,531.028664871839,0.6413976054062493,7.052071644946261,5.971626917299271,0.3565541749299994,0.5971215746646569,0.9267634769293852
67.jpg,kidneyStone,163.31854283880062,0.6638415356365325,4.073267031556009,5.728849237723537,0.36080738927679107,0.600672447575874,0.9774180394101653,505.24498221130796,0.6434810659733827,6.736505298310013,5.944457992595175,0.35630464801863443,0.5969125966325677,0.9302136663500333,446.0600155944233,0.6488965008192991,6.1133118272996825,5.88067292848172,0.357763038189569,0.5981329602935864,0.9383280125035769,528.7228641128,0.6417100073474354,7.008218412153842,5.965422815186152,0.3559918219708639,0.596650502363707,0.9269708131650313
68.jpg,kidneyStone,163.35177271893744,0.6651362108670819,4.061823477250705,5.707651564001977,0.36067358807736993,0.6005610610732017,0.9774020502068773,505.8728482197895,0.645459735444359,6.71827237181242,5.924566494232611,0.35606311585807876,0.5967102444722051,0.9300919845769652,446.1962718627694,0.65023327764177,6.097224345646069,5.860574787752006,0.35746218537202085,0.5978814141383062,0.9382779840138299,529.1023088912752,0.6433111328366986,6.984493778746281,5.945594740243179,0.3557185643630371,0.5964214653774939,0.9268818389828581
69.jpg,kidneyStone,168.45530745475034,0.6648358801951764,4.134100568737983,5.7441996087851575,0.3628651117883357,0.6023828614663067,0.9771250471863113,516.4940468211986,0.6438066327877556,6.894612076393759,5.969925795569558,0.35828950084912986,0.5985728868309438,0.9299376852637423,455.3810887047447,0.6479680666953935,6.297704409246782,5.911542634631267,0.35968186647961214,0.59973483013713,0.9381670069896452,540.952700089226,0.6414223471614514,7.184018137185517,5.992922416980535,0.35794705512125674,0.5982867666272226,0.9266198738120203
7.jpg,kidneyStone,149.7728718199653,0.7484470391488877,3.584339836105869,4.384269313646137,0.4997095410752185,0.7069013658744893,0.9612559829444616,433.44683116255555,0.7324215363376976,5.830377487831411,4.5624511512909445,0.4896082674618768,0.699720135098224,0.8880519756710767,376.80886130136616,0.7406444223816591,5.076305650685099,4.4758123891416615,0.4945415494767441,0.7032364819011767,0.9025251450977712,451.6182919029774,0.7328762036975018,5.879626686478739,4.559915736529716,0.4900660803597899,0.7000471986657685,0.883358760764877
70.jpg,kidneyStone,166.88933310910403,0.6643212882442999,4.1192285347360125,5.745166826410367,0.3627147339140639,0.6022580293479398,0.9772299155010475,515.2942160913836,0.6439697473053552,6.868191374879892,5.969385091320205,0.35812774605434894,0.5984377545362165,0.9297679980913375,454.2708804733372,0.648455980658895,6.262311185176363,5.91016493007861,0.35954742651952915,0.5996227368266893,0.9380244384295308,538.3468545233767,0.6415859320728222,7.149133926417315,5.9924321272205905,0.3577899739401487,0.5981554763940131,0.926626039777432
71.jpg,kidneyStone,161.81466334394008,0.5683474965238549,5.246850538160643,7.061950561961621,0.2521773915258238,0.5021726710264347,0.9647369613121419,389.70842253207394,0.5494115171614786,7.6360269759996235,7.287312734041751,0.24684629851314852,0.49683628944869607,0.9151529377329989,301.4022252629663,0.5627965258064591,6.257273575098027,7.123715064003577,0.25076977119312194,0.5007691795559327,0.9343096613295112,391.9111101749652,0.5478619867016997,7.718425557500103,7.302186686430945,0.2462899528495531,0.4962760853089267,0.9146733700234329
72.jpg,kidneyStone,160.7402343750057,0.567983892377738,5.238032809442371,7.0637362757960025,0.2519731360361451,0.5019692580588427,0.9647047871881745,389.0677272222376,0.5492548758858309,7.648147793551688,7.294047561321063,0.2463629603895022,0.49634963522652276,0.9146473761011152,301.08231026785774,0.5622325849320876,6.272042410714416,7.131695529821497,0.25014291876879247,0.5001428983488544,0.933879971138369,389.36229564070754,0.5473460339732595,7.694118818478761,7.302851701958609,0.2460080755805609,0.49599201160962353,0.9145827544795448
73.jpg,kidneyStone,162.70642734834257,0.568805559495926,5.231569532778986,7.049867848990442,0.25271976904302096,0.5027124118648961,0.9649190178175572,387.66797385119435,0.550760844891554,7.580520142003104,7.2724073719559685,0.24741384002213862,0.49740711697978207,0.9164934880098154,300.4038305711837,0.5635052053168494,6.246174015411054,7.118314930758741,0.2508271523064577,0.5008264692550282,0.9352223271227018,394.052355038461,0.5479989439708639,7.744673925115232,7.2992867501533025,0.24621777070638684,0.4962033562022599,0.9151182456887421
74.jpg,kidneyStone,162.81932638209898,0.5688411172706442,5.239519630626358,7.059343179967972,0.25209246098821014,0.5020881008231625,0.9647735844997154,388.4353767027441,0.549851484659985,7.596110615385248,7.2832608799146925,0.2467054416754902,0.4966945154473625,0.9160393127616919,300.57677195450077,0.5634825316464014,6.249166768591112,7.124988985688483,0.250444007177178,0.5004438102096758,0.9349613749537248,393.48318212628254,0.5478579393581118,7.742709318668419,7.305378499860412,0.24591202146181346,0.49589517184765314,0.9149482246738765
75.jpg,kidneyStone,83.58177898728005,0.7738371405005059,2.5097694471625847,4.198731144918427,0.5156239586098187,0.7180696056858407,0.9831286184102646,334.0709709291801,0.7557841646845388,4.494935298195128,4.378192617353514,0.508704251480548,0.7132350604678293,0.9326678576638496,333.2386023116456,0.7625481297798254,4.1768208781802265,4.3046395730248666,0.510431567943437,0.7144449369569618,0.9327591785944241,424.33608173987864,0.7535024263316078,5.014173505769424,4.401083550536828,0.5068497222520861,0.711933790637926,0.9144748872534326
76.jpg,kidneyStone,83.52084607387555,0.7740518705720508,2.5082940924659276,4.190993306123731,0.5166020564056598,0.7187503435864638,0.9830810337338232,332.78727103525904,0.7560318090402854,4.490971618521747,4.3700314643963525,0.5096726141015052,0.7139135900804139,0.9326885139745755,331.85201733733237,0.7631874074658255,4.172467435176312,4.2965659259393325,0.5113569564434453,0.71509227127934,0.9328016902470091,422.2706523029479,0.7538177595746571,5.004067080012717,4.391167877372247,0.5078999931291082,0.712671027283352,0.9145890856251365
77.jpg,kidneyStone,82.54526586961902,0.7746338929080756,2.4954860261743272,4.179492919207302,0.5173668554727323,0.7192821807001285,0.983197948761475,331.9352062836684,0.7570156879695482,4.480080116114798,4.3594288474363845,0.5103854572110781,0.7144126659089116,0.9325368792309127,330.9210264799437,0.7634421723771329,4.160232693248729,4.286707163983598,0.5121334099927889,0.7156349697945098,0.9326670396902895,419.4176760965162,0.7552380084385611,4.967639523439329,4.377757340824128,0.5089261947560362,0.7133906326522911,0.914756781445443
78.jpg,kidneyStone,80.89996636497142,0.7753287014480171,2.4689946183954636,4.1671237017961,0.5184482342748696,0.720033495245096,0.9834392706560265,330.7751808548457,0.7576859099185634,4.451399925704976,4.347012778766602,0.511419532292334,0.7151360236293051,0.9323907298772722,330.5313417319015,0.7646653078797294,4.135258683953236,4.273233578738058,0.513053140916114,0.7162772793521472,0.9323645780623363,417.36728183485326,0.7557192056054004,4.937994263196007,4.364757287947667,0.5099704035227545,0.7141221208748224,0.9146916125174952
79.jpg,kidneyStone,80.11244037426633,0.7763786323824907,2.446650256849496,4.150420365307423,0.5197656982308269,0.720947777741791,0.9834938441982459,330.8686547615808,0.7591626628295332,4.431677268392882,4.330558276404983,0.5128706844272394,0.7161499036006633,0.9319320857986233,331.1619755993191,0.7660133630072044,4.1171951443250085,4.255998309678887,0.5145306803995119,0.7173079397298707,0.9317948159456578,417.4474132681741,0.7574437410943793,4.91057402506893,4.346595141583699,0.5112447482502407,0.7150138098318386,0.9141206811192173
8.jpg,kidneyStone,150.5150746086142,0.7483954113262781,3.6024492416831984,4.3882733794172175,0.49924945180847385,0.7065758641564781,0.9609647062766649,433.59786459150376,0.7329466758711465,5.832966325956208,4.561656573073614,0.4897229141495051,0.6998020535476479,0.8877275551538173,375.7490062377611,0.7408512603142006,5.0696550880627935,4.474034363284895,0.49460414581582834,0.7032809863886755,0.9025514695927735,450.0874077534845,0.7323526378668878,5.889537800483292,4.564747683549638,0.48918278808485616,0.6994160336200881,0.8834578816236204
80.jpg,kidneyStone,79.30943080357157,0.776976518762546,2.435225813356308,4.148186378245014,0.520852389977792,0.7217010391968354,0.9834907652158447,330.7287617617848,0.7587733673860146,4.430118604018897,4.330636276398711,0.5137763766646853,0.7167819589419682,0.9312593365231321,331.9236026174191,0.7657857100004252,4.121093750000192,4.2566957866458655,0.5155464159227465,0.7180156098043736,0.9309332837977846,418.3551571876572,0.7573131479554362,4.919991115230144,4.3463006637084955,0.5123307979709825,0.7157728675850897,0.9130465372262742
81.jpg,kidneyStone,79.43403329867928,0.7767156667486497,2.4393002385031233,4.154282151919563,0.5218419748375781,0.7223863058209078,0.9831479959515647,332.5568108271584,0.7582498488434215,4.4449852750258065,4.338351971069087,0.5144918699345657,0.7172808863580332,0.9295549586784317,333.3138530454995,0.7649586568744685,4.136489420254611,4.265062015907726,0.5163053776722271,0.7185439288395853,0.9293155990300417,419.17411851210187,0.7566603021961817,4.92898311510756,4.354139802412478,0.5132092162851629,0.7163862200553295,0.9112069362642956
82.jpg,kidneyStone,79.2783489787188,0.7755086266355448,2.440561552103882,4.166654704957075,0.5223285474641564,0.7227230088105375,0.9826518189992622,333.1578157252671,0.7570602229348109,4.462796940881884,4.3508717848391445,0.5153306605061895,0.7178653498436802,0.9272068405721641,334.3977686215756,0.7640857570672773,4.150329470401396,4.277881598315172,0.5169408464920224,0.7189859849065365,0.9268555605284111,420.0636946090034,0.7556601737885339,4.934762045182179,4.367241911514952,0.5137080580278679,0.7167343008590198,0.908218381655099
83.jpg,kidneyStone,79.06671584515615,0.7751721494475758,2.433131268346548,4.166121179524506,0.5227276933040912,0.722999096336981,0.9822595263857399,332.319238973495,0.7568846896265086,4.447830699177847,4.352078636511932,0.5156052820961631,0.7180566009000705,0.9255491404948533,334.7350744557257,0.7637482750164059,4.137295896526635,4.279507796155476,0.5172136341317869,0.7191756629167778,0.9249272122582086,420.64230758919194,0.7555881785895531,4.923204185033065,4.368132657479465,0.514090941304984,0.717001353767888,0.9057617565538046
84.jpg,kidneyStone,78.94644768224046,0.7761591869549304,2.429385549168476,4.150808333065149,0.5240886460667131,0.7239396701844105,0.9822170463321461,331.5683801762359,0.7576808173115853,4.428487176443166,4.335158568743907,0.5171338919604365,0.7191202207979112,0.9254260718990963,334.1236240215279,0.7646032927068288,4.119786570450303,4.261092051287122,0.518884621355968,0.7203364639916322,0.9247708991087922,420.34104878580615,0.7568660451808444,4.905882713378143,4.349624331224343,0.5157277187583347,0.7181418514181823,0.9054599744000049
85.jpg,kidneyStone,79.25866484222107,0.7766778123010959,2.4347671538651445,4.138012705323895,0.5253624752217276,0.7248189258164605,0.9822415018533709,332.33783571600304,0.7589435223588691,4.424301377522346,4.318129080057991,0.5185394136037406,0.7200968084943444,0.9256500290309504,335.1867088123801,0.7655536245024678,4.1247668480921655,4.247529244656185,0.5200590557345592,0.7211512017147023,0.9249323060724566,422.1768145802048,0.7569974997085953,4.92177189885153,4.337987039452874,0.5167079875141064,0.7188240309798403,0.9055514282921688
86.jpg,kidneyStone,79.51513958537208,0.7773994197236326,2.4393613931019402,4.129740917947218,0.5258785569868996,0.7251748458040306,0.9824412139587576,333.19626916256505,0.7593594140263832,4.4408952171599285,4.312651777278643,0.5187859222194876,0.7202679516815167,0.9265344748466586,336.5673541462814,0.7659276893964978,4.140036386986502,4.241287792430531,0.5204269059176702,0.7214062003598737,0.9257109200400067,424.0948717261273,0.7577243104733207,4.932376178093736,4.330709875684014,0.5170426054580908,0.7190567470360673,0.9064924930146903
87.jpg,kidneyStone,79.74183968321928,0.7798940756034868,2.4221234405579146,4.103236474653557,0.5270643832595934,0.7259919994459948,0.9827805680158339,333.5458886876138,0.7610439777154229,4.429930951551274,4.287684227289392,0.5197682947844945,0.7209495785313246,0.9280843785911378,337.39289918664593,0.7670594377400494,4.148189059442455,4.220314679804212,0.5213200402911821,0.7220249582190231,0.9271752919698408,425.66568755480205,0.7586156788223409,4.941823905392592,4.308647671928318,0.518059461111642,0.7197634758110765,0.9082224861071334
88.jpg,kidneyStone,80.72664658757405,0.7813366074852602,2.4105996208416496,4.078829316576951,0.5281068474046192,0.7267096032148049,0.9828876072901289,334.22424086917033,0.7632654431266158,4.403460464688869,4.261121182727999,0.5208955797542166,0.7217309607840144,0.9292601289449864,338.0195083170278,0.7692523180284137,4.138041218199786,4.195523027195264,0.5223739880378525,0.7227544451871967,0.928377747201377,427.5486843264133,0.7609877036878724,4.937029193362521,4.284248177221539,0.5190240316431047,0.7204332249716866,0.9095076445672072
89.jpg,kidneyStone,80.97846211472557,0.7811779289629689,2.406529017857347,4.082215057394235,0.5273432360577842,0.726184023548979,0.9830225803391252,333.7482431516369,0.7623935222236482,4.403357064349526,4.266267050881781,0.5201835007515532,0.7212374787485417,0.9301361633425622,337.2203782411952,0.7680126486986517,4.143491621820156,4.20299194477814,0.5214704026361686,0.7221290761603278,0.9293309848971997,427.62803834237104,0.7604741704853871,4.937959796416291,4.289872828351691,0.5182964988863311,0.7199281206386726,0.9104842166695112
9.jpg,kidneyStone,150.31679611057126,0.7482880393822096,3.6124862402155262,4.380456847876472,0.5004361166112298,0.7074150949840057,0.9608954741755824,432.74622110055344,0.7331441185398467,5.838381440022157,4.552476215320774,0.49073763669817494,0.7005266852148996,0.8876014562293252,374.8387200342475,0.7412502429681448,5.072590508806477,4.464279157025949,0.49561158951741613,0.7039968675480142,0.9024866762275089,448.1556826145686,0.7327831588617058,5.890786263839444,4.5559453573067925,0.49015330454132067,0.7001094946801684,0.8835991080862016
90.jpg,kidneyStone,81.26219652030356,0.7803312123181594,2.4193714836107376,4.092677583293597,0.5266141705834282,0.7256818659601659,0.9830174876513523,331.9226067608433,0.7620490137468028,4.402070304571521,4.27451177406027,0.5193506899324236,0.720659898934597,0.9307401584648057,335.2016955112538,0.7674995338680864,4.152580724070635,4.212865439906188,0.5207317264098537,0.7216174377118763,0.9299782991683909,426.4516488524366,0.75898109976687,4.9570467331237875,4.302123277714235,0.5174656921758726,0.7193508825155305,0.9110154806562379
91.jpg,kidneyStone,81.86370933219158,0.7794070967557283,2.433058647260433,4.105357780061467,0.524868951427265,0.7244783995587895,0.9829051246455539,330.1893872955367,0.7609006008985363,4.403448975762249,4.285888606034929,0.5178289862745962,0.7196033534347906,0.9311554986584611,333.4488862218714,0.7669572016109906,4.148364878914122,4.223198530114685,0.5191844493281534,0.7205445505505912,0.9303983705457045,425.17504528551257,0.7584371868405146,4.962975019244015,4.314547813874047,0.5158433978335594,0.7182223874494301,0.9113509849141559
92.jpg,kidneyStone,82.81762169765236,0.7793708968516386,2.4416279354208883,4.105578812059569,0.5246545985988201,0.7243304484824727,0.9827217645402859,329.39647136767303,0.7609169836791289,4.397057302936247,4.286446180129309,0.5174963766704737,0.7193722101043893,0.931383706575089,331.088353106657,0.7671764227215341,4.119511374755556,4.2189882340288,0.5190508572847141,0.7204518424466094,0.9309540209594107,423.63181053993355,0.7585056460985741,4.9487172613463,4.310102427576287,0.5157198491758633,0.7181363722691279,0.9117536247566895
93.jpg,kidneyStone,82.99357112279881,0.7786803264107774,2.4423617906068524,4.11236564149393,0.5234142268344723,0.723473722283313,0.9826146855799245,328.9344901405798,0.7599698924575814,4.400216757748428,4.292247309079039,0.5162108230227274,0.7184781298151861,0.9312014813506833,329.3345041890921,0.7666465423684009,4.112803479696872,4.22579365443959,0.5175857046947265,0.719434294911444,0.9310400397214842,421.72481340067765,0.7576848920087677,4.945703332937666,4.318147178414457,0.5142942433859536,0.7171431122070082,0.911793857715476
94.jpg,kidneyStone,83.02032243762223,0.777519432080079,2.4429465814580946,4.121762447121388,0.5226078010728297,0.7229161784555866,0.9825379100868535,328.11469012449624,0.759111780799124,4.397080280789448,4.302316218510333,0.515208297952133,0.7177801181086956,0.9310920144010507,327.0797723520088,0.765524491819045,4.107230766878856,4.235340045958654,0.5168788757509397,0.7189428876836739,0.9312314284505321,418.85862109902337,0.7565302810284492,4.948502801383296,4.3298732658939985,0.5133963179285201,0.7165167952871169,0.9120347101199926
95.jpg,kidneyStone,84.69559534001877,0.7861447049120349,2.4411157656557156,3.7941833562905236,0.5472835192259052,0.7397861307336772,0.9657151649809985,244.99701670872318,0.7686959890377825,4.11298976336643,3.9626721433679064,0.5371654580625244,0.732915723710799,0.9009787560217739,204.40446887231522,0.776261701040828,3.5523865582193532,3.8831617618769245,0.5416626979375044,0.7359773759685174,0.917256923042772,247.10665170552605,0.7699866747879378,4.066122602165315,3.9544768805928445,0.5375102140478288,0.7331508808204685,0.9001260979587149
96.jpg,kidneyStone,84.01446306262187,0.7867137019003551,2.4377751956948526,3.784739107633718,0.5479093211224028,0.7402089712523098,0.9652905959841845,245.25447589431437,0.7695342750545907,4.109864775334095,3.9518453811297145,0.5380722912465095,0.7335341104860151,0.8988336195831876,204.8640915484393,0.777457859237133,3.5536784491195297,3.873152714238143,0.5426667263060531,0.7366591656295692,0.9153632569598553,247.02495011890585,0.7707360558303664,4.063648653306359,3.9440654275390274,0.5384831452727642,0.7338141081178285,0.8981033068405915
97.jpg,kidneyStone,82.8787877629646,0.7883298427167503,2.4169864542564916,3.7630323633736475,0.550449934292656,0.7419231323342439,0.9649535121004087,242.78370946801954,0.7710716170482546,4.080058670118491,3.931745933559905,0.540387394343391,0.7351104640415554,0.8974946701680573,203.62702574609096,0.7786160896927297,3.532480736301534,3.854260586594767,0.5447381873434153,0.7380638098046911,0.9138933780923537,245.6032605573634,0.7717238252720708,4.03919638788148,3.9252338613628672,0.5403545794498288,0.7350881440003156,0.8963042319173761
98.jpg,kidneyStone,82.00590906311159,0.7884430156362389,2.401166523972739,3.7568721171943706,0.5508386296011282,0.7421850373061479,0.9646679694435633,240.74164084849068,0.7712138506199352,4.056211488160687,3.9257407115084364,0.5405548436852069,0.7352243492194793,0.8964382048565359,202.7665040973621,0.7786221545441385,3.51907259050898,3.8505756045289057,0.5446418969417771,0.7379985751624302,0.9126385842137598,244.20254977577,0.7718738376490042,4.020113280816215,3.9204612984354505,0.5403979138295345,0.7351176190444183,0.8949493974359517
99.jpg,kidneyStone,81.32468123165383,0.7885052502531289,2.3912250795011163,3.7537834857294534,0.5514339573007006,0.7425859932026059,0.9645820637583518,239.17129223616124,0.7713328912090571,4.0408354747415975,3.9237736839079322,0.5411961064041159,0.7356603199875034,0.8960000137844614,202.07893529843915,0.778714661937886,3.513270547945351,3.8489505661969656,0.5454471490442754,0.7385439384655968,0.9119920411679252,243.89091264202864,0.7724317731199494,4.004959386644546,3.917467958596681,0.5411964546594215,0.7356605566831903,0.893947758881445
