Filename,Label,Contrast0,Homogeneity0,Dissimilarity0,Entropy0,ASM0,Energy0,Correlation0,Contrast45,Homogeneity45,Dissimilarity45,Entropy45,ASM45,Energy45,Correlation45,Contrast90,Homogeneity90,Dissimilarity90,Entropy90,ASM90,Energy90,Correlation90,Contrast135,Homogeneity135,Dissimilarity135,Entropy135,ASM135,Energy135,Correlation135
1.jpg,Normal,4967.815196078365,0.5234724745335045,38.22947303921742,7.746933593732646,0.208989195275797,0.457153360783662,0.6837010311254093,5897.361045751396,0.507626604477009,41.96469050365313,7.839145279460929,0.20255682892522006,0.4500631388207882,0.62523998334586,6054.206433823531,0.5044579895114931,42.987469362748094,7.811761489827824,0.20499385459778405,0.45276247039455914,0.6145419624038019,5975.248658208154,0.5033740562293849,42.35177239523293,7.844906377924753,0.20202803281110746,0.4494752860960294,0.6202904537655973
10.jpg,Normal,4965.042769607809,0.5257053013311734,38.09436274509961,7.7174866099964525,0.21185277966003083,0.46027467849104065,0.6788875176294106,5786.771011149346,0.5076777307056932,41.49608612072311,7.807193207052146,0.2052128437871554,0.45300424257081234,0.6264710660609588,5874.976455269548,0.5078354201929428,42.03883272059078,7.773993287768227,0.2077479123210321,0.45579371685120024,0.6200490286656776,5853.62256055343,0.5055665906872552,41.76158400615201,7.815015970162129,0.20463782690295945,0.4523691268233935,0.6221558809719042
100.jpg,Normal,4355.894730392138,0.559792811757391,34.22463235294223,7.228628212006336,0.24182512505545217,0.49175718099022425,0.7009248251493958,5450.66174548223,0.5393553956673478,38.90574394463693,7.329187295788423,0.23461056166721794,0.4843661442206897,0.6265662631934914,5428.647855392119,0.5380051875252405,39.14117647059015,7.2969957358110795,0.23721311728368666,0.48704529284624715,0.6272776183479675,5462.650888119743,0.5375018281933777,38.90675893886992,7.336897656728346,0.2340714499394243,0.48380931154683693,0.6257448674538062
11.jpg,Normal,4983.9409466911,0.5252036006260465,38.16220894607974,7.721349968187449,0.2123305500037644,0.46079339188378604,0.6763872109544128,5753.082599000102,0.5081063449798504,41.24545943867789,7.812463259668922,0.20570826699779074,0.45355073255126677,0.6271722861755632,5810.60577512253,0.5090254304232973,41.728017769610155,7.779578017449798,0.2083245773347507,0.4564258727709799,0.6227201092349494,5779.655055747563,0.5060834459130367,41.43452518262253,7.8183904789974745,0.20510731290935902,0.452887748685432,0.6254502618295954
12.jpg,Normal,4948.22408088233,0.52481603563499,38.10030637255091,7.746816280022617,0.21262849601706052,0.4611165753007156,0.6777407552265159,5716.630049980538,0.5085127595586457,41.113894655902,7.83414747579632,0.20611092063661224,0.45399440595299434,0.6284207526272089,5734.083440563691,0.5087514124643223,41.36551776961017,7.801176869325622,0.20864705063416294,0.45677899539510675,0.6265685261012924,5788.459008073568,0.5050631763246084,41.48648981161142,7.842763848526044,0.20542129784491817,0.45323426375873016,0.623751891785344
13.jpg,Normal,4896.667892156823,0.5252178869965938,37.842187500001366,7.740555114733273,0.21309840981505143,0.46162583313225813,0.680566853765123,5667.867143406127,0.5084561463987971,40.869158016147985,7.824577303305508,0.20652148984216676,0.45444635529638344,0.6309755743422704,5733.237882965679,0.5086436648955521,41.42345281862995,7.796704778692853,0.2090665280624661,0.4572379337527302,0.625999533889087,5766.549865436096,0.5064792522311432,41.46655901576327,7.835905806307375,0.20591146947470418,0.4537746902094741,0.6245505234548617
14.jpg,Normal,4906.148805146991,0.526450992425299,37.97386642157033,7.721197570578528,0.21339593156243122,0.46194797495219225,0.6798161923142758,5682.871926181944,0.509292228321178,40.99421760861234,7.8133114968448085,0.20684028799761214,0.4547969744815945,0.629846321269753,5739.881969975454,0.5089923744535453,41.482552083335776,7.777577061966193,0.20930630623427984,0.4575000614582252,0.6254104417049876,5745.77751633962,0.5077166054468606,41.34503652441387,7.821684020542511,0.20627333910725287,0.4541732478991391,0.6257489676936043
15.jpg,Normal,4877.771951593121,0.5282973756851517,37.77875306372673,7.709399616843416,0.21393775526380404,0.46253405849061974,0.682576054559361,5706.849196462631,0.5101345378675097,41.11158785082674,7.800860313345341,0.20726816613456264,0.45526713711244593,0.6293451772568598,5721.852450980374,0.5105675768490403,41.413909313727764,7.763180145467421,0.20981707275605832,0.458057936025628,0.6276508568506507,5721.856931949019,0.5087288499213316,41.09571703191124,7.806867735267013,0.20675942098419947,0.45470806127030505,0.6283704380715455
16.jpg,Normal,4852.832092524466,0.5287314985274355,37.65059742647196,7.694996059759915,0.21468120300719296,0.4633370296093255,0.6832523357907042,5692.547066512611,0.5115020664733462,41.02980392156885,7.786251608622661,0.2080502619215166,0.45612526998788017,0.6291702827647581,5701.869607843095,0.5117982861682928,41.28915441176719,7.75559015486414,0.21059354319412146,0.4589047212593497,0.6278423836583719,5728.083183390748,0.5094707442542519,41.024083044983286,7.790400384408387,0.20756231816345447,0.4555900768930931,0.6268553527308784
17.jpg,Normal,4891.117080269551,0.5283330489406582,37.82103247549191,7.683976255661658,0.215337005932304,0.46404418532323405,0.6806097331618666,5711.9195693961055,0.51228608801427,41.07949250288408,7.77085595873583,0.20873560327353263,0.4568759167143007,0.6277439713471359,5762.238036151931,0.5124078217382975,41.53907781863015,7.737681478054917,0.21128865677253394,0.45966145887221604,0.6237331943154838,5723.646228373456,0.5106096758557007,41.00595155709369,7.77916693463598,0.2082372161893955,0.45633016138471005,0.6269797239785849
18.jpg,Normal,4842.149984681313,0.529679390460886,37.57069546568751,7.672714610199592,0.2161653239873687,0.46493582781645115,0.6840871453753786,5720.261776239652,0.5115331873019182,41.07481737793188,7.766561117247575,0.20944398571479486,0.45765050607946983,0.6275292344825496,5722.064169730362,0.5117642308633804,41.42682291666947,7.729224372716021,0.21199057643966424,0.4604243438825365,0.6266869582632126,5715.533348711804,0.5106487779531731,41.03437139561752,7.771682300423462,0.20896265450231635,0.45712433155796506,0.6278371226684214
19.jpg,Normal,4879.949601715654,0.5293533885988823,37.6746017156878,7.679197957946503,0.21695929645007542,0.46578889687290254,0.6804749118030101,5731.927197231568,0.5124830242056186,41.08462898885072,7.766491704192186,0.21035368320936984,0.4586433071673126,0.6254303620603473,5720.4227634803765,0.5121096469313686,41.257352941178716,7.734553488372194,0.21286574349436557,0.46137375683318355,0.6254501552973564,5663.988712033611,0.5107828848597046,40.77908496732076,7.770559702357806,0.20976227940629,0.4579981216187355,0.6298700021547079
2.jpg,Normal,4960.435355392106,0.5247757881428177,38.11176470588385,7.73950950885366,0.20924244177822843,0.4574302589228531,0.684353369584585,5938.016239907491,0.5057716728725924,42.15797001153411,7.836780328805589,0.2027289123858579,0.4502542752555026,0.6228752841471946,6044.102236519591,0.5054323727756286,42.784865196081434,7.801173067651623,0.20533133559967662,0.45313500813739455,0.6154089873135543,6001.871126489609,0.5043241695345416,42.384282968089394,7.840429077409932,0.2022909009801369,0.44976760774886504,0.618819846272801
20.jpg,Normal,4808.5371476715145,0.5292955875154536,37.32090992647189,7.684156244552744,0.2175920117302925,0.4664675891530863,0.6833433350926577,5703.830173010138,0.5127536583763908,41.037985390234816,7.776535729482843,0.21099276015623547,0.4593394824704659,0.6251283424303068,5666.425030637193,0.5119291805374061,41.08768382353159,7.740424789357296,0.2134587548305244,0.46201596815534896,0.6268578825755262,5624.128550557267,0.5110651208557598,40.549004229143094,7.775526256708499,0.21041742434580948,0.4587127906934899,0.6303665557735592
21.jpg,Normal,4765.688893995035,0.5317881493049413,37.16220894607997,7.660045721165972,0.2183218413124397,0.4672492282630756,0.6855364196972542,5676.734686658741,0.5130481006225519,40.86042291426394,7.753378427271792,0.2115890359505506,0.45998808240056677,0.6261633441298778,5666.769393382361,0.5120814310035644,41.17162990196302,7.720924800782514,0.21406902496588326,0.462675939471552,0.6260915669605307,5598.269911572207,0.5115995972699038,40.47364859669355,7.754801886835813,0.2110535137687275,0.4594056092046847,0.6313305768333636
22.jpg,Normal,4757.058409926463,0.5315806316099261,37.137178308825185,7.665610048505686,0.2189130288683831,0.46788142607757266,0.6851093597075936,5654.018485197736,0.5139318406027464,40.73848519800087,7.7551398927741175,0.2122762434407653,0.46073446087824305,0.6264816481840008,5630.992876838188,0.5136489529220095,40.96184129902172,7.722111694506863,0.214752223547859,0.46341366353168634,0.6272752246738565,5553.360092271966,0.5127831734078211,40.30422145328728,7.759862062034337,0.2117186028917283,0.4601288981271751,0.63313138891628
23.jpg,Normal,4765.298881740169,0.5354205493907817,36.89275428921707,7.617810191816077,0.22003689259604833,0.46908090197326124,0.6867960836001231,5678.001584005908,0.5166316639531208,40.721307189542756,7.7133815507012455,0.2132769795312423,0.46181920654217307,0.6275561215161553,5668.50281862739,0.5166553181050763,41.00333946078664,7.679749665873644,0.21576829017863267,0.4645086545788277,0.6274460055491117,5624.371257208492,0.5154957962889253,40.39780084582871,7.718161435426421,0.2127433808399364,0.4612411309065318,0.6310739590195867
24.jpg,Normal,4779.856678921532,0.5364014590358244,36.96256127451084,7.587253078247392,0.2209389846962905,0.4700414712515168,0.6866951281515185,5732.427051133966,0.5173211535673999,40.78340638216081,7.684676050089314,0.21421687355656024,0.4628356874275797,0.6250134830287142,5733.468642769572,0.5177195198631618,41.14064031863019,7.652819583861352,0.21667941177437058,0.46548835836610414,0.6242014436594667,5671.757985389992,0.5166272748185027,40.57394848135354,7.685148799494929,0.21362851403849015,0.4621996473803178,0.6289821478626999
25.jpg,Normal,4772.938756127389,0.5383214411243609,36.84068627451128,7.563980617059714,0.22175721845760415,0.4709110515347927,0.6883806264388367,5749.152756631846,0.5197693557133802,40.812764321415074,7.657060657524406,0.21504544092654346,0.4637299223972327,0.625401697492037,5746.932291666607,0.5184415206799071,41.17745098039467,7.6280338733663315,0.2174129816077827,0.4662756498121928,0.6248017066515966,5663.392172241165,0.5174791985384811,40.531426374471806,7.665717279299218,0.214355170467469,0.46298506505876513,0.63098961117162
26.jpg,Normal,4734.629427083326,0.5408788216345138,36.50280330882492,7.53402971969925,0.22266555475234892,0.47187451165786537,0.6912139288193552,5731.215255670635,0.5214158015265523,40.62056132256849,7.631892447614125,0.2158897502678333,0.46463937657912,0.6269762223957225,5699.094806985254,0.5206903441817985,40.89100796568874,7.599697420912295,0.2182676564783628,0.4671912418682127,0.6283264248103262,5704.220684351918,0.5183064819136933,40.576762783545085,7.638297906152076,0.21514170839885874,0.4638337077001398,0.6287332000206987
27.jpg,Normal,4687.41107536759,0.5404712325407778,36.30984987745254,7.540007916043988,0.22324317917490002,0.47248616823659506,0.6921867137791993,5607.748958092798,0.5235091296610166,39.965643983083574,7.6304134370234955,0.2165310226853096,0.46532894030493055,0.6324988751300019,5585.677006740172,0.5217521344772509,40.33552389706102,7.601055675657431,0.2189302070617501,0.4678997831392424,0.6332127576827641,5682.069480968592,0.5194180892403231,40.365859284890476,7.638065667266159,0.21577292311073637,0.46451364146894153,0.6276283154879995
28.jpg,Normal,4717.706724877405,0.5405248158598578,36.55543811274671,7.543412482162097,0.2239313178265019,0.47321381829623477,0.6887182167558896,5583.983544790204,0.5220627279672284,39.90308342945068,7.634866089121566,0.21720747596438275,0.4660552284487137,0.632310185889915,5627.0028033087965,0.5216997873073443,40.59122242647276,7.602873145228654,0.21958042331064334,0.46859409227031806,0.6287358555946101,5677.085090349636,0.5196455535859787,40.426420607459036,7.643396207077773,0.21648168324957487,0.4652759216309983,0.6261797075843313
29.jpg,Normal,4697.933563112725,0.5397285908194329,36.48717830882504,7.532643896445423,0.22443246409536521,0.47374303593336886,0.6872487680891237,5596.627312571828,0.5236124983901838,40.12442906574425,7.616792441900314,0.21786018573604418,0.46675495255652527,0.6281808522912028,5595.309589460789,0.5213660178379045,40.47144607843388,7.588313038546329,0.22014387530420207,0.46919492250471134,0.6275213811494318,5690.331826220482,0.5198391000851695,40.458392925798194,7.628446513559924,0.2170751724304528,0.46591326706851005,0.6219554721728949
3.jpg,Normal,4961.128538602893,0.5230541559472573,38.10246629902122,7.743040157068642,0.20942175009057254,0.45762621219787286,0.6831758935062394,5922.958539023228,0.5059015346768445,42.07109573241117,7.838481856962783,0.20298981957841614,0.4505439152606726,0.6224825531668733,6033.789399509807,0.50567548485087,42.69656862745389,7.801902084832207,0.20561009836426347,0.4534424973072809,0.6146852057324568,5989.561937716004,0.5043506436099453,42.31300269127288,7.84057379739865,0.2024954891364989,0.44999498790153086,0.6182373866914975
30.jpg,Normal,4666.819087009749,0.5387177548934493,36.46142769607976,7.527964588691692,0.2249607856750236,0.4743003116961063,0.6880105844841334,5549.388127642979,0.5222332404951651,39.922937331795964,7.624333347737926,0.2183515359856549,0.4672810032364411,0.6297632613238854,5525.073544730341,0.5211962846167403,40.262791053923785,7.592754769604787,0.2206853690731276,0.4697716137370665,0.6306433222397501,5680.245090349612,0.5181491951310185,40.58323721645533,7.635131185413339,0.21757107598158593,0.46644514788084773,0.6210329195292239
31.jpg,Normal,4651.931250000003,0.5385009776291398,36.35367647058961,7.553596653635139,0.22517628975924492,0.47452743836288847,0.6875393345540247,5495.208873509971,0.5211667333964065,39.66131487889285,7.645313563545834,0.2185764963970342,0.4675216533991064,0.6316483689022772,5503.094286151943,0.5210940654479465,40.02556678921743,7.6091331924268015,0.22095469321190273,0.47005818066692845,0.6303750346436693,5660.850888119727,0.5177055316714951,40.488012302960925,7.656768418816816,0.21783630470132506,0.4667293698722259,0.6205451501413066
32.jpg,Normal,4682.515073529367,0.5390226878024883,36.418995098040675,7.541140544978376,0.22572758775479607,0.47510797483813727,0.6844066932975156,5525.635201845204,0.5218975402123692,39.801138023837105,7.631520265974066,0.21911947509049556,0.4681019921881294,0.6283415544531964,5474.2713388480015,0.521099307548524,39.99768688725717,7.5980947839191915,0.22146540364986184,0.47060110884895057,0.6310507044109798,5636.290580545707,0.5187404968770177,40.384698193002855,7.6408525221415,0.21837071554883336,0.46730152530120567,0.6208987891353795
33.jpg,Normal,4707.16669730385,0.539493244220057,36.59739583333486,7.5237046459068075,0.22596749428582422,0.47536038358894006,0.6832501532344213,5535.618193002442,0.5232453839668718,39.867389465590556,7.612588336444168,0.21947195194964925,0.4684783366919427,0.6282632925883069,5456.730468749981,0.5230188796036411,39.94839154412007,7.577691805483583,0.22176437841411095,0.47091865371220004,0.6328188298238592,5593.531026528033,0.5197678675358902,40.19175701653239,7.620219507727905,0.2187194504349062,0.46767451334759114,0.6243742371475108
34.jpg,Normal,4678.409604779407,0.5399567772573337,36.467172181373854,7.527059588214776,0.22626141294090554,0.4756694366268507,0.6853901459150571,5466.454609765225,0.5244764182802273,39.533794694348565,7.615959541221298,0.21972719237783184,0.46875067186920577,0.633146920395271,5446.341421568587,0.5236298208163244,39.79687500000234,7.584258091577855,0.2220668682730314,0.47123971423579253,0.6337574963105918,5552.313648596466,0.5202483045172334,39.983129565552055,7.624772984495002,0.2189926467523599,0.4679665017416951,0.6273849311251365
35.jpg,Normal,4705.999800857805,0.5410532568895446,36.539629289217075,7.508232868045525,0.2266570329210528,0.4760851110054302,0.6843732330948897,5487.7054209917405,0.5255490341558869,39.598231449442885,7.596557570450933,0.2201455353657203,0.46919669155453375,0.6326995188311693,5432.7770833332725,0.5246978177868594,39.72898284313917,7.560689678816071,0.22245058815765867,0.4716466772464942,0.635636982778667,5556.657424067396,0.52261738792199,39.9206612841213,7.603963724644556,0.21947165501833554,0.468478019781436,0.628084456256859
36.jpg,Normal,4668.462147671494,0.5417210642274619,36.19214154411926,7.496495159966732,0.22676688575991558,0.47620046803832056,0.6885389458928832,5510.586728181234,0.5262363769869359,39.59277201076553,7.5801001920191915,0.22025348000771827,0.46931170879035,0.6331126394334765,5355.117049632317,0.5254147224804314,39.24103860294305,7.547554129517478,0.22258361253248346,0.47178767738515964,0.6427372307201008,5518.404336793336,0.5232926878449596,39.56139946174585,7.587183157251789,0.21957721167511282,0.4685906653734289,0.632592153697366
37.jpg,Normal,4740.3643382352675,0.5429909366351644,36.48893995098175,7.472625475723513,0.22673049357733285,0.47616225551521074,0.6868949346054867,5580.154202229652,0.5268028114969668,39.795324875048124,7.560609882797316,0.22022323333803343,0.46927948318463,0.6321857423076206,5446.339384191102,0.527257783558991,39.531908700982434,7.5237323681738095,0.22256375123270605,0.4717666279345181,0.6402714944713433,5548.529104190482,0.5257492316594738,39.65134948096887,7.563472850474954,0.21961693318523703,0.4686330474745001,0.6342703015398878
38.jpg,Normal,4695.796706495066,0.5436548038054517,36.299739583334876,7.469915903108401,0.22701152914471004,0.4764572689598827,0.6898434507242325,5595.543483275437,0.5267708148561081,39.91004998077693,7.5578839927436645,0.22043622887208564,0.4695063672327412,0.6311791975815951,5496.8960171567705,0.5271877221014399,39.70284926470777,7.5203064892505544,0.22278663397687018,0.47200279022148817,0.6369372163569103,5542.8542714338155,0.5260951845293516,39.647197231834284,7.562947155383129,0.21984437973116946,0.4688756548714909,0.6346521180312839
39.jpg,Normal,4640.960723039171,0.5428882185240985,36.093933823530676,7.4858054138132815,0.22737339487656327,0.476836864007559,0.6912114735011092,5535.120738177377,0.5256396463561201,39.68316801230305,7.577406692165585,0.22071628299021273,0.46980451571926457,0.6324765598297528,5440.018014705816,0.5261400292341382,39.54718137255093,7.545493426697594,0.22321083746456752,0.47245194196295515,0.6380505903703626,5496.139484813303,0.5246108006544975,39.549342560553804,7.58409336657075,0.22019165739520488,0.4692458389748436,0.6350648546504412
4.jpg,Normal,4927.243795955827,0.523273178615753,37.996798406864336,7.748719961317547,0.2096386901787867,0.45786317844830754,0.6850388478126388,5910.275847750653,0.5059046012170381,42.08090734332985,7.842295031801225,0.20314137847518976,0.4507120793535378,0.6229331314886435,6000.868749999992,0.5051551534096189,42.638082107845946,7.8086572182163625,0.20573558286748458,0.45358084490803247,0.616425156062311,5910.731980007436,0.5041891057156122,42.00355247981592,7.841968367779973,0.20266566199610178,0.45018403125399925,0.6229040309244457
40.jpg,Normal,4657.462928921513,0.5427449501576034,36.201899509805074,7.4757622594722335,0.227950643959887,0.47744177022950873,0.6886571025574391,5572.992910418826,0.5253298375878012,39.876816608997004,7.570450570543502,0.2212954760696233,0.4704205310885392,0.6282235295069724,5454.18526348037,0.5266169896768902,39.60386029411959,7.531760844118919,0.22379599706551126,0.4730708161211292,0.6354034747225954,5478.062806612575,0.5242194030797759,39.56066128412189,7.568294553160202,0.22076609874587286,0.46985753026409277,0.6345563527321043
41.jpg,Normal,4594.2419883577895,0.5420529890699755,35.89820772058976,7.472722645393459,0.22824214866398093,0.4777469504496925,0.6919888317047106,5544.057547096998,0.5246857281035723,39.77018069973105,7.563903568106973,0.22165501329549112,0.4708025204854909,0.6290785701644053,5424.592356004798,0.5259124133093528,39.54002757353145,7.528880691584603,0.22411055961263235,0.47340316814807265,0.6363255346565324,5475.8427989233005,0.5248787475362661,39.40641291810852,7.566655978220088,0.22112635766500902,0.4702407443693167,0.6336424318692235
42.jpg,Normal,4686.79849877447,0.5432392959873886,36.30229779411912,7.453632493316159,0.2282136408343973,0.47771711381778786,0.686626648317095,5566.745590157402,0.5258680571157403,39.88059976932001,7.539684535459528,0.22161789924670028,0.47076310310675396,0.6285614477703027,5510.667861519544,0.5268083116398872,39.99273897059054,7.5095762595866535,0.224094334140272,0.4733860307827767,0.6315461051395604,5533.563613994371,0.5255489674320012,39.66640522875839,7.545862000008913,0.2210459171873359,0.4701552054240556,0.6307754999461312
43.jpg,Normal,4666.252052696012,0.5441919310870835,36.14662990196225,7.450760426037593,0.22864609497988816,0.47816952535673807,0.6881778094056787,5558.117524029005,0.5262792037280289,39.75603229527149,7.539752972079282,0.22203112333272312,0.47120178621554815,0.6293481092661966,5526.967984068606,0.5260321753228895,40.00183823529645,7.513237566108898,0.22442428277969093,0.47373440109378895,0.630665692025245,5570.360599769088,0.5240376558673814,39.92876585928521,7.550310805984192,0.22129076501964765,0.47041552378684065,0.6285316603242945
44.jpg,Normal,4640.288694852914,0.5440389221226611,36.071139705883695,7.4518692770022446,0.22846588475050103,0.4779810506186422,0.6887653441359551,5546.186359092467,0.525778938145227,39.8232987312574,7.547558257349085,0.22175158987910285,0.47090507523183783,0.6287749550169766,5493.712653186217,0.5247139471909786,40.03596813725694,7.513352800931285,0.2242065348732377,0.47350452465973086,0.6315281668806618,5543.4807535560785,0.5246214451913112,39.76316801230312,7.548562402208932,0.22110627075258657,0.4702193857685863,0.6289560503628446
45.jpg,Normal,4640.508838848022,0.5428376798281545,36.0477481617662,7.451592840949655,0.22820345481538584,0.47770645255782956,0.6875276588969694,5554.699946174329,0.5271682277973917,39.73139561707067,7.541092919065764,0.22162547129075091,0.470771145346389,0.6267456170965957,5476.041773896992,0.5250859855989335,39.87066482843374,7.512067398608953,0.22401304392417892,0.47330016260738694,0.6312697700307539,5513.458946558783,0.52514364121742,39.574717416378654,7.548606686002209,0.22094502818196712,0.4700478998803921,0.6295168529888944
46.jpg,Normal,4596.880162377441,0.542730405649048,35.8977175245113,7.473469360528761,0.22820267914560943,0.47770564068849913,0.6900936262421267,5520.415301806765,0.5261106989237088,39.65211841599415,7.566769943906954,0.22155851168378726,0.47070002303355296,0.6286037780598751,5446.728063725447,0.5252264836908914,39.68707107843342,7.530969793969769,0.2239798242321556,0.4732650676229502,0.6328023953811804,5505.964921183931,0.5239246881649372,39.57500961168828,7.575314583795633,0.22089744431860975,0.46999728118214656,0.629575954332039
47.jpg,Normal,4546.209329044097,0.5433950373137527,35.7185508578447,7.4584077787624485,0.22804491863695253,0.4775404890027154,0.6920932075818961,5522.659976931709,0.5249484591562562,39.749434832757004,7.551493469261113,0.22133138891241594,0.47045870053854455,0.6267387548590344,5451.4612132352495,0.5248336129345573,39.75523897059041,7.516787933259213,0.2237739508432395,0.4730475143611258,0.6307861740907907,5497.93539407896,0.5237577242940988,39.60238369857782,7.559810832889805,0.22068520488920756,0.469771438988374,0.6284098207258012
48.jpg,Normal,4570.77204350485,0.5434050481122259,35.780591299021,7.455084320806161,0.22818299442773993,0.47768503684723046,0.6906413057874331,5494.133871587614,0.5259326923523158,39.57313341022711,7.550830878682459,0.22145092558250545,0.4705857260717812,0.6289223269334114,5472.213572303879,0.5245041672788696,39.7443014705907,7.517281420387394,0.22392199770416316,0.4732039705076059,0.6296330619730958,5490.540915032407,0.5241199480329712,39.50488273740881,7.551933152954382,0.22089585288029862,0.4699955881498236,0.6291649977508785
49.jpg,Normal,4589.3931678921035,0.5424604505105667,35.94028799019721,7.466026682439947,0.2280384544483782,0.4775337207448058,0.6884067704198663,5484.531534025153,0.5243062706847265,39.573687043445055,7.5592760171072095,0.22130854258456972,0.47043441900499766,0.6284088855427635,5421.406081495051,0.5245893924048353,39.588250612747075,7.5275102257984035,0.22382572055302208,0.4731022305517298,0.6319210321700017,5506.457039599892,0.5233071120645523,39.62929642445258,7.56567784810803,0.22074708426278414,0.4698372955213157,0.6269233761604189
5.jpg,Normal,4997.260248161708,0.5237807374603294,38.22400428921744,7.727842182023901,0.20981051880989582,0.45805078191167387,0.6806091555876373,5875.146758938658,0.5061571061582808,41.84735101883931,7.818729159939102,0.20332302357338908,0.4509135433466033,0.6252305085145429,6032.141865808751,0.5054491923317106,42.7908241421598,7.786115309676366,0.20590618105706382,0.4537688630316803,0.614476892846014,5932.669158015893,0.5047389393139967,42.042352941177,7.82564832631986,0.20283502908512757,0.45037210069577754,0.6215612145997329
50.jpg,Normal,4540.203186274489,0.5431686545421215,35.66654411764831,7.466709403361105,0.22796148479859296,0.47745312314256877,0.6914024924406433,5519.43292579751,0.5250212845498935,39.66815840061554,7.563804086438804,0.2211929697287149,0.47031156665418605,0.6256261746272551,5399.436274509737,0.5243370537309293,39.503645833335256,7.526641674151631,0.22365007704864276,0.4729165645741781,0.633002723606914,5533.213963859835,0.5232344640004738,39.7317647058826,7.567198066473796,0.22060254481746525,0.46968345171771303,0.6246914300608571
51.jpg,Normal,4621.76956188719,0.5419065920497663,36.05255821078575,7.477305906554782,0.22796479350949017,0.47745658808889646,0.6873491744336714,5521.652379853668,0.5248281602973692,39.65800845828554,7.56886602187199,0.22126438874494003,0.47038748787030893,0.6272503387994989,5455.000505514673,0.5243702863533943,39.684083946080435,7.533485144461677,0.22379943566090513,0.4730744504418994,0.6309832206729051,5565.402599000144,0.5229619420713127,39.814932718185695,7.578592094256672,0.22069788046233726,0.46978493000769755,0.6242968969233287
52.jpg,Normal,4650.080376838177,0.5431099824412566,36.20200674019768,7.470390198117416,0.22801402102640184,0.47750813713108786,0.6855574602513945,5496.934532871761,0.5257134985833383,39.55094194540594,7.556795459829714,0.22133192092913068,0.47045926596160337,0.6290621863805331,5485.36015624993,0.5250479137303101,39.80972732843349,7.526452215929631,0.2237840527365192,0.47305819170216173,0.6290744915258215,5570.033371779834,0.5241411491012296,39.786082276048035,7.5643696130972415,0.22073106156072458,0.46982024388134297,0.6241294146110108
53.jpg,Normal,4642.479105392106,0.5429971167612567,36.1208639705897,7.462553323713207,0.22796178293456726,0.4774534353573836,0.6861821594752804,5553.472326028194,0.5253423477055824,39.76602845059621,7.557890187718408,0.22129152928371135,0.4704163361148413,0.6253816387649089,5488.197855392142,0.5253394533433936,39.77224264706103,7.52240110255289,0.22374106718483763,0.47301275583734276,0.6290144624505084,5590.343006535725,0.5232523567207948,39.95444828911981,7.561118193007373,0.22067852955169767,0.46976433405666046,0.6228944680186717
54.jpg,Normal,4641.902052696031,0.5418326703007595,36.18137254902136,7.452983126370936,0.2279155611820404,0.47740502844234933,0.6865382596535942,5537.956247596829,0.5253869489583564,39.753156478277745,7.543318214583769,0.22125785566484366,0.4703805434590632,0.6268044222975131,5465.787331495095,0.5252782910862829,39.76904105392382,7.511730426023208,0.2237865587916932,0.4730608404758242,0.6309048708085104,5525.478892733328,0.5255224351313339,39.60868896578256,7.5520559199429025,0.22073340165379496,0.4698227342879386,0.6276452548083313
55.jpg,Normal,4610.658011642169,0.5411920079480835,36.03613664215841,7.4777580854911525,0.22785163853021947,0.47733807571805903,0.6888099217738258,5522.046797385335,0.5243643032194657,39.73454825067306,7.570306303394107,0.22124610884461124,0.4703680567859719,0.6280684673723811,5409.10689338233,0.5245180324656311,39.53743872549213,7.533459879117016,0.22380760817680914,0.4730830880266268,0.6349218833170905,5453.687673971278,0.5239056641740104,39.3562014609769,7.570140361826412,0.22072018602280316,0.46980866959093376,0.6326727227279354
56.jpg,Normal,4532.716666666647,0.5414474616366928,35.71495098039361,7.490201019681421,0.2279245520759045,0.4774144447708977,0.6940266788729098,5477.796447519941,0.5230597451989778,39.462945021146034,7.584505285432429,0.221233481873141,0.47035463415718676,0.6309928020674684,5347.3120710783405,0.524659750868149,39.322395833335364,7.543803638369533,0.2238727298256697,0.4731519098827243,0.6390422577817957,5421.477400999375,0.5240387902157646,39.24158400615178,7.5884430695291805,0.22077515509172305,0.46986716749707363,0.6347866877559734
57.jpg,Normal,4594.719868259746,0.5421921433242438,35.964077818628965,7.480136842922861,0.2277078809084539,0.4771874693539782,0.6910735716278674,5479.11149557841,0.5246927599513055,39.547973856209516,7.567892565392668,0.22109673986059766,0.4702092511431455,0.6323669177274975,5350.496936274457,0.5252063270172362,39.18431372549215,7.532190731895336,0.22367324823261533,0.47294106211304526,0.6402584586565689,5429.976516724102,0.5242522953621529,39.226866589773266,7.573755065657055,0.22059489697374296,0.4696753101598411,0.6356637376111947
58.jpg,Normal,4613.138602941144,0.5426257107710608,36.05609681372701,7.476493729168336,0.22790134862613684,0.4773901429922248,0.6899694779945476,5476.792433679122,0.5253843275255744,39.54088427527933,7.567355474292644,0.22123017625073885,0.47035112017591585,0.6326817889137837,5323.44178921562,0.5263426986724277,39.1025122549041,7.529143132693956,0.22385785775686334,0.4731361936661191,0.6422320457777944,5485.480876585658,0.5248337684381498,39.51037293348717,7.567213294841383,0.22074896222620088,0.4698392940423362,0.6320990713205562
59.jpg,Normal,4587.235968137219,0.5425387273111774,35.94041053921729,7.493414098221333,0.22820123762710443,0.4777041318924345,0.6915276162569312,5412.849565551473,0.5239985020316518,39.294502114571415,7.58283338565094,0.2214854959079106,0.4706224558049803,0.6367542869839414,5335.864414828428,0.5260173805944405,39.13092830882559,7.543117340781059,0.22416398027528167,0.47345958673922917,0.6411830848682432,5389.7763783158025,0.5242174229438286,39.10977316416825,7.583527266516963,0.22105292303978502,0.47016265593918133,0.6383026833041207
6.jpg,Normal,4925.034681372488,0.5253686569357764,37.936979166668515,7.717169601074432,0.21061320514992238,0.4589261434587513,0.684152740316796,5858.202675893616,0.5075606106738211,41.69813148788971,7.812376797547335,0.20397974327765242,0.4516411665001901,0.6250380352594876,5989.397227328382,0.506357272569836,42.52014399510085,7.7804192920654,0.20656186219345224,0.4544907723963736,0.6159056160407639,5910.629311802917,0.5045034381602367,42.01727028066137,7.819567471282531,0.20346475854918541,0.4510706802145152,0.6216823994966327
60.jpg,Normal,4495.480928308762,0.5422815354769978,35.55222120098172,7.498814256920319,0.2282254855500738,0.4777295108637039,0.6965661326926176,5341.957385620666,0.5239535640870986,39.099746251442205,7.592175292422717,0.22145659542143845,0.4705917502692099,0.6401709009099124,5316.707965686233,0.5262051114104769,39.07622549019815,7.554631647326242,0.22423556752068585,0.47353518086905205,0.6411367836289146,5383.53576316778,0.523344968945917,39.13708573625525,7.5961431948723455,0.22102105158467003,0.470128760644007,0.6373702214857992
61.jpg,Normal,4537.497166053899,0.5422278292505816,35.7927849264719,7.4842706601188835,0.22841783499387172,0.4779307847312953,0.6929840185296449,5336.332518261943,0.5252180410717895,39.087028066128546,7.575699986183196,0.22158800969870293,0.470731356188116,0.6396775406648442,5385.249739583295,0.5243452572064745,39.48907781862915,7.541364324252011,0.22430098366828274,0.47360424794155165,0.6356277619465476,5427.807489426933,0.52451392845205,39.339392541330284,7.580652848822681,0.22125291496907235,0.47037529162262803,0.6335009228350963
62.jpg,Normal,4571.079580269546,0.5423451457503223,35.85212928921701,7.482600225358428,0.22855308054621626,0.4780722545245815,0.6901393558610204,5400.867574009756,0.5253769930083654,39.211318723568226,7.572867428765205,0.2218069398383989,0.4709638413279717,0.6346493258658304,5425.77106311271,0.5251664911568806,39.48353247549219,7.538185543761998,0.2244925775057653,0.47380647685079746,0.6322089032787921,5479.933594770994,0.5237569173782162,39.56438292964269,7.574291037529432,0.22136959371963288,0.4704993025708252,0.629300773324889
63.jpg,Normal,4549.2897365195695,0.5432959054325157,35.843964460785976,7.463500031826581,0.22917206690550151,0.47871919421044895,0.6916494072248397,5407.587389465336,0.5252733775083707,39.30552864283014,7.557340641181832,0.22234385597733092,0.4715335152216976,0.6342341611923725,5455.024877450893,0.5252136066734523,39.72775735294341,7.524134544144509,0.22510369347434758,0.4744509389540162,0.6302682247168958,5490.557846981635,0.5240784921412516,39.542575932334,7.559300812673505,0.22190582044815435,0.4710688064902561,0.6286220911870295
64.jpg,Normal,4489.919607843094,0.5434543869653436,35.479748774511464,7.485297516817843,0.2292063787067812,0.4787550299545491,0.6956070880795054,5403.135717031704,0.5248317939335643,39.28405997693226,7.579282988427225,0.2223085304932828,0.4714960556497613,0.6344550630965862,5421.940962009777,0.5249038864887204,39.59730392157053,7.545309094746388,0.2250816178022051,0.4744276739421986,0.6324324387531715,5433.583144944006,0.5233068649685855,39.320815071126646,7.581812941617689,0.22189356514339872,0.47105579833327466,0.632395166085304
65.jpg,Normal,4491.196323529358,0.5444230870938276,35.45422794117798,7.461521650922945,0.22938759093584796,0.47894424616634446,0.6972198762333482,5446.878077662223,0.526141525465517,39.43444828911949,7.559791182951598,0.22249355039143284,0.4716922199818785,0.633551623949521,5439.567264093051,0.5256336867951635,39.619960171570824,7.525944588037029,0.22518394085985552,0.47453550010495055,0.6332948954328906,5484.801091887508,0.524395177542811,39.52576701268816,7.562185953890786,0.22203889037468222,0.47121002788001254,0.6310002859574341
66.jpg,Normal,4479.267432598,0.5457744357275565,35.34503676470736,7.447377281120523,0.22948457652657722,0.47904548482015485,0.6992480710824516,5469.643460207361,0.526754809756682,39.44064590542144,7.5449308213025645,0.2225907342001639,0.471795224859434,0.6335144913003572,5510.113449754858,0.5271446074726986,39.902542892159225,7.510715308979416,0.22532180510433755,0.47468074018685186,0.6300500571296683,5520.067912341151,0.5259187815474325,39.61544021530192,7.55078277563522,0.22212020875679894,0.47129630675064593,0.6301358741883596
67.jpg,Normal,4446.814384191114,0.5484788463088062,35.14594056372674,7.414105344895798,0.23005708042568895,0.47964265909705006,0.7020265747981911,5511.99641676251,0.5278074830542402,39.59706266820487,7.5163890023097215,0.2229896504777414,0.4722177998315411,0.6314187936519644,5507.209037990138,0.5268280275446335,39.902113970590335,7.478969872569685,0.22573628696583958,0.47511712973312126,0.6309897774137814,5501.6683583234935,0.527941775738065,39.48732026143842,7.5142468121520825,0.22264085209022655,0.4718483358985454,0.632109419688497
68.jpg,Normal,4448.905024509774,0.550569677238335,35.02686887255036,7.398082828438632,0.23046216273233613,0.48006474847913605,0.7030155088132255,5474.8614071508255,0.5300319516808335,39.427466359092776,7.502998101183357,0.22340881945734922,0.47266142158774627,0.6352865586337184,5503.344960171546,0.5296942823024758,39.772962622551255,7.4688716650672715,0.22611467454607434,0.47551516752473244,0.6326418330546063,5489.551049596049,0.5297089471726888,39.367673971549536,7.505201567906282,0.22299338228112853,0.47222175117324755,0.6343079932143907
69.jpg,Normal,4419.336075367614,0.5496089435679297,34.91306678921674,7.404574776219675,0.23086763621778114,0.4804868741368292,0.7043035507509121,5402.566689734489,0.5301777865734902,39.01424067666292,7.509590147973234,0.22367870542230742,0.47294683149621314,0.6392609679343769,5471.752573529352,0.5289872649875321,39.70113357843347,7.475854834229626,0.22633275625687435,0.4757444232535725,0.6338963683012252,5447.8588389078395,0.5281823723954799,39.22154555940076,7.51516729052854,0.22322017713911055,0.472461826118376,0.6362367301986322
7.jpg,Normal,4990.539031862701,0.5249202292331884,38.192953431374434,7.726475266492752,0.21088225673071287,0.4592191815796819,0.6799720387120335,5890.809396385763,0.5065260341419966,41.95501730103866,7.8177644297368785,0.20420147918764125,0.45188657779097763,0.6229793759843241,6010.252588847989,0.5071740366953756,42.51153492647315,7.783089797605,0.20689352620000864,0.45485550035149475,0.614592807732051,5956.168473663742,0.5044269069574687,42.21802383698629,7.825714703961445,0.20368960851299708,0.4513198516717352,0.6187962971504448
70.jpg,Normal,4451.497702205811,0.5485880003521497,35.1444852941189,7.434838788151164,0.23103066567253902,0.480656494466203,0.6998699567244897,5446.004382929406,0.5291956507176014,39.335286428296996,7.534300444596543,0.2239359315416806,0.4732186931448087,0.6335748004050413,5467.559145220501,0.5281876278599638,39.68904718137479,7.499976027703982,0.2266199005024057,0.4760461117396147,0.6313714152375944,5426.71856978061,0.5272881181976162,39.18466743560176,7.534775420169071,0.22346861345312197,0.4727246698165032,0.6348724137441961
71.jpg,Normal,4499.022257965643,0.5472390171347884,35.443367034315116,7.446799542792994,0.23139657777009354,0.48103698170732523,0.6935639336306544,5389.496578238906,0.5282087662918145,39.06612841214911,7.539205822717478,0.224294840020522,0.4735977618407017,0.6336750063867737,5466.46887254897,0.5273715225238242,39.76541053921784,7.506501876499985,0.2270306815355772,0.47647736728576856,0.6276789163026746,5397.200107650655,0.5267182093087274,39.117216455209714,7.53905806421761,0.22388547497726383,0.47316537804161435,0.6331513961902386
72.jpg,Normal,4487.701087622518,0.547358739923239,35.37596507353074,7.443082851711327,0.23199859971158562,0.4816623295542071,0.6932542729015889,5439.672402921711,0.5274505382406269,39.34529796232259,7.535653056969112,0.22493995859127944,0.47427835560067405,0.6289613928052304,5469.535125612698,0.5282354222227725,39.694684436276624,7.504578513845856,0.22774345471307603,0.47722474235215007,0.6261545723069107,5469.589757785224,0.5268167745717165,39.432987312572244,7.5399512952761345,0.2245265484945186,0.47384232450733926,0.6269207379905131
73.jpg,Normal,4460.217631740154,0.5475858969700389,35.269990808824936,7.42908716844403,0.2322527359287239,0.48192606894494083,0.6944616432784217,5465.645321030118,0.5283164308817503,39.36690503652445,7.525454538146184,0.22510487230189957,0.4744521812595022,0.6263718650092911,5453.970128676468,0.5287248312894903,39.595189950982444,7.492501881144636,0.22792491005026613,0.4774148196801877,0.6263981678188808,5450.734286812523,0.526286137522242,39.364321414840774,7.527547244128569,0.2247020129042239,0.4740274389781924,0.6273911740896039
74.jpg,Normal,4443.465701593102,0.54518378682619,35.24266237745241,7.454061550856669,0.23260272315381705,0.48228904523513394,0.69465617695485,5432.655932333507,0.526173651796352,39.34711264898154,7.545642711394549,0.22546389548539184,0.47483038601735655,0.6274612019310495,5366.847778798955,0.5284590802256228,39.261565563727515,7.506243032027676,0.22839996267519388,0.4779120867640762,0.6312135288119872,5383.831849288507,0.5256425579593683,39.03289504036922,7.549731962910667,0.22516334411966152,0.4745137976072577,0.6308092632551885
75.jpg,Normal,4435.808685661692,0.5463489207214574,35.21291360294248,7.434420693037896,0.23288168092114553,0.48257816042703955,0.6947921472873888,5457.74079200285,0.528124820376105,39.500545943867934,7.530198970880487,0.22581417498189577,0.47519908983698167,0.6252627578446461,5333.789246323451,0.5290128668193548,39.11789215686497,7.492858823383655,0.2286071780866364,0.4781288300099006,0.6330155493024107,5373.30234525152,0.5266374692513757,39.009903883122334,7.531122228978384,0.22533943136377965,0.4746993062600573,0.6310604371176955
76.jpg,Normal,4441.682536764659,0.5468146753678461,35.137806372550216,7.438574492190724,0.23323517033458604,0.482944272493821,0.6942908186891593,5428.834279123194,0.5281944336586435,39.34036139946229,7.534147231236535,0.22613833067216874,0.4755400410818933,0.6271315032963092,5342.38025428917,0.5289025859466004,39.15788909313897,7.4969106216684835,0.2288939428863793,0.478428618381446,0.632310177854819,5375.527058823295,0.5266169797611596,39.084828911957175,7.534753210828798,0.2256519357816104,0.4750283526081474,0.6307928018504215
77.jpg,Normal,4419.59842218132,0.5480632795388458,34.982613357844386,7.42025439758307,0.23355002409519315,0.4832701357369325,0.6965554152609099,5446.086013071672,0.5291200397985397,39.28275278738946,7.521327334075519,0.22657367052386018,0.4759975530649923,0.6268619408270844,5409.5590379901405,0.5293030500864256,39.39399509804122,7.487022530315308,0.2292327012618798,0.47878251979565817,0.6285936243364791,5415.944805843659,0.5273925023108567,39.29539407920052,7.525181153417384,0.22597911671828902,0.47537260829615435,0.6289270627401828
78.jpg,Normal,4420.287377450931,0.5486885008108405,34.939981617648336,7.402476440180786,0.23397968402260055,0.483714465384901,0.6967212281686126,5421.156601306962,0.5297456905898189,39.18096116878171,7.500178833881567,0.2269352846133717,0.4763772503104779,0.6288327979455127,5359.801348039127,0.531250050021598,39.06816789215866,7.462315254202602,0.22965574071691613,0.47922410281299094,0.6322687622861501,5377.753510188159,0.528679814850902,38.898638985006016,7.504123167153847,0.22637629445181096,0.4757901790199236,0.6318044523498882
79.jpg,Normal,4407.743198529369,0.5500214303527906,34.90566789215822,7.389322446013843,0.23420616586984064,0.48394851572232417,0.700239640694327,5423.105359476872,0.5299286930306626,39.240845828527696,7.491885026678131,0.22710010703328457,0.47655021459787905,0.6319583558728149,5346.113082107767,0.5318407901826596,38.97172181372755,7.453836246150392,0.2298537756289342,0.4794306786480546,0.6364297805049259,5406.041307189327,0.5299916246311569,38.9948481353325,7.493707045795845,0.2266290039278478,0.4760556731390225,0.6331164159588866
8.jpg,Normal,5022.579549632317,0.5249095665286833,38.46511948529572,7.7200981814886,0.2112009503559093,0.45956604569518544,0.6770832553398464,5855.82123798518,0.5073059179341557,41.725767012687896,7.808299066302418,0.204591987614512,0.4523184581846202,0.624246076289662,5970.126945465699,0.5068068222038982,42.49673713235584,7.778173445627465,0.20716398632952704,0.4551527066046373,0.6161708846688455,5935.634017685231,0.5047880720117013,42.17430219146511,7.817854982797022,0.20395674062037572,0.4516157001482297,0.6191246827368668
80.jpg,Normal,4383.03094362739,0.5525668798606287,34.601409313726585,7.368637584734867,0.2347442014492286,0.4845040778458202,0.7042909506376756,5434.541022683366,0.532647880389545,39.075586312956936,7.4680241940559,0.22771773693075303,0.47719779644373156,0.6341163296179924,5381.118106617581,0.5335400868756549,39.10851715686484,7.433608280116355,0.23040784308589835,0.4800081698116172,0.6369611433155746,5432.809534794086,0.5319317481069581,39.05753171857017,7.472032975154024,0.22717203063171143,0.47662567139392675,0.6342329030584216
81.jpg,Normal,4378.070618872519,0.553588094893401,34.55888480392267,7.347937835584579,0.23536429962924235,0.4851435866104409,0.7037073145909278,5408.576209150113,0.5330177993385138,38.9714109957711,7.45108320308706,0.22823424604851733,0.4777386796654813,0.6347374645013122,5337.270833333302,0.5354301705455962,38.855667892158884,7.410386777036388,0.23102971752740245,0.48065550816296954,0.6387996460606461,5415.717062667951,0.532503428233351,38.941453287197525,7.455141258590146,0.2276998065839716,0.4771790089515376,0.6342552144301884
82.jpg,Normal,4388.510110294093,0.5550508904281032,34.53042279411885,7.328372619388854,0.23561289833151,0.4853997304608955,0.7035476706580825,5431.523029603758,0.5344088197337261,38.9702575932337,7.4287767862079646,0.22858268991588848,0.47810322098464103,0.633863715205469,5348.759757965654,0.535620697126818,38.90562193627636,7.392867239679665,0.2312409606490384,0.4808752027803455,0.6386865338285519,5462.923198769507,0.5336836566069761,39.06865051903121,7.435311679310988,0.2279868510635035,0.4774796865454105,0.631747045310562
83.jpg,Normal,4392.951470588179,0.553357401585453,34.551746323530914,7.330970296165053,0.23628132715658856,0.48608777721373386,0.7025442408576545,5469.445597846768,0.5334802468814521,39.26717416378347,7.431060792485499,0.22923222378783156,0.47878202116185564,0.630434638897466,5375.400214460765,0.5349182092515096,39.0606004901981,7.393913717674812,0.23194014171258587,0.48160164214066575,0.6360264548008597,5429.658685120829,0.5334380476487696,38.88276816609028,7.433515138297746,0.22867890287393905,0.47820382984030885,0.6331230036513791
84.jpg,Normal,4402.522625612715,0.5535848039428595,34.70559129902116,7.326202147928993,0.2371236768444364,0.4869534647627393,0.7011779282525302,5484.156570549558,0.5339156568198795,39.28376778162255,7.421044555722092,0.23004571151716874,0.4796308075146641,0.628547649184204,5421.78964460779,0.5341837751894486,39.273682598041134,7.387765885359977,0.23273610315639084,0.4824273034938952,0.6320008082976666,5442.592741253107,0.5327888395459032,38.966505190311786,7.425444859237022,0.22943671213932523,0.4789955241328725,0.6313628463621941
85.jpg,Normal,4341.851026347981,0.5533455650344311,34.42495404411884,7.318458705599305,0.23783064804484957,0.48767883698685305,0.7032501131128721,5445.47887735461,0.5335476663162609,39.09434832756629,7.424040122410479,0.23069460706365766,0.48030678431983204,0.6286087427494803,5374.441314338142,0.5339095074465998,39.0396292892178,7.384610756339897,0.23342254251508707,0.4831382229911923,0.6326814246443815,5431.20944252186,0.5329567112697299,38.954002306805464,7.42826939033411,0.23013802972028108,0.4797270366784439,0.6295819433553671
86.jpg,Normal,4348.734283088197,0.555236160295709,34.28584558823658,7.313587076797642,0.2384026178570178,0.48826490541202916,0.7041299246917855,5439.070419069344,0.5344436501496677,38.979192618223756,7.411675013257262,0.23124901199560116,0.48088357426262873,0.6307330935622566,5382.813848039136,0.5347466816843207,39.01740196078622,7.377632670922772,0.23397899893171076,0.483713757228085,0.6337809332124954,5472.445767012418,0.5335359517665783,39.03858515955436,7.417782304370405,0.2306587904781636,0.4802694977595013,0.6284671895498597
87.jpg,Normal,4319.692738970565,0.5564626622082174,34.086029411765644,7.304623738507729,0.23863800741102767,0.4885058929133073,0.7054147067849388,5431.802399077006,0.5345026471642533,38.991726259131454,7.4060482774956995,0.23133061784884967,0.4809684166853887,0.6303614418046773,5353.53353247543,0.5353580626263569,38.82679227941346,7.369305339416991,0.23419432784197972,0.48393628489913804,0.6349154099800939,5463.08021530163,0.5335422287060402,39.043798539023655,7.411978136050869,0.2308311915642521,0.48044894792709464,0.6282329610457495
88.jpg,Normal,4354.462224264682,0.5573415022699475,34.14056372549138,7.284310820801523,0.23903882171528018,0.4889159659034262,0.7036189277466735,5464.699454055907,0.5358143009737493,38.96212226066927,7.390952363346957,0.23174397851618458,0.4813979419525852,0.6288467766541856,5416.177022058758,0.5361486690549163,39.07925857843335,7.35173662299209,0.23448124423230834,0.48423263441481135,0.6313588191184378,5507.732256824059,0.5344377433263439,39.071710880430985,7.399204534496411,0.23111138273669468,0.4807404525694657,0.6259240608504524
89.jpg,Normal,4340.122702205857,0.558622151450386,34.047947303922854,7.257617447985367,0.23942384279153675,0.48930955722480707,0.7047074364167226,5484.416793540701,0.5378614047601583,38.92287581699367,7.361229984220072,0.23214641055035004,0.4818157433608309,0.6276543233553833,5426.929503676448,0.5382179229818443,38.983578431374795,7.327156844477099,0.2348668796493533,0.48463066313364167,0.6307696841731779,5550.081507112428,0.5355132666425605,39.23906189926969,7.3704344478440085,0.2315091300911285,0.48115395674474976,0.6231962427377112
9.jpg,Normal,4989.4565563725,0.5250930393097648,38.25625000000155,7.739405896448,0.21153365895300286,0.4599278845134342,0.6773971633496786,5818.245582468034,0.5067062395020954,41.69757785467146,7.832158719716927,0.20491590289804057,0.452676377667358,0.6245451653882947,5881.118826593084,0.5069337057962149,42.158532475492905,7.79609126180955,0.20749682422447518,0.45551819307737335,0.6197575081239843,5889.536193771409,0.5046070463090141,41.988973471742256,7.8351409016630225,0.20429297281806302,0.45198780162529056,0.6199447400028579
90.jpg,Normal,4341.697257965673,0.5597437676904469,34.05317095588361,7.23644462327153,0.23967160551631914,0.48956266760887635,0.7032481540990072,5497.105544021297,0.5380295249520985,39.08604382929666,7.341869486630843,0.2323292963507847,0.4820054941085057,0.6250856272401352,5449.7978094362215,0.5383804054702268,39.11655943627661,7.308216790608644,0.2350255459469417,0.48479433365803865,0.627517820953754,5550.1506805072895,0.5358339850342627,39.32029219530984,7.347087696976985,0.23169933984247207,0.4813515761296228,0.6214678353104854
91.jpg,Normal,4313.678753063701,0.5604284557607591,33.97541360294229,7.24775187084348,0.24017088400615103,0.49007232528082123,0.7056457850837569,5485.588681276176,0.5376161188401694,39.00469050365292,7.356608192777993,0.23271613210038308,0.48240660453644607,0.6264793574769855,5466.584574142095,0.5370950584849534,39.26521139706077,7.322624348040143,0.23536719686320823,0.4851465725563855,0.6269807277782217,5534.54932718162,0.5366472168874954,39.14232987312598,7.363398084596338,0.23210676081932224,0.4817745954482472,0.62314556543032
92.jpg,Normal,4359.679610906824,0.5596651592280627,34.15571384804036,7.245862655187112,0.24039515957680863,0.4903010907358953,0.7028305881744051,5434.238323721387,0.538824523150108,38.72908881199565,7.348884091495304,0.23308222475601845,0.4827858994999941,0.6303797721465735,5426.25438112741,0.5386249268723771,39.05793504902167,7.314588142355842,0.23573882786807093,0.48552943048601177,0.6301357736728543,5569.264544405735,0.5369717671723975,39.233141099577544,7.355111545812483,0.23242096227467857,0.48210057277986984,0.6211957026445607
93.jpg,Normal,4392.587331495059,0.5597619400634279,34.243121936275806,7.235469797298457,0.24059312092280574,0.49050292651808486,0.7000176255241656,5455.973994617188,0.5390066292394562,38.83898500576732,7.336956956676865,0.2332999631498967,0.48301134888312586,0.6281977949097405,5489.685477941123,0.538177453086289,39.264920343139096,7.307650451227023,0.23594792877540152,0.48574471564331145,0.6251009736352626,5606.682614378828,0.5361765045121051,39.39978469819321,7.348433089540905,0.23269822327550235,0.48238804221860887,0.6179276218464562
94.jpg,Normal,4409.513204656839,0.5598538411840562,34.399264705883446,7.236504141746909,0.2408241961290032,0.49073841925103356,0.6984809978709522,5455.75763167987,0.5386179526166137,38.872679738562404,7.338749020183435,0.23354617253820517,0.48326615083016644,0.6277411805081092,5457.7304534313635,0.5378704877733338,39.211519607845176,7.306081870166175,0.23619186489390515,0.48599574575700266,0.6268111422885855,5580.590357554543,0.5359455236596957,39.44562860438302,7.350754638936849,0.23297145802492156,0.48267116966411155,0.6192235581529342
95.jpg,Normal,4460.069301470527,0.5589851396727776,34.62129289215821,7.223917852604703,0.24106345757874126,0.4909821357022486,0.6962456837046194,5524.1140638213665,0.5394370190250515,39.10992695117305,7.321789171985421,0.2338218217613387,0.48355126073803045,0.6245868421863764,5509.496890318594,0.539040018253132,39.395511642159036,7.287500763888592,0.23644744040028304,0.4862586147311768,0.6247768514919829,5593.649134947881,0.5369748960966857,39.398861976163126,7.327073684638164,0.23321028622824563,0.4829185088896942,0.6198613096704277
96.jpg,Normal,4373.284604779386,0.5579386130628471,34.39428615196207,7.253200861883725,0.2410676125921723,0.49098636701253967,0.6998165301194456,5454.2551172623635,0.5381298538485241,39.02497500961185,7.353001591343259,0.23382041077591775,0.48354980175357093,0.6264196765965709,5431.102328431293,0.5372967816570606,39.134436274511984,7.320196063830724,0.2364470575519316,0.48625822106359456,0.6272095229471162,5479.104636677998,0.5358035830569359,38.958785082660775,7.356934322781077,0.23323802263992363,0.48294722552254465,0.6247176492252539
97.jpg,Normal,4379.653201593064,0.5590844050555256,34.278048406863746,7.240757540715012,0.24128995632152153,0.49121274039006924,0.7000890419806125,5430.200230680284,0.5380676841672002,38.80470588235332,7.341835983222075,0.23397927399372798,0.4837140415511296,0.6289486246036331,5448.130744485265,0.5368142120190745,39.23849571078612,7.311632591688989,0.236568272996785,0.48638284611690924,0.6269257928901963,5503.147681660652,0.5364953348502544,39.02040753556344,7.348320580842303,0.23340186628625256,0.4831168246772747,0.6239640474484526
98.jpg,Normal,4370.881495098003,0.5584937276358185,34.25189950980524,7.240662541789337,0.2412605454015951,0.4911828024285817,0.7001982036428426,5454.223406381923,0.5382195650633972,38.90677431757019,7.340742586050158,0.23407522549612644,0.48381321343688666,0.6266962399069189,5436.199770220533,0.5374453678374719,39.12645526961024,7.308809392113739,0.23663907577264956,0.48645562569740064,0.6271324607007661,5505.648642829435,0.5365816989218732,39.0972856593619,7.345228821892666,0.23352753196861842,0.4832468644167476,0.623176539172422
99.jpg,Normal,4373.988771446031,0.5582983929867182,34.338679534314764,7.244193313479206,0.24145575089647678,0.4913814718693378,0.6989077905151498,5436.174901960548,0.537922741253638,38.83554017685548,7.352275442330791,0.23422142721282851,0.4839642829928966,0.6265972841004829,5410.415686274455,0.537633498724541,38.99773284313952,7.3171471074252885,0.23678559311742908,0.4866061992180423,0.6275694050722253,5473.768227604512,0.537171704559161,38.885182622068754,7.355037520762233,0.23371296196545177,0.48343868480444524,0.6240150548403274
1.jpg,kidneyStone,2586.769209558847,0.7259251292504365,19.867769607840643,4.650526207260514,0.437305593406082,0.6612908538654394,0.7257055883787743,3625.179884659692,0.7059130849028457,24.195893886966303,4.763532979807883,0.4266752555613212,0.653203839212019,0.616804408558316,3557.0888480392227,0.7038041426604998,24.051593137253814,4.726958298738571,0.4295265127940647,0.6553827223798814,0.6228153678913766,3601.318508265978,0.705905100884266,24.0194386774316,4.757534430733506,0.4271588503576886,0.6535739058114917,0.6193266487038284
10.jpg,kidneyStone,2687.1086703431606,0.7298537470780588,20.301562499997797,4.586286061183425,0.4409443148882871,0.6640363806963344,0.7160645441664553,3728.6455363321074,0.7091048255821534,24.58171472510568,4.696360070022441,0.4302152780972403,0.6559079799005653,0.6072518204994217,3625.1226409313504,0.7069519306227561,24.356066176469522,4.664713417792458,0.4328853880848567,0.6579402617904279,0.616948558550881,3711.0363398692,0.7086482787472119,24.531641676278316,4.69296196353854,0.4305260296624955,0.6561448236955737,0.6091066441306541
100.jpg,kidneyStone,1985.302849264718,0.7552434121784828,15.896262254899412,4.336811280774715,0.47523410736968696,0.6893722560196972,0.7437928827629172,2948.115709342574,0.7317766173422572,20.09900807381742,4.453298779146977,0.46363038461069594,0.6809040935482,0.620748471734975,2924.8139705882663,0.7324600211071342,20.00695465685991,4.41225108149718,0.46626466369023833,0.6828357516198448,0.6225471815865734,2906.759461745505,0.7315653694848895,19.8760784313722,4.455875607508997,0.4629208833852321,0.6803828946888892,0.626068622519693
11.jpg,kidneyStone,2714.5078125000214,0.7300255073230554,20.37215073529189,4.586131061417487,0.4410807960446833,0.664139139070032,0.7138622650919928,3763.2814763551964,0.7096848152398167,24.76625913110336,4.695994223652822,0.43049960147506783,0.6561246843970038,0.6045615710143696,3661.6162071078543,0.707589702812638,24.441390931371586,4.662764506351616,0.43320074671720377,0.6581798741356376,0.6140270575830952,3752.9160784312976,0.7088666615196018,24.646459054209906,4.695675753226701,0.4307206121442285,0.6562930840289486,0.6056507472284184
12.jpg,kidneyStone,2709.4757352941288,0.7292229278623598,20.339675245095812,4.590791125018285,0.44119174146212253,0.6642226595518422,0.7123983182064876,3756.4465051902266,0.7092290658968333,24.71031141868498,4.700384414430031,0.43064422476120273,0.656234885358286,0.6025234535651275,3656.234252451001,0.7069001354409704,24.42683823529323,4.666750563541422,0.4332850790700304,0.6582439358399212,0.6119031049666169,3748.767643214055,0.7086938956371002,24.637785467127955,4.696802986758483,0.43090796610458965,0.656435805014161,0.6033359681409711
13.jpg,kidneyStone,2744.159895833359,0.7291449275144782,20.536672794115383,4.593418672290673,0.441375673521944,0.6643611017526116,0.7088359154824456,3781.280768934956,0.7081449054672876,24.859638600538265,4.704100701435233,0.4307310629201881,0.6563010459539037,0.6000595124782684,3693.6193933823356,0.7057474418139968,24.700061274509014,4.671898982047021,0.43344554908438127,0.6583658170685818,0.6080952458843989,3776.8693579391893,0.7084642729230703,24.810180699730683,4.701144069959835,0.43108059411667454,0.6565672807235178,0.6005261009100994
14.jpg,kidneyStone,2762.7431372549117,0.7281025367349522,20.6526654411743,4.600423065406527,0.4414198583053278,0.6643943545104276,0.7063790588384593,3776.3259669357185,0.7077328678787598,24.808612072279864,4.708026754283827,0.4309273254111327,0.656450550621395,0.5999232660984468,3698.336458333314,0.7062768808546619,24.673590686273553,4.671239827391214,0.43368228418082344,0.6585455824624621,0.6069453518915161,3802.093994617383,0.7082832815420682,24.93216455209537,4.705503552144635,0.43125491869328453,0.6567000218465693,0.5971933141705051
15.jpg,kidneyStone,3568.2253982843094,0.643639128509568,27.444791666666593,5.9342731589544435,0.3394640241515693,0.5826354127167085,0.7012075343858611,4509.795693963678,0.6250455706421396,31.596908881199784,6.024568778487053,0.33208356446443366,0.5762669211957543,0.6233223904696948,4571.333838848021,0.6227980128506835,32.02755821078542,5.9953105558646085,0.334537779071938,0.5783924092447428,0.6171650292719072,4626.487489426984,0.6242033677736306,32.00924259900037,6.0313003108390255,0.3314071192265157,0.5756797019406849,0.6135757878407241
16.jpg,kidneyStone,3578.372579656847,0.6460380933696757,27.418412990196032,5.89638169502625,0.3398257164694323,0.582945723433522,0.7010124248000345,4606.835740099788,0.6270379049799071,31.94805074971168,5.992309342096832,0.33240666238865196,0.5765471900795736,0.6160592657713551,4674.197181372516,0.6230861946282479,32.461672794119146,5.961625950119775,0.33476568343020024,0.5785893910453253,0.6094054281839718,4675.160046135958,0.6252344345629118,32.1752556708958,5.999125120430524,0.3316463226441255,0.5758874218492062,0.6103650136414498
17.jpg,kidneyStone,3547.1140318627276,0.6455967606329116,27.19460784313713,5.902154697898153,0.3397996567339174,0.5829233712366638,0.7024574505159993,4578.990034601926,0.6256807276008601,31.84044598231478,5.999699824513022,0.33239930497236614,0.5765408094596306,0.6168799538148899,4710.5813572303505,0.6225372790730163,32.671430759805226,5.968213080524067,0.33470606538778763,0.5785378685857889,0.6048159131222949,4722.010011533808,0.6250235920961887,32.36744329104207,6.006890099030498,0.3316183149618675,0.5758631043588984,0.6049135988428318
18.jpg,kidneyStone,3486.4720281862737,0.6441667713957886,27.10833333333308,5.9185598666732,0.33966506295069265,0.5828079125669904,0.7054334832312141,4533.9428373700775,0.6249064311615105,31.669988465974598,6.016415187610637,0.33226791245350296,0.5764268491781962,0.6179087337396363,4645.07673100489,0.6213615828775305,32.42124693627586,5.991039036640183,0.3346118528957016,0.5784564399293188,0.607498146630447,4669.925059592256,0.6230756874229809,32.204736639754,6.024516573303053,0.33148631616390345,0.5757484834230164,0.6064490348988119
19.jpg,kidneyStone,3467.4745710784096,0.6440776282902949,27.10891544117658,5.91989395264697,0.3396773563369463,0.5828184591594078,0.705944468306148,4587.409934640342,0.6251485509915953,31.94302191464841,6.016285132183957,0.33230469385881306,0.576458752955329,0.611955913088295,4646.506755514636,0.6224787816829581,32.46416973039334,5.986586483992722,0.3346048071014568,0.5784503497288741,0.60590811121172,4679.263006535795,0.6226308636976347,32.36599769319495,6.023822037707812,0.3314605328058017,0.5757260918230142,0.6041861602383121
2.jpg,kidneyStone,2606.364215686299,0.7271218966824758,19.939215686272103,4.642808245519879,0.43799151909328043,0.6618092769773483,0.724708328161321,3621.577885428628,0.7066894136645647,24.171472510572762,4.749634966942538,0.4272875989935459,0.6536723942416002,0.6186814255258903,3545.1775428921587,0.7038052812755125,24.048835784312857,4.7173974115560995,0.4299984266021908,0.6557426527245203,0.625548169026427,3631.9114494424884,0.706777648482775,24.19091118800443,4.747720490744964,0.42768568644134997,0.6539768240858004,0.6175933970411652
20.jpg,kidneyStone,3491.9128063725398,0.6446049594678872,27.045680147058665,5.925254653020063,0.3397964777901987,0.5829206445050636,0.7058417724423458,4575.074294501938,0.6258715631370296,31.791095732410692,6.023257714968169,0.33234880169832876,0.5764970092709317,0.6155725320520989,4655.203216911737,0.6209222266879763,32.519822303922986,5.999787965591337,0.33459168067096434,0.578439003414331,0.6077956733811432,4715.721676278141,0.622386641667351,32.4539792387543,6.0330130649545115,0.3315621734222438,0.5758143567350885,0.6037544252041473
21.jpg,kidneyStone,3496.8809742647036,0.6451356482583316,27.142156862745043,5.929276210034375,0.33995738767536526,0.5830586485726502,0.7045903458734956,4576.156785851426,0.6254405711254691,31.878523644752093,6.02907670630552,0.3325309710085935,0.576654984378522,0.61439689955764,4667.414506740127,0.6205374806298662,32.55945159313842,6.000849928438059,0.3347370378549901,0.5785646358489172,0.6056577572162262,4709.98153018051,0.6229568589904687,32.408012302960714,6.035108603532693,0.3317071232027467,0.5759402080101256,0.6031203549058607
22.jpg,kidneyStone,3521.59200367646,0.645378004463234,27.333517156862875,5.9081815212761395,0.3400490792113364,0.5831372730424085,0.7024529201254681,4573.348927335454,0.626130682995985,31.88133794694356,6.002869114673478,0.33255938524197104,0.5766796209698857,0.6145708200786268,4699.236090686254,0.6212734529379642,32.73149509804094,5.979772226555963,0.33481658313674223,0.5786333754085934,0.602904999346547,4738.204875047878,0.6238246392429484,32.63809304113826,6.0130587912396765,0.331847672345341,0.5760622122178655,0.6006772174382977
23.jpg,kidneyStone,3507.7021139706026,0.645402247586384,27.183180147058724,5.914042830717559,0.3400205011009803,0.5831127687685979,0.7043073238362403,4609.731703190915,0.6245794934949189,32.017777777778065,6.011807267413114,0.3324803887420842,0.576611124365533,0.6123981825092079,4698.450827205828,0.6221083746356854,32.664950980393414,5.986689555435308,0.3348182836029453,0.5786348447880971,0.6038833226447733,4742.074309880581,0.6233349323677778,32.530380622837505,6.018548351052931,0.33175850970257237,0.575984817250049,0.6012703689644604
24.jpg,kidneyStone,3518.9391544117684,0.6458112975158591,27.26893382352945,5.899754886770799,0.340229299648454,0.5832917791709857,0.7024741137467625,4594.7729642443555,0.62656803651634,31.94851211072686,6.000455458559604,0.33274824869185293,0.5768433484854038,0.6125013540505211,4669.565318627397,0.6226291396680982,32.541850490197476,5.975918337408867,0.33502565518084554,0.5788140074158931,0.605141170462788,4757.845074970983,0.6239910314980789,32.6053364090735,6.010252803629395,0.3320382275113996,0.5762275830879667,0.5987487219639243
25.jpg,kidneyStone,3512.299877450965,0.6452438805318516,27.257322303921427,5.909388269374294,0.3398034944865639,0.5829266630431,0.7018733729498536,4530.362429834478,0.6262689468429965,31.636401384083257,6.003642217012158,0.3322825401341898,0.5764395372753242,0.6164348397348699,4605.643857230351,0.6227358281661123,32.266927083334494,5.97525117041122,0.3345941442526206,0.5784411329190038,0.6090209320398221,4745.8852287579675,0.6230549994667743,32.677293348712226,6.013359096167258,0.331561999118486,0.5758142053809423,0.5981875056219346
26.jpg,kidneyStone,3491.995465686244,0.6461004447729954,27.112622549019548,5.911838701562625,0.3392984428828769,0.582493298573363,0.7038512104297506,4519.936116877983,0.6268687875730412,31.608981161091947,6.009697451887876,0.3318604019597298,0.5760732609310467,0.6176465155698005,4582.840134803882,0.6229734094248047,32.24001225490326,5.981465965308877,0.3340886425703898,0.5780040160503989,0.6112897161888395,4772.0694809686975,0.6225592114130922,32.78834294502134,6.021702008924728,0.33102915404854405,0.5753513309696467,0.5963178799854987
27.jpg,kidneyStone,3530.111090686281,0.6452465515902887,27.33419117647062,5.921439030239548,0.3393748914693549,0.5825589167366292,0.7005573941971424,4484.2230988079655,0.6262076598075593,31.50309880815059,6.015833209699602,0.3320117761465387,0.5762046304452427,0.6205926893980085,4606.816528798986,0.6234464554026709,32.28334865196211,5.98804801297997,0.3342410139868443,0.578135809292976,0.6091784356171476,4762.545497885237,0.6231085435984486,32.741084198385444,6.023978104398936,0.3311810066838174,0.5754832809767956,0.5970440053590071
28.jpg,kidneyStone,4130.701164215622,0.594984139796591,31.90554534313845,6.613887996431916,0.2786453329198916,0.5278686701442808,0.6657734212582869,4639.701330257396,0.5827820411265033,34.054086889658016,6.69794255459973,0.2718627072866308,0.5214045524222346,0.6255407206142258,4794.847931985238,0.5812381871024881,34.662852328433075,6.664941638416068,0.2742651059779943,0.5237032613780387,0.6121278853141829,4738.230142252796,0.57905699451414,34.56776624375282,6.710667955364168,0.2707810566453552,0.5203662716254343,0.617588694112453
29.jpg,kidneyStone,4134.137270220545,0.5941763843422103,31.930683210785563,6.619300611119039,0.2790993855557099,0.5282985761439357,0.6654611389538413,4709.07434063801,0.5818763253636935,34.34618992695133,6.7045258183279355,0.2722363440787948,0.5217627277592707,0.6199042222977227,4791.042555147021,0.5823106846248668,34.52613357843294,6.6651629546101265,0.2748276071278316,0.5242400281625123,0.6123963591879251,4730.305713187027,0.5783685773476069,34.49579392541397,6.714659442795023,0.2711929652937474,0.520761908451211,0.6181905192476208
3.jpg,kidneyStone,2586.132015931403,0.7272333154863304,19.853186274507408,4.645773690431932,0.4385588255003713,0.6622377409211674,0.7271180451491841,3606.28118415989,0.7068467071173316,24.099807766243657,4.756086544446633,0.4279067814243336,0.6541458410968716,0.6206710235471051,3540.089889705875,0.7037993166327522,24.10805759803823,4.722492862652236,0.430543515015637,0.6561581478695795,0.6264588800960167,3632.228435217164,0.7070584299074559,24.178854286812655,4.755102971222117,0.42826958465811427,0.6544230930049109,0.6179417454673616
30.jpg,kidneyStone,4118.414154411708,0.5947334058661674,31.847916666667828,6.622655549745955,0.27923989500895774,0.5284315424054072,0.666824112315409,4726.912941176271,0.5818967416062638,34.42512879661701,6.709347964542223,0.27233914782402224,0.5218612342606244,0.6185666334427057,4805.50995710781,0.5817220854727003,34.641268382354745,6.67847180013945,0.2748413811035423,0.5242531650868141,0.6113303947531543,4703.614917339265,0.5776287889930157,34.43537101114998,6.724066550473052,0.27129518392701046,0.5208600425517497,0.6204466434570401
31.jpg,kidneyStone,4132.140548406831,0.5948271751781427,31.950536151962268,6.61884659051736,0.27917403312402905,0.5283692204548152,0.6665525852223985,4741.931949250067,0.5814088271628812,34.48819684736686,6.705455039367361,0.2722832062488914,0.5218076333754532,0.6183145303935824,4830.414491421528,0.5814064053007676,34.73471200980567,6.67302875855306,0.27478079180195447,0.5241953756014588,0.6103000530687434,4740.486782006733,0.5783386318165771,34.60981161091928,6.716199014101528,0.2712175424792611,0.5207855052507329,0.6184308541501967
32.jpg,kidneyStone,4106.866268382312,0.5936402892861413,31.805974264706876,6.6373031175107595,0.2793979583467864,0.5285810802013126,0.6676475625496794,4669.813702421995,0.5805603504521806,34.24470588235305,6.723691928405347,0.2725320663788406,0.5220460385625396,0.6230449318480101,4790.540808823494,0.5805332493509808,34.625459558825405,6.690234020268315,0.2750494293245564,0.5244515509792648,0.6124155290262508,4670.657623990577,0.5784142450365722,34.28567474048472,6.731281877261082,0.2715408051288073,0.5210957734704891,0.6229768091063578
33.jpg,kidneyStone,4120.685294117601,0.5935940892211856,31.928799019609272,6.638484203926797,0.27946434458025793,0.5286438731133256,0.6664660888885345,4683.1266128410525,0.5806777440062199,34.273802383698865,6.721780202743378,0.27267934040661934,0.5221870741473973,0.6218995856775763,4802.940196078386,0.5799541512431128,34.73296568627627,6.691242509887638,0.2750852360295712,0.5244856871541598,0.611339559607652,4638.764321414663,0.5783361726121178,34.169504036909125,6.733165985240289,0.27161403080236535,0.5211660299773627,0.6254812528318705
34.jpg,kidneyStone,4179.03203124995,0.5939218659899587,32.20099571078569,6.624359360008904,0.2795403724207377,0.5287157765952684,0.6615824489427861,4734.9280430601475,0.5816921887648484,34.475909265667305,6.708721963987747,0.2727734578171779,0.5222771848522372,0.6175347899929933,4836.2168658088185,0.5801779888762387,34.86931678921745,6.673234294337501,0.2751943458164521,0.5245896928233075,0.6084562963280432,4671.544390618813,0.579248055889868,34.24009227220311,6.714218382104931,0.27178753648239484,0.5213324625250138,0.6226546232241511
35.jpg,kidneyStone,4192.189736519588,0.5949194585503327,32.190042892158345,6.611814417980088,0.2798566168958952,0.5290147605652371,0.6619019309104182,4774.737716262797,0.5808516086114808,34.667158785082734,6.701070446839896,0.2729949859580249,0.5224892209012784,0.6158914700725289,4873.220588235266,0.580364433254534,35.05735294117828,6.666928129042139,0.27547346104087445,0.524855657339115,0.6070666187379452,4746.320830449613,0.5795469620368924,34.55071126489838,6.710365375523883,0.27206247418195156,0.5215960833652334,0.6181774947472725
36.jpg,kidneyStone,4123.914675245081,0.5943932751485557,31.840870098040334,6.620506296926876,0.28001476823135735,0.5291642166958734,0.6682392886338894,4802.56559784677,0.5796672070662612,34.78941945405613,6.713669354908028,0.27309397571457156,0.5225839413095006,0.6146088122892792,4853.425520833299,0.5796888225333623,35.00143995098208,6.675064218881924,0.27558883696300207,0.524965557882612,0.6096277667761381,4727.39515570912,0.5786611595016355,34.47766243752419,6.71708376881564,0.27217753240417086,0.5217063660759478,0.620641010160588
37.jpg,kidneyStone,4081.1583486518866,0.595585325514852,31.60782781862867,6.624410538408348,0.2801750336218846,0.5293156276002859,0.6717998078004151,4818.992402921745,0.5791256971483087,34.87592464436759,6.7209003756746,0.2731394391974726,0.5226274382363335,0.6134348838065702,4874.736182598003,0.5785384061898936,35.10125612745264,6.678886527239094,0.2755856702216178,0.5249625417319009,0.6080613932232913,4714.145743944461,0.5781515015361648,34.47875432525986,6.724281530840439,0.27226437032664536,0.5217895843408963,0.6218453683065001
38.jpg,kidneyStone,4055.605346200961,0.5961192406005783,31.55883884804022,6.620278915557954,0.2801705371776456,0.5293113801701657,0.6743372217431065,4818.689688581089,0.5793938555658116,34.89840830449852,6.714098335083145,0.2731396093624123,0.5226276010338645,0.61403063516776,4912.139920343049,0.5795566479965523,35.21256127451181,6.6783475932504155,0.27562910843310545,0.5250039127788529,0.6056400612411901,4716.272372164332,0.5783377530309032,34.48459823144972,6.718582941824516,0.27217459868497934,0.5217035544109119,0.6222340989971267
39.jpg,kidneyStone,4042.8626531862574,0.5971145123107278,31.38075980392273,6.596414609416633,0.2804364062948053,0.5295624668486291,0.6765448236821644,4835.916693579198,0.5809770887123692,34.872695117262936,6.689030460198019,0.2733909657966162,0.5228680194816051,0.6140644239126287,4953.891773896979,0.5799613083786266,35.335952818629465,6.656157959733589,0.2758422939557647,0.5252069058530787,0.6037330575158908,4736.736039984454,0.5793019086257429,34.46082276047707,6.694188817165349,0.2724492461936053,0.5219667098518882,0.6219796435301703
4.jpg,kidneyStone,2616.4247855392314,0.7282971696017406,19.99767156862495,4.627396220730455,0.4390373645914067,0.6625989470195427,0.7244528038200184,3644.50291426367,0.7073125496375332,24.314771241829842,4.735805431305935,0.42833700674949726,0.65447460359398,0.617388674906482,3581.473345588244,0.7044301402311709,24.319148284312924,4.705496466328461,0.43099303823743934,0.6565006003328857,0.6228192975297744,3654.8883660130195,0.7084411031068285,24.211303344867215,4.734387821579379,0.42872737682128115,0.6547727673180072,0.6162983776700764
40.jpg,kidneyStone,4028.4914828431,0.5953771821048564,31.415778186275375,6.615194835547563,0.2802948921432887,0.5294288357685938,0.6769142999282155,4804.739638600368,0.5786629470722447,34.78122260668985,6.711677366810395,0.27319219363892094,0.5226779062089012,0.6156222627349792,4918.584083946035,0.5774091084572167,35.301087622550604,6.676597939798336,0.2757194120704552,0.5250899085589583,0.6056110432179769,4708.97216455189,0.5777685587410527,34.38632833525604,6.71879628219642,0.2723344017713927,0.5218566870045767,0.623283632080073
41.jpg,kidneyStone,4012.386397058779,0.5966831089569218,31.248988970589313,6.597581986255524,0.28031624177631576,0.5294489982768082,0.6800048906727103,4862.12335255649,0.5789107693181034,35.07520184544456,6.694022964555005,0.2732227872606061,0.5227071716177291,0.6132044926775236,4978.735156249928,0.578962424812391,35.494041053923375,6.6583385701864195,0.2758123334613073,0.5251783825152243,0.6030101845825421,4808.830526720284,0.5777194822102363,34.87103421760864,6.699654182824444,0.27235590806514864,0.5218772921531925,0.6174440859809558
42.jpg,kidneyStone,4043.5834252450604,0.5969300884923525,31.415073529413064,6.590986565698517,0.2804276020732503,0.5295541540515477,0.6776041119697243,4924.74326797366,0.5801246313212024,35.28890426758989,6.688133096173599,0.2733326898045224,0.5228122892630991,0.6083307935583262,5008.630989583286,0.5789961025181732,35.61435355392373,6.655028215864857,0.2758429121684482,0.5252074943947851,0.6007225219629463,4861.270080737995,0.5787094528455861,34.992095347943184,6.694994445120052,0.27243820699462196,0.521956135124995,0.6133788725184209
43.jpg,kidneyStone,4017.5495404411777,0.5966161278966066,31.258578431373426,6.599699239781375,0.28058076476439403,0.5296987490681794,0.6800805869095634,4876.9820991923925,0.5799597244941086,35.041061130334846,6.6965450941253355,0.2734789261691134,0.52295212607763,0.6126142306906652,5002.016712622523,0.5785776026514695,35.558685661766326,6.66258888804281,0.27599200174262484,0.5253494091960367,0.6017556686907826,4856.590465205465,0.5777955114038426,34.94263744713553,6.702467743873563,0.27253401328330595,0.5220479032457711,0.6142339677860283
44.jpg,kidneyStone,4052.3131587009625,0.5971318100255454,31.42397365196179,6.589289728639677,0.28067011392078295,0.5297830819503233,0.6781050631408705,4852.39192618202,0.581810665357001,34.78371395617107,6.684711242878758,0.2735741027647548,0.523043117500608,0.6155140383788357,5009.241666666631,0.5783410249828895,35.621936274511775,6.654862529030647,0.27602965452058925,0.5253852439121118,0.6021605955048743,4882.2743098805795,0.5783240410836454,35.04552095347933,6.692851919880195,0.2726042558082502,0.5221151748496209,0.6131462665239104
45.jpg,kidneyStone,4057.280836397032,0.5949111951183945,31.461565563726598,6.617945269449716,0.2805222285061766,0.5296434918944786,0.677335203544749,4799.094009995955,0.5807041281662442,34.70099192618227,6.710243398729158,0.2735138142382175,0.5229854818617985,0.6192923630700532,5000.042356004841,0.5770603786356205,35.59695159313914,6.675383884514006,0.27595560909072403,0.5253147714377772,0.6024252545792397,4902.876708957881,0.5759135256201979,35.12695117262621,6.717705966163162,0.2724882344217441,0.5220040559437676,0.6110593786788944
46.jpg,kidneyStone,4061.4041819852723,0.5951362759870382,31.37473958333454,6.608398364503414,0.28049677372504056,0.5296194612408428,0.6767417811045615,4849.586420607282,0.5800794159265789,34.85384083045017,6.706345962117638,0.27342681963155635,0.5229023040985346,0.6149706495579557,5066.890747548937,0.5762652645044705,35.86761642157057,6.672689946379377,0.2758733341224864,0.5252364554393444,0.596781560801654,4955.255655516925,0.5764052988086209,35.309204152249414,6.71550182833839,0.2724461330858053,0.5219637277491658,0.6065811182968831
47.jpg,kidneyStone,4068.342248774487,0.5958746244310886,31.413357843138314,6.592467598964671,0.28043994567682295,0.5295658086364932,0.6773066885162327,4871.594801999006,0.5812883337335785,34.92930411380266,6.688255863983523,0.27341084493989615,0.5228870288503016,0.6145560129458953,5086.82928921564,0.5779132649394075,35.91458333333535,6.653224462328342,0.2758729252268334,0.5252360661900831,0.5965995418816168,5009.145682429598,0.5757111512615907,35.62162245290275,6.701378506578886,0.2723053302922178,0.5218288323695978,0.6036728911077978
48.jpg,kidneyStone,4061.274831495055,0.596336322923272,31.424463848040524,6.603961993787856,0.28054794305631836,0.5296677666767333,0.6776779403202045,4864.472971933645,0.5809624592641488,34.87051134179194,6.698377644728122,0.2734383539525615,0.5229133331179857,0.6148909004758806,5068.164889705844,0.5784127933553145,35.79791666666838,6.6655213868084875,0.2759491182681909,0.5253085933698314,0.5978437081883943,5019.746543636872,0.5764635436571554,35.65507112649019,6.710715629793301,0.27249875875058793,0.5220141365428602,0.6025982501263969
49.jpg,kidneyStone,4037.8376838235,0.5956713798851198,31.331525735294846,6.602119045284541,0.2800600856029089,0.5292070347254549,0.6801078426649142,4812.01866974223,0.5803357249763262,34.67044982698973,6.700062075211792,0.2730249479946305,0.5225178925114723,0.6197209015321171,5057.766666666622,0.5772138924948128,35.73486519608046,6.668959810302283,0.27547576305888394,0.524857850335578,0.5993816017099634,5024.118446751021,0.5759477531645559,35.63291041906986,6.712040426961981,0.271991803465742,0.5215283342885044,0.602959305719256
5.jpg,kidneyStone,2608.2455575980684,0.7282932173147907,19.963633578429054,4.627232599190312,0.4392974810101616,0.6627952029172824,0.7250863571729634,3628.553940791936,0.7073686202296012,24.282906574394385,4.740497340011019,0.4287471640825904,0.6547878771652621,0.6187466753318018,3579.8094056372684,0.7042617614373227,24.253492647057847,4.7085333377512315,0.43125425157598685,0.6566995139148398,0.6226818286095176,3655.1474971164625,0.7077262981388213,24.294194540561087,4.7339473300413575,0.42897782661575373,0.654963988793089,0.6159524818517266
50.jpg,kidneyStone,4064.5737285538808,0.5962964083674689,31.459114583334397,6.585094440112678,0.28001692605058354,0.5291662555856935,0.6787962038450849,4764.892010764934,0.5824167574233244,34.37073433294897,6.678762299005274,0.2731068109281933,0.522596221693377,0.6243932099789563,5090.475122548963,0.5781933817923995,35.88118872549224,6.649274795056025,0.2754227029518605,0.5248073007798773,0.5977998683833656,5032.802322183558,0.575913563913403,35.70951172625932,6.6937059395766765,0.2719220693070664,0.5214614744226714,0.6032743825515642
51.jpg,kidneyStone,4046.3607077205565,0.5968520616832509,31.409175857844303,6.581673233497199,0.2799546596314904,0.5291074178571781,0.6810927044712849,4715.096901191665,0.5833494153791999,34.13339484813536,6.67077274662214,0.2730219681570804,0.5225150410821495,0.6293163791494795,5021.108961396986,0.5787772972064715,35.61058517157047,6.645124732491704,0.2754079628794909,0.5247932572732722,0.6043465346626968,5031.069434832576,0.5764662403370071,35.69257977700923,6.688269665200719,0.2717701191137191,0.5213157575919983,0.604475777712485
52.jpg,kidneyStone,4043.0622395832834,0.5964545045378059,31.33365502451108,6.5908548212106,0.2798527664715956,0.5290111213118261,0.6808415218031034,4708.0467512493615,0.5824174697453424,34.16310649750141,6.678654403525077,0.27287098112801667,0.5223705400652076,0.6292785702817131,4989.9153952205315,0.5776776603265458,35.45176164215879,6.652414786936307,0.2752654747702005,0.5246574832880977,0.6061725086662573,5056.855855440002,0.5758381505929541,35.80761245674747,6.701057117241659,0.27170472528432615,0.5212530338370475,0.6018126132433717
53.jpg,kidneyStone,4023.7353247548936,0.5954503651926286,31.347457107844264,6.586557036019336,0.27982664208716,0.528986429019838,0.6822438846574448,4706.826881968284,0.5833018359902663,34.114171472510876,6.677809668916569,0.27300014778544457,0.522494160527603,0.6292312465428863,4914.056495097994,0.5790960725483004,35.209221813727446,6.648101606345374,0.27541677859940866,0.5248016564373713,0.6120091013528683,5024.039092656449,0.5764411115368661,35.631126489811905,6.697012535889106,0.2718097870555862,0.5213538021877142,0.6042436319805538
54.jpg,kidneyStone,4023.381740196036,0.5961962266043417,31.308578431373594,6.581794611123412,0.27992547867870143,0.5290798414971992,0.6827971560441141,4678.779361783721,0.5833004752362279,33.950603613994986,6.670665982134111,0.27298520413484245,0.5224798600279655,0.6320517358304043,4924.902083333267,0.5802025193883238,35.16485906862936,6.642922757089433,0.27543286245425225,0.5248169799599212,0.6117923625631521,5006.122783544606,0.5761520239825929,35.621745482507265,6.691047369026552,0.27176039085879017,0.5213064270261687,0.6063088156132129
55.jpg,kidneyStone,4017.475658700972,0.5971276957307355,31.209022671569684,6.580282203433236,0.27918952762941324,0.5283838828251797,0.6827192627120701,4655.000369088627,0.583105747992093,33.89654748173777,6.670377648311238,0.2722364742744899,0.5217628525244873,0.633293165166995,4850.140349264637,0.580312154708415,34.86112132353131,6.640787498786182,0.2746979857973593,0.5241163857363738,0.6170312826206876,4951.291395616891,0.5769889155344442,35.367735486351776,6.687500347036093,0.27108909089297595,0.5206621657975313,0.6099522551964912
56.jpg,kidneyStone,4048.8402726715376,0.5964123698110434,31.34725796568743,6.577490630253234,0.2794773343211021,0.5286561588793818,0.6797848397806023,4618.900346020588,0.5842022699730239,33.75257208765895,6.6645174900922655,0.27262494805375675,0.5221349902599487,0.6356129001436829,4802.70784313719,0.5802086151871961,34.62190563725677,6.6400922202329795,0.275000944155658,0.5244053243014014,0.62022860463793,4918.646289888308,0.5780194630840887,35.15956939638604,6.683834224833377,0.2714034241995534,0.5209639375230817,0.6119658094949816
57.jpg,kidneyStone,4115.65617340681,0.5975809733506412,31.541743259805145,6.55160961862706,0.2794571701921472,0.5286370874164499,0.6764488955844598,4637.960599769135,0.5854549559086384,33.811364859669496,6.638002947990268,0.272527057451545,0.52204124114053,0.6362981684382288,4816.075934436201,0.582875222594235,34.574341299021334,6.60898320072413,0.27495290671870226,0.5243595204806548,0.621442739675649,4999.47198769686,0.5786019966971133,35.37688581314908,6.65683683951111,0.271321820120094,0.5208856113582847,0.607948994034663
58.jpg,kidneyStone,3517.345986519627,0.7203864287405016,23.923774509802303,4.708383600342088,0.4155427095439803,0.6446260230117772,0.6063402355099714,4181.148266051398,0.6925096569677262,26.900730488273553,4.823872833711923,0.40058522157710164,0.6329180212137284,0.5320347564300192,4476.507444852925,0.7022255377893601,27.78811274509743,4.745231578856414,0.40888823794088847,0.6394436941130067,0.4974082404194596,4155.240230680387,0.6940714643052434,26.76678200692038,4.823687930328183,0.4012201730589589,0.6334194290191602,0.5349344527123174
59.jpg,kidneyStone,3473.891482843139,0.7203563410446158,23.736948529410277,4.696482077470938,0.41667560957229216,0.6455041514756448,0.6110553345780699,4169.696655132538,0.6935523699759978,26.780792003075604,4.81243869727201,0.4017773203780092,0.6338590698081152,0.5331512751262969,4451.909880514676,0.7029015893710574,27.601485906862017,4.7349602255343175,0.41000917428072825,0.6403195876128797,0.4999924078111092,4153.649811610781,0.6952795732592759,26.712725874663743,4.808829824297768,0.4027922557213939,0.634659165002282,0.5349479162385793
6.jpg,kidneyStone,2598.9727328431613,0.72795381273283,19.94019607842899,4.624673917297504,0.4395399324326503,0.662978078395244,0.7248689305363325,3630.474525182563,0.7078796068415164,24.249873125720786,4.7372210904307686,0.4290642691028232,0.6550299757284572,0.6168824165964302,3593.220802696106,0.7050308018330991,24.289123774508774,4.70217090585258,0.4316388848760165,0.6569923019914438,0.6196163700481035,3649.580530565124,0.7083373833050034,24.304652056901013,4.732594253347706,0.42931888397679696,0.6552243005084571,0.6148661934939479
60.jpg,kidneyStone,3484.9553002450984,0.7209915621235389,23.673713235292425,4.686044898559068,0.4159008759727997,0.6449037726458109,0.6099300811428736,4215.809457900693,0.6933559090026724,26.941668589004376,4.804041044462948,0.4008661871833017,0.6331399428114622,0.5281272289191002,4461.164491421552,0.7028353905288812,27.595251225489484,4.722489710498262,0.4093557215963301,0.6398091290348474,0.4990979041985812,4149.048796616566,0.6954393034439983,26.59592464436747,4.7961957058844495,0.40190424095287863,0.6339591792480638,0.5355997056887283
61.jpg,kidneyStone,3534.4239583333306,0.7225661065055202,23.82064950980227,4.6456561467013255,0.41806681467613943,0.6465808647618173,0.6054928587730937,4204.878016147491,0.6959424749694022,26.793371780084577,4.760843836454925,0.4027637576472128,0.6346367131258739,0.5306701246053442,4509.05791973036,0.7057041865049157,27.665946691175836,4.682121919611968,0.41148607968989576,0.6414718074006805,0.49513554855338915,4171.505190311301,0.6978427317590965,26.58514417531702,4.75857438635233,0.40416572515711785,0.635740296942956,0.5343950517331045
62.jpg,kidneyStone,3489.804013480399,0.723253982221277,23.516789215684632,4.637606428103258,0.4195732407089447,0.6477447342193873,0.6068076417107494,4199.097839292445,0.6966821846979347,26.700084582852742,4.755708761530804,0.4045191755867521,0.6360182195399374,0.5268869331232923,4473.836565563698,0.7061465567118983,27.473452818626804,4.671884207157264,0.41326817859716697,0.6428593770002635,0.49434321344371857,4128.152848904166,0.6981684920486346,26.38069973087273,4.748966609005092,0.4055954502458481,0.6368637611340813,0.5348803172421525
63.jpg,kidneyStone,3433.3450367646965,0.7257817085134437,23.28661151960623,4.607873449342696,0.42320046019690627,0.6505385923962592,0.611058568565496,4170.413271818405,0.6987246274909495,26.576931949250287,4.722589153741189,0.407912111288146,0.6386799756436286,0.5275405811238261,4448.241896446056,0.7078197415248815,27.338863357842197,4.646589682054512,0.41636702276824217,0.6452650794582349,0.4944760938907313,4101.234494425121,0.6996795315421773,26.247397154940366,4.719638724483021,0.40880076651065905,0.6393752939476619,0.535377733663759
64.jpg,kidneyStone,3200.9734068627604,0.626787751007414,26.387224264705335,6.331120723930383,0.32265097964568595,0.5680237491916037,0.74389240241321,4348.807289503854,0.6032562888500873,31.272402921952906,6.438587007492614,0.3140057226382736,0.5603621352645748,0.6529565371766166,4649.576899509756,0.5973080939061634,33.34764093137341,6.4202534371946935,0.3163606760271172,0.5624594883430425,0.6280402655589366,4578.191833909841,0.5997472204537254,32.497285659361935,6.447427097797057,0.3135925457348855,0.5599933443665964,0.6346511947437784
65.jpg,kidneyStone,3132.480805759816,0.6260259453500324,26.089231004901453,6.351905459956064,0.3221816953240768,0.5676105137539973,0.7468639676034348,4275.9588312186015,0.6021953691893087,30.936824298346664,6.454355906534584,0.31362359699263453,0.5600210683471065,0.6553546331645533,4565.381740196026,0.5969329276242125,33.011611519608834,6.439636635499286,0.31595758798142753,0.562101047838756,0.6311225568929061,4474.473248750319,0.5992784019308157,31.932841214917325,6.467939454676184,0.31318968456342544,0.5596335270187316,0.6393542278863688
66.jpg,kidneyStone,3147.202925857834,0.625121068908045,26.168795955882068,6.354844427130182,0.3219589649918061,0.5674142798624353,0.74535134074931,4250.011395616914,0.6017404067232267,30.888012302960284,6.463345029720615,0.31340715097721045,0.5598277868927287,0.6570126008672681,4525.4973345587605,0.5966228797329989,32.773192401961545,6.442784952874037,0.31574286273490293,0.5619100130224616,0.6338785507668047,4476.891088042877,0.5993383736550248,31.888458285275206,6.47714063975354,0.31300098075403465,0.5594649057394347,0.6387027968743988
67.jpg,kidneyStone,3142.3773131127473,0.6244852301114455,26.23650428921527,6.361968674102687,0.32180372496993714,0.5672774673560878,0.7451975830196752,4220.692948865683,0.6022558787270555,30.66966551326443,6.466717050437731,0.31324629662861153,0.559684104320117,0.6586490424852242,4501.575980392102,0.596952767835693,32.68036151960871,6.448178693900105,0.3156004869105885,0.5617833095692578,0.6350351413752665,4475.668573625327,0.5986333689030938,31.9788235294119,6.484557244522854,0.312803603854219,0.5592884799941967,0.6380277429239687
68.jpg,kidneyStone,3165.663556985305,0.6252655233522275,26.36190257352901,6.3560813161443805,0.32133230570848564,0.5668618047712208,0.7454693106784313,4243.028727412396,0.602264097810586,30.783098808150594,6.455796355744746,0.3127297985083041,0.5592224946372455,0.6597303051240004,4541.339123774472,0.5977077830592677,32.86390931372643,6.441142056269621,0.3151023390143082,0.5613397714524673,0.6349117762417722,4507.893225682207,0.5996124283418273,32.04904267589379,6.469329437115743,0.31231672838666175,0.5588530472196261,0.6384894963056378
69.jpg,kidneyStone,3216.105744485277,0.6285967226209033,26.32428002450926,6.304829217491048,0.32307808048468334,0.5683995781883404,0.7446225266142619,4397.144959630734,0.6046489564481051,31.31673971549416,6.415434294703836,0.3144660260054644,0.5607727044047922,0.651747759866081,4710.957015931363,0.5975232903060431,33.54941789215797,6.399706410407955,0.31677088132113196,0.5628240234044136,0.6259696936298788,4621.15861591676,0.601078314654745,32.46672818146864,6.426735122576584,0.3140154131707536,0.5603707818674646,0.6340059618725051
7.jpg,kidneyStone,2644.087928921586,0.7286396556372301,20.149234068624967,4.613510827524187,0.43985849148014444,0.6632182834332483,0.7217320631712417,3664.4357093425,0.7086059313954329,24.356816608996446,4.722535247736984,0.4292472564819172,0.655169639468983,0.615562062913159,3601.3126838235216,0.7058299153520412,24.290962009802964,4.691508850664253,0.4319153977171943,0.6572027067177937,0.6209922372696799,3691.4720799691613,0.7086902303724133,24.46726643598617,4.720663233238218,0.42957004943366883,0.6554159362066724,0.6127256626118731
70.jpg,kidneyStone,3188.1398590686294,0.6281468230606004,26.26488970588201,6.312593472337131,0.3230363339396326,0.5683628541166572,0.7453510533252428,4379.835847750664,0.6048041572404981,31.336009227220494,6.420310505664922,0.3144496874517367,0.5607581363223691,0.6510729793048649,4684.688235294063,0.5975088583317673,33.5388174019617,6.401570604858717,0.31672196519850565,0.5627805657612083,0.6258636041928073,4611.216608996343,0.6005770633443458,32.458039215686426,6.4334934425702635,0.31395961077848117,0.5603209890575948,0.6326396401400932
71.jpg,kidneyStone,4687.958762254848,0.5387793509027198,36.24414828431606,7.440030856566655,0.21620851932538734,0.46498227850681295,0.6467352779002363,5625.97917723927,0.5216295472711754,40.03644752018483,7.539541065975069,0.20910681364849576,0.45728198482828486,0.5769640411497169,5492.69488357841,0.5207609878425987,39.69975490196358,7.496497990366619,0.21190177720978676,0.46032790183714345,0.5860458208439627,5745.0961322565345,0.5198670082818022,40.663037293349355,7.5406292789336735,0.2093211274582419,0.4575162592282835,0.5680072438183454
72.jpg,kidneyStone,4693.912591911685,0.5375388050230319,36.325214460786256,7.448272880903297,0.21613613892801023,0.464904440641311,0.646404105225559,5642.53691657033,0.5209355979918744,40.13863898500615,7.548221212483846,0.20914709189005146,0.457326023630901,0.575861196815258,5535.533042279384,0.5195220630350563,39.915793504904656,7.500034004367069,0.21193121452899977,0.4603598750206188,0.5829570492130145,5762.413025759095,0.5183392528502319,40.77676278354516,7.547785459517458,0.20923049387618153,0.4574171989291412,0.5668503369425534
73.jpg,kidneyStone,4738.360906862695,0.5377069415715887,36.44047181372756,7.424069726559075,0.2163043318490365,0.46508529524060044,0.6461314259616255,5667.429342560315,0.5227883747485973,40.13571703191111,7.516874228497044,0.20947552440816103,0.4576849619641889,0.5776619362734817,5609.2454197304,0.520804577908844,40.0725643382382,7.4768119697311635,0.2120966115893258,0.46053947886074414,0.5810456357653313,5848.991234140477,0.5191549286821523,41.11063437139595,7.5269190415442395,0.20937130388315456,0.45757109161654275,0.5641319047368506
74.jpg,kidneyStone,4723.527879901925,0.5375257907903116,36.432536764707635,7.436349964680865,0.21613971644232954,0.4649082882056735,0.6457491283324748,5653.523860053569,0.5212935095197339,40.16244521337999,7.534490111875341,0.20909818892323087,0.45727255430785574,0.576919631011893,5568.521522671531,0.5210523321149283,39.97866115196333,7.490365414130958,0.21197737902440386,0.4604100118637776,0.5823311107102321,5828.548081506854,0.5195430436126659,40.98351403306462,7.537513143240001,0.20929113656809686,0.45748348228990393,0.5638217271156092
75.jpg,kidneyStone,1861.161458333343,0.7377060247636608,16.326776960781505,4.701991200408503,0.45891026198773915,0.6774291564346335,0.8028678643111231,2824.6621453287535,0.7138865447054622,20.570765090349518,4.821267755617421,0.44818666242118915,0.6694674468719066,0.7017279240894093,2851.99460784317,0.7130905194762154,20.65762867646765,4.796070910320542,0.449146159229413,0.6701836757407725,0.6981115064375729,3120.250119184932,0.7058663889772954,21.82191464821195,4.8485287078122425,0.4443282576228677,0.6665795208546897,0.6705151156046476
76.jpg,kidneyStone,1849.942218137264,0.7390652708797388,16.281862745095236,4.6866775211442135,0.4595899999162474,0.6779306748600828,0.8034829456964723,2814.2365551711096,0.715288418623068,20.539761630141964,4.807295789971653,0.44880878956862935,0.6699319290559522,0.7019603263958524,2854.8328125000153,0.7135657052291913,20.731801470585353,4.7852914529718475,0.44976592970624746,0.6706459048605661,0.6969280941320415,3080.907497116491,0.7065830590572756,21.684090734332717,4.832696818210036,0.44503126585573594,0.6671066375443554,0.6737187344262402
77.jpg,kidneyStone,1837.528079044126,0.7389280863852922,16.170818014703126,4.687920723144401,0.46034030889352434,0.6784838309742719,0.8033258784117319,2819.9915878508514,0.7147637478286275,20.592833525566856,4.8078445711812705,0.449516587489191,0.6704599820192038,0.6990946463058522,2835.5802389706123,0.7138471400844437,20.6236825980364,4.786864029394725,0.45051465953671943,0.6712038882014313,0.6966923642329763,3050.108404459828,0.7066671226397002,21.524936562860123,4.838425832440058,0.44576370268946314,0.6676553771890579,0.6745401822460958
78.jpg,kidneyStone,1807.567922794123,0.7396890311711576,16.048805147056093,4.670704632474493,0.46171655228830805,0.6794972790882301,0.8053340178663753,2801.2776009227573,0.7157268282521873,20.498731257208377,4.793931539565776,0.45087994482328936,0.6714759450816458,0.699241277143071,2799.187837009845,0.7147050945456433,20.451593137251983,4.769908382777419,0.4519364056847267,0.6722621554756201,0.6987312883073586,3021.7294579008208,0.7076680160922925,21.373564013840518,4.8158259112515545,0.44722376254578117,0.6687479065730084,0.6755724986777275
79.jpg,kidneyStone,1806.004687499995,0.741454529668364,15.986550245095348,4.646477231455409,0.4630362785598311,0.6804676910477316,0.8045112887302386,2805.852518262227,0.7172876857369119,20.45194925028799,4.774350639175247,0.45209215264978275,0.6723779834659838,0.6972161766625383,2811.870343137291,0.716083534238772,20.474571078428564,4.749875614416742,0.45308753764869286,0.6731177739806704,0.6958232461390284,3004.2110572856923,0.7093577905473067,21.274955786235765,4.7962473724673576,0.4482848051371266,0.6695407419546077,0.6758110042786493
8.jpg,kidneyStone,2658.5727634804257,0.7299197809044575,20.143719362742733,4.594460394709876,0.44054867988987434,0.6637384122452717,0.7203216879655834,3675.9007151094997,0.710545959610132,24.33236447520182,4.702859667073842,0.43004052733964804,0.655774753508892,0.6145164744144642,3600.639644607857,0.7071379056610166,24.268075980391274,4.670129240384488,0.43256217842128447,0.6576945935776608,0.6212175074231117,3688.3134486735185,0.7100929317867706,24.387174163783023,4.70160176540323,0.43027037582456257,0.6559499796665615,0.6132147786758602
80.jpg,kidneyStone,1781.0174325980456,0.7423656149561313,15.758118872546383,4.635055131916698,0.464346804151135,0.6814299701004756,0.8055233722078585,2787.8303729335053,0.7181571233485176,20.285890042291147,4.758784683901888,0.45322525104553274,0.6732200613807737,0.6965214682172631,2796.4700980392604,0.7166831757525031,20.340165441173507,4.736405336064806,0.45432087277483363,0.6740332875866247,0.6948357127235908,3015.7054671280603,0.709924739580466,21.252533640907053,4.782921163847122,0.4496086215322336,0.6705286135074577,0.6717153682165506
81.jpg,kidneyStone,1779.6698069853069,0.7418664491630025,15.758808210781572,4.633153001238692,0.46484073003845416,0.6817922924457669,0.8036376340032486,2792.319246443691,0.7169584017876977,20.327612456747097,4.758716093993155,0.45352764158795655,0.6734446091461098,0.6928546660225989,2794.98204656865,0.7160217597054567,20.343688725487272,4.736581354750887,0.45470089957492077,0.67431513372823,0.6918131078850283,3030.9702575932415,0.708846585447078,21.34986543637038,4.782650414050731,0.45015019290609326,0.6709323310931538,0.6666038909305565
82.jpg,kidneyStone,1796.176485906887,0.7416341423901336,15.888373161761919,4.63840973963743,0.46524898166774514,0.6820916226341921,0.7988810061739797,2812.15620146101,0.7156850228801551,20.491918492886953,4.764193506933056,0.45377050597587265,0.6736249000563093,0.6860925214130694,2800.824142156881,0.7147147535598164,20.459712009800963,4.741476714191575,0.4548472032614532,0.6744236081732706,0.6866017159989786,3039.7646597462585,0.708158859528524,21.35331026528239,4.784002938660534,0.4503510973877209,0.6710820347675245,0.6606856833404631
83.jpg,kidneyStone,1798.5832720588298,0.7420852943974628,15.931096813722728,4.63780604497931,0.4657790149773094,0.682480047310769,0.7972362922197651,2823.008196847372,0.7157172069215371,20.620438292963758,4.762231012946225,0.4544035919107936,0.6740946461074985,0.6827301531800374,2813.015839460826,0.7142186959941375,20.550674019605,4.739614564801287,0.4554106279170867,0.6748411871819078,0.6830953739983662,3044.342360630536,0.7075621610431935,21.433479430987806,4.781566151755436,0.45076504848836124,0.6713903845665063,0.6578550372246745
84.jpg,kidneyStone,1806.5440104166687,0.7423319436056472,15.995603553918789,4.612592825715537,0.46703610242377624,0.683400396856613,0.7958970495765806,2808.3695347943326,0.7168847053819859,20.545221068819373,4.740681150228049,0.45557882747290007,0.6749657972615354,0.683691743089145,2799.013602941214,0.7153689267042641,20.51620710784025,4.717050494986294,0.4568530262875675,0.6759090369920848,0.6839929508764782,3038.2304805844205,0.7090874845438118,21.43592464436717,4.764507677447854,0.45217404668368005,0.6724388795152166,0.6578023741176023
85.jpg,kidneyStone,1818.6225030637418,0.7421784409542207,15.954641544114997,4.611273653509682,0.46742389636401815,0.6836840618034168,0.7953037608690425,2833.859577085749,0.7166963963258768,20.661484044597955,4.737733240844555,0.4562461942518039,0.6754599871582356,0.6820212710246897,2813.8104779412133,0.7154626229378123,20.505974264703006,4.714212659698917,0.457367211341278,0.6762892955986203,0.6835177816156389,3059.398154555942,0.7093816666910909,21.49325643983049,4.758177444582558,0.4525953031696339,0.672752036912289,0.6567142760067385
86.jpg,kidneyStone,1810.384512867661,0.7431956813241394,15.898789828428727,4.597146804165682,0.4678346339850271,0.6839843813896829,0.7960083614160471,2809.569688581344,0.7179740259826921,20.434740484428712,4.719916314560068,0.4564859202259517,0.6756374177219255,0.6844043711104625,2804.281893382388,0.7169158516935491,20.372212009801235,4.697394032012566,0.4575391688009303,0.6764164167145341,0.6842453604295091,3030.6644367550994,0.710128423407228,21.245505574778665,4.743072463453163,0.45271837806423015,0.6728435019112766,0.6595690604300869
87.jpg,kidneyStone,1784.3732230392354,0.7447923298411298,15.653370098036566,4.582583059275106,0.4675926380382675,0.6838074568460536,0.8000359146293902,2775.7749480969137,0.7193061358748508,20.190665128796265,4.7057537301842665,0.4562219970106614,0.6754420752445478,0.6899012200602602,2790.8511948529685,0.7179166515559531,20.23354779411473,4.686302139689709,0.4573001799091853,0.676239735529631,0.6874723967280532,3017.758031526343,0.7111189943000173,21.181176470587854,4.7277738878531235,0.4524726684097835,0.6726608866358914,0.6628678112498779
88.jpg,kidneyStone,1755.2526807598217,0.7470476120015523,15.576853553919024,4.550307430499539,0.4685327323257383,0.6844945086162038,0.8045353204587969,2724.4893041138375,0.7222443933781363,19.879200307573736,4.676251626142033,0.4569655303957019,0.6759922561654844,0.6975435818697545,2763.6352634804075,0.7200875746434264,20.103645833330415,4.659573477659387,0.4580296628980027,0.6767788877454753,0.6924626691832977,2997.2316647443336,0.7133311628428348,21.048596693579285,4.704182853227312,0.45318730603843593,0.6731918790645324,0.6672653651984193
89.jpg,kidneyStone,1739.3357689951085,0.7459463333911475,15.453936887252318,4.562206248955837,0.4688411214284495,0.6847197393302237,0.8051509420306985,2710.9863129565824,0.7210387865773974,19.881937716262655,4.686891342932743,0.45749630333208713,0.6763847302623612,0.697244937718434,2740.659037990223,0.7188293315476206,20.004595588232267,4.66949485522149,0.45837061675570584,0.6770307354586687,0.6932019643144974,2971.179438677467,0.712342871521373,20.96422914263695,4.715360304102303,0.45360021983065,0.6734984928198801,0.6681873266171267
9.jpg,kidneyStone,2676.991636029423,0.7303009383267344,20.190410539213328,4.584529977488606,0.4408168353027978,0.6639403853530811,0.7187398104313711,3713.8497500960366,0.7097084273689295,24.442445213379298,4.696323730485023,0.43019709610974244,0.6558941195877139,0.6110302022880972,3614.68780637256,0.7070889840252922,24.29975490195982,4.665911360659621,0.432825714427941,0.6578949113862647,0.6202200395516674,3698.480061514745,0.7099037124462035,24.421868512110613,4.6940109076867,0.43051804148889733,0.656138736464246,0.6126399455627732
90.jpg,kidneyStone,1735.5028952206114,0.7455513287778817,15.506326593134652,4.5668759752494115,0.4681685337180427,0.6842284221793499,0.8057242380395827,2701.4089811611184,0.7205292071723174,19.856070742021913,4.692754469439737,0.4566254513352262,0.6757406687000762,0.6985372699500332,2739.183272058853,0.7182563356121949,20.035324754899026,4.6768822944889195,0.4576762932786707,0.6765177701130035,0.693595522340777,2987.0122106882245,0.711861189731215,21.050626682045117,4.718453739167034,0.45300316605501034,0.6730550988255051,0.6666654838248032
91.jpg,kidneyStone,1730.5358149510046,0.7445616834763538,15.515502450977715,4.577540800891799,0.4679321691502895,0.6840556769374037,0.8062151290347994,2673.225282583645,0.7203512529832105,19.815486351402978,4.698401272720132,0.4565257426052147,0.6756668873085425,0.701581053123721,2731.776715686292,0.717739017857721,20.089368872545982,4.6816219031029345,0.4575582100801254,0.6764304916841977,0.6943212863426085,2976.885074971176,0.7117430328322228,21.07632449058019,4.726200530767899,0.4529614838049197,0.6730241331519395,0.6676827370920181
92.jpg,kidneyStone,1724.6075520833454,0.7438643920525255,15.411014093134623,4.592392001960831,0.46685147811593014,0.6832653058043633,0.8078911109957073,2663.696901191871,0.7195131357933214,19.718369857746648,4.71471393166422,0.4555315406591043,0.6749307673081028,0.7042019468442117,2706.474479166708,0.7177801762740943,19.896323529408757,4.69666986329395,0.45650147563791654,0.6756489292805226,0.6987367343537025,2954.092625913131,0.7110757078312959,20.910034602075793,4.7385795611800585,0.4519259145143709,0.6722543525440136,0.6719540998842704
93.jpg,kidneyStone,1745.3818933823586,0.7430356413760068,15.640441176467936,4.606032786630669,0.4656274196999591,0.6823689762144518,0.8065453091429982,2695.3428066128577,0.7186470760750564,19.903360246058828,4.730559281972909,0.4543002716399,0.6740180054270806,0.7021783007325305,2729.384681372584,0.7166030659667988,20.0766237745069,4.70855164437898,0.4554151423128456,0.6748445319574321,0.6976964554225613,2993.5324875048364,0.7103916980494089,21.12688965782349,4.7534331945984025,0.45092048629427717,0.6715061327302061,0.6692298545277016
94.jpg,kidneyStone,1754.615900735307,0.741665847709113,15.679656862742402,4.614735917948925,0.46476131006533067,0.6817340464325737,0.8053928973868314,2719.105236447534,0.7185300428942764,20.02245290272927,4.734739895141056,0.45355778419569687,0.6734669882003845,0.699353317401574,2738.607322303955,0.7159819397828528,20.126348039212758,4.7159281098033805,0.45468043120882984,0.6742999564057748,0.6964724707007306,3025.140884275314,0.7091058720445403,21.35418685121066,4.762884634843815,0.450029623302918,0.6708424727929189,0.6655154941930527
95.jpg,kidneyStone,2015.550919117654,0.750709689126222,16.2708639705858,4.415782862715815,0.4700904823310125,0.6856314478865541,0.7430027711615603,2957.825728565965,0.7272037240889155,20.36198385236407,4.535034595194929,0.4584635418812597,0.6770993589431759,0.6240417648419411,2907.1788296568957,0.7282879591332709,20.212898284310924,4.491436758777221,0.46119666369755496,0.6791146174966012,0.6293138040458531,2935.280891964637,0.7268069397912681,20.258515955401283,4.541152281617358,0.4576116390922643,0.6764699838812246,0.6269073552310968
96.jpg,kidneyStone,2013.26810661766,0.7519615621968394,16.212714460781896,4.396486904200845,0.4710772024561217,0.6863506410400749,0.7430094119934197,2976.81147251058,0.7289546057022983,20.4075355632445,4.515112088629167,0.4593849534402089,0.6777794283099842,0.6212117956902167,2929.250398284356,0.7297813057923469,20.225245098036464,4.47150142415354,0.46220338885190676,0.679855417608705,0.6260856764187724,2951.875155709362,0.7285557165841737,20.228158400614895,4.518712162555331,0.45898749414816326,0.67748615790152,0.6243848493922931
97.jpg,kidneyStone,2006.2167279411813,0.7525180254372426,16.10575980391905,4.383652768768369,0.47275293240937155,0.6875703108841826,0.743296999883114,2971.6172241445734,0.7292695624366364,20.323875432525572,4.502992578733452,0.4609573288951271,0.6789383837250087,0.6209702657316283,2918.6607536765086,0.729831397453805,20.08606004901672,4.458990285286003,0.46374382667273567,0.6809873909792572,0.626546343992937,2941.517662437548,0.7288372394768379,20.19933871587818,4.50434744227142,0.4604220533874235,0.6785440688617236,0.624809464395143
98.jpg,kidneyStone,2016.0131433823615,0.7541465271341302,16.141268382350365,4.360302002611545,0.47344604339639224,0.688074155448664,0.7411332559593722,2968.9884813533336,0.7309752955157726,20.295117262591024,4.474421971074637,0.46189616882021134,0.679629434927749,0.6199719450539605,2939.690257352985,0.7311844099992257,20.22049632352664,4.435823225269539,0.4644854360869727,0.6815316838467399,0.6225282320668852,2937.806782006933,0.7307837154649716,20.187927720107258,4.480426252264215,0.46102205708280586,0.6789860507277052,0.6239631766222004
99.jpg,kidneyStone,2007.7835477941283,0.7544519151827114,16.086825980389683,4.348025801153362,0.4742765989378696,0.6886774273474263,0.7412133225357334,2965.857193387178,0.7310958595531855,20.25747020376738,4.465602382384221,0.4623447808274511,0.6799593964550024,0.618937338592519,2942.345649509833,0.732219791950657,20.167126225487497,4.422203367522382,0.4651578337224966,0.6820248043308224,0.6207560045879124,2916.0417377931713,0.7314719518673107,19.997170319107692,4.466744633206564,0.4618235172611486,0.679575983434633,0.6253377850233881
