Filename,Label,Contrast0,Contrast45,Contrast90,Contrast135,Homogeneity0,Homogeneity45,Homogeneity90,Homogeneity135,Dissimilarity0,Dissimilarity45,Dissimilarity90,Dissimilarity135,Entropy0,Entropy45,Entropy90,Entropy135,ASM0,ASM45,ASM90,ASM135,Energy0,Energy45,Energy90,Energy135,Correlation0,Correlation45,Correlation90,Correlation135
1.jpg,Normal,2425.510843373494,3788.1695456524894,2816.1831325301205,3643.438815502976,0.9626993688159584,0.9417437710200153,0.9566914290817501,0.9439695073431709,9.511807228915663,14.855566845696037,11.043855421686747,14.287995354913631,0.7819571018996423,0.8441632394821572,0.8005172850287136,0.8381002903133492,0.5302504932501089,0.5104174934236207,0.5247501473847196,0.512388884044222,0.7281830080756546,0.7144350869208628,0.7243964021064155,0.7158134422069915,0.914020763007389,0.8659890915118196,0.9001668762066135,0.8711091096102053
10.jpg,Normal,2458.937349397591,3809.1450137901,2791.113253012048,3712.657860357091,0.9621853204964539,0.9414212005383985,0.9570769653213784,0.9429050247538355,9.642891566265062,14.937823583490589,10.945542168674699,14.559442589635651,0.7795494578592805,0.8409131270052775,0.795292107660928,0.8368976324445097,0.5334596394251707,0.513807854399648,0.5287876734891372,0.5151200566071438,0.7303832140905011,0.7168039162836989,0.72717788297578,0.7177186472477525,0.9120892403327795,0.8640981043294899,0.9002078732659426,0.8675405532286329
100.jpg,Normal,2421.3325301204823,3807.047466976339,2876.768674698795,3697.9750326607636,0.9627636248558964,0.9414534575865602,0.9557597165026482,0.9431308240909673,9.495421686746988,14.929597909711132,11.28144578313253,14.501862873179466,0.7298902075009783,0.7918309786421052,0.7510055193639347,0.7873893094014497,0.5768343674456865,0.5566268493012643,0.5704315308462766,0.558110641186884,0.7594961273408091,0.7460742920790558,0.7552691777414703,0.7470680298251854,0.903858819441244,0.8492030564344271,0.8857663210892733,0.8535234096385096
11.jpg,Normal,2465.2048192771085,3792.3646392800115,2791.113253012048,3697.9750326607636,0.9620889364365468,0.9416792569236918,0.9570769653213784,0.9431308240909673,9.667469879518073,14.872018193254947,10.945542168674699,14.501862873179466,0.7793915715411598,0.8397461523203544,0.7948274895836973,0.8358122395806771,0.5337914673634296,0.5144556607657673,0.5292086602474153,0.5157400392090005,0.7306103389382261,0.7172556453355856,0.7274672915309769,0.7181504293732619,0.9117788427375705,0.8645648531522532,0.9001101069694207,0.8679357500594149
12.jpg,Normal,2492.363855421687,3815.437654231383,2807.8265060240965,3706.3652199158078,0.9616712721769494,0.9413244293939135,0.9568199411616263,0.9430017958983206,9.773975903614458,14.962500604828953,11.011084337349399,14.534765568297285,0.7801224035639802,0.8401065032047972,0.7950167200018858,0.8355693629939775,0.5339365839905807,0.5146720424433051,0.5295047979226142,0.5161554014604745,0.7307096441067278,0.7174064694741086,0.7276708032638208,0.7184395600608825,0.9106965788781903,0.8635730407644312,0.8993876274072985,0.8674730967733646
13.jpg,Normal,2467.293975903615,3746.218609377268,2805.7373493975906,3721.048047612135,0.9620568084165778,0.9423889119832487,0.9568520691815952,0.9427759965611888,9.67566265060241,14.691053370106934,11.002891566265061,14.592345284753472,0.779624924187294,0.8379625871209899,0.795639268434212,0.8369122105977373,0.5336413856550701,0.5149629472111298,0.5288827073111725,0.5153055854818144,0.730507621900737,0.7176091883547269,0.7272432243143778,0.7178478846397852,0.9117288082780909,0.8662501513708328,0.8996148611443529,0.8671488065687892
14.jpg,Normal,2440.134939759036,3714.7554071708523,2780.667469879518,3689.584845405719,0.9624744726761751,0.9428727677056739,0.9572376054212235,0.943259852283614,9.569156626506023,14.567668263415106,10.904578313253012,14.468960178061645,0.7773529421886995,0.8356764040345197,0.7935017579325505,0.8346229638742924,0.5348966490217899,0.5162583731647943,0.5301165005725714,0.5166013860331764,0.7313662892298154,0.7185112199296503,0.7280909974533207,0.71874987724046,0.9125235973064444,0.8671059567636454,0.9003074032991286,0.8680064245890753
15.jpg,Normal,2465.2048192771085,3731.5357816809405,2803.6481927710843,3725.2431412396577,0.9620889364365468,0.9426147113203804,0.9568841972015643,0.9427114824648655,9.667469879518073,14.633473653650748,10.994698795180723,14.608796632312384,0.7785563775209985,0.8363635716938083,0.7945689892111029,0.8361009454698415,0.5345522999951614,0.5160419451828188,0.5297934379122917,0.5161276203587274,0.7311308364411676,0.7183605955109306,0.7278691076782224,0.718420225466076,0.911622372560989,0.866501893201809,0.8994834975412704,0.8667270164847739
16.jpg,Normal,2467.293975903615,3765.096530701118,2830.8072289156626,3752.5112498185513,0.9620568084165778,0.9420985985497937,0.9564665329419668,0.9422921408387637,9.67566265060241,14.76508443412203,11.101204819277108,14.715730391445298,0.7782047396460146,0.8372990996137686,0.795370433741047,0.8367756401943978,0.5349349188561474,0.5159966927404016,0.529824339091305,0.5161678620366649,0.7313924520092803,0.7183290977959904,0.7278903345225193,0.7184482319810279,0.9114623778106207,0.8651722103145849,0.898412126818192,0.8656228881631155
17.jpg,Normal,2484.007228915663,3767.1940775148787,2847.5204819277105,3773.486717956162,0.9617997842568256,0.9420663415016319,0.9562095087822147,0.9419695703571469,9.74120481927711,14.773310107901485,11.166746987951807,14.797987129239852,0.7775915845937311,0.8359355016446842,0.794710689230827,0.8361967455016077,0.5359905591200143,0.5172583851308494,0.5308830719504525,0.5171728348208401,0.7321137610508454,0.7192067749478236,0.7286172328118876,0.7191472970267219,0.9105928628782993,0.8646905855016073,0.8975030120168423,0.8644645675486591
18.jpg,Normal,2446.402409638554,3733.633328494702,2812.0048192771087,3754.6087966323125,0.9623780886162681,0.9425824542722188,0.9567556851216881,0.942259883790602,9.593734939759036,14.641699327430203,11.027469879518073,14.723956065224755,0.7745533601541696,0.8332966205229773,0.7918444856567805,0.8341693701800116,0.5376320397412945,0.5188196115633056,0.5324889216625538,0.5185341837259843,0.7332339597572486,0.7202913379760343,0.7297183851750988,0.7200931771138956,0.9117176446425638,0.8655491376351621,0.8985184145127557,0.8647937957117641
19.jpg,Normal,2429.689156626506,3685.3897517781975,2812.0048192771087,3779.7793583974453,0.9626351127760202,0.9433243663799372,0.9567556851216881,0.9418727992126619,9.528192771084337,14.452508830502735,11.027469879518073,14.822664150578216,0.7739044054120412,0.8314480566844353,0.792008520438848,0.8353805620163033,0.5377217084885728,0.5193291128175549,0.5323408115352978,0.5180441724777753,0.7332951032760091,0.7206449283923081,0.7296168936745487,0.7197528551369389,0.9123512259921412,0.8673323302386747,0.8985536737264824,0.863934467325038
2.jpg,Normal,2429.689156626506,3767.1940775148787,2786.9349397590363,3676.9995645231534,0.9626351127760202,0.942066341501632,0.9571412213613165,0.943453394572584,9.528192771084337,14.773310107901485,10.929156626506025,14.419606135384916,0.7820843109318623,0.8432120222330709,0.7990806014285562,0.839436357910863,0.530261174884276,0.510772541283587,0.5252313411719167,0.5120008205999598,0.7281903424821535,0.714683525263866,0.7247284603021443,0.7155423262113568,0.913858723780811,0.866709674662706,0.9011877396357061,0.8699009241000688
20.jpg,Normal,2412.975903614458,3653.9265495717814,2799.4698795180725,3756.706343446074,0.9628921369357726,0.9438082221023623,0.9569484532415022,0.9422276267424403,9.462650602409639,14.329123723810907,10.978313253012049,14.73218173900421,0.7719606776249266,0.8289759451602186,0.7902899373195553,0.8332682634056429,0.5389868932436575,0.5207835221962706,0.5335444168965017,0.5193830392777696,0.7341572673778128,0.721653325493807,0.7304412480798861,0.7206823428375151,0.9127438755053798,0.86814854983421,0.8987618726918225,0.8644397547376981
21.jpg,Normal,2387.9060240963863,3620.365800551604,2784.84578313253,3714.7554071708523,0.9632776731754009,0.9443243348729492,0.9571733493812855,0.9428727677056739,9.364337349397593,14.197512943339625,10.920963855421686,14.567668263415106,0.7706687716140369,0.8274944418105242,0.7895430428022666,0.8314521774301338,0.5394060828696312,0.5213038904256719,0.5338121250947565,0.5200160469537362,0.7344427022373027,0.722013774401619,0.7306244761125625,0.7211213815674419,0.9136378194154438,0.8693405813457705,0.899276014502171,0.8659340495732095
22.jpg,Normal,2387.9060240963863,3588.902598345188,2743.0626506024096,3704.2676731020465,0.9632776731754009,0.9448081905953744,0.9578159097806661,0.9430340529464822,9.364337349397593,14.074127836647797,10.75710843373494,14.52653989451783,0.7701759085601289,0.8256639085286852,0.7871027564791397,0.8305110009232213,0.539854054999113,0.5221811716994089,0.5348481156110386,0.5206059961851891,0.7347476131292384,0.7226210429398032,0.7313331085155647,0.7215303154997641,0.9135467402384483,0.8703400590917708,0.9006825969670457,0.8661721474903961
23.jpg,Normal,2433.867469879518,3637.1461750616927,2797.380722891566,3754.6087966323125,0.9625708567360822,0.9440662784876558,0.9569805812614713,0.942259883790602,9.54457831325301,14.263318333575265,10.97012048192771,14.723956065224755,0.7717965578122549,0.8270673129495985,0.789004577680845,0.8319751700196827,0.5397614872018193,0.5220824220233056,0.5346458886792149,0.5204813456796707,0.7346846175072806,0.7225527122800838,0.731194836332434,0.7214439310713416,0.911766015692572,0.8684237927116354,0.8985817394933128,0.8641745034335796
24.jpg,Normal,2431.778313253012,3689.584845405719,2820.3614457831327,3767.1940775148787,0.9626029847560513,0.943259852283614,0.9566271730418121,0.942066341501632,9.536385542168675,14.468960178061645,11.060240963855422,14.773310107901485,0.7708797088619517,0.8284339057614825,0.789246112859643,0.8316641601060553,0.5405310216286835,0.5221052157729289,0.5350629395009758,0.5210485552700568,0.7352081485053628,0.7225684851783455,0.7314799652081907,0.7218369312178872,0.9116877389016133,0.8662945587546897,0.8975699045986173,0.8634821077449817
25.jpg,Normal,2461.0265060240968,3710.56031354333,2830.8072289156626,3771.389171142401,0.9621531924764848,0.9429372818019972,0.9564665329419668,0.9420018274053086,9.651084337349399,14.551216915856195,11.101204819277108,14.789761455460397,0.7715466540314312,0.8285437126630602,0.7889722709151932,0.831071280598038,0.5407953311720779,0.5224983185967731,0.535596633086563,0.5216704873407646,0.7353878780426544,0.7228404516881807,0.7318446782525395,0.7222676009214068,0.9104817615346487,0.8653189565846614,0.8970250776743964,0.863111070627033
26.jpg,Normal,2494.4530120481927,3735.7308753084626,2837.0746987951807,3777.681811583684,0.9616391441569805,0.9425501972240571,0.9563701488820597,0.9419050562608237,9.782168674698795,14.649925001209658,11.12578313253012,14.814438476798761,0.7704585277072465,0.8268357001384279,0.7865428051888619,0.8285737922198799,0.5427635430396284,0.5245942364178173,0.5379521378042289,0.5240236304749735,0.7367248760830791,0.7242887797127726,0.7334522055350498,0.7238947647793659,0.9087385393021123,0.8636203808812283,0.896197130349896,0.862088886000613
27.jpg,Normal,2494.4530120481927,3765.096530701118,2839.163855421687,3790.2670924662502,0.9616391441569804,0.9420985985497937,0.9563380208620909,0.9417115139718536,9.782168674698795,14.76508443412203,11.133975903614457,14.863792519475492,0.7697330867740982,0.827312439105785,0.7859087631051759,0.8283526292646575,0.543418885759907,0.5248489472439367,0.5385782618990016,0.5245068334100287,0.7371695095158962,0.7244645935060848,0.7338789150118714,0.7242284400726257,0.9085960356611487,0.8623345359617719,0.8959584500323277,0.8614142097397893
28.jpg,Normal,2463.115662650602,3710.56031354333,2812.0048192771087,3773.486717956162,0.9621210644565159,0.9429372818019972,0.9567556851216881,0.9419695703571469,9.659277108433734,14.551216915856195,11.027469879518073,14.797987129239852,0.7669499648667519,0.8237494062907951,0.783361641396922,0.8263582294595124,0.5450141389977581,0.5267393867818156,0.5401228563410267,0.5258830408369025,0.7382507290871836,0.7257681356892266,0.734930511232883,0.7251779373622053,0.9094963219913935,0.8639572042101702,0.8966672805776842,0.8616500906580531
29.jpg,Normal,2469.3831325301203,3706.3652199158078,2807.826506024096,3792.3646392800115,0.9620246803966088,0.9430017958983206,0.9568199411616262,0.9416792569236918,9.683855421686747,14.534765568297285,11.011084337349397,14.872018193254947,0.7665756158037317,0.822884239929413,0.7824878521101051,0.8264457490316004,0.545535703230593,0.5274062029405383,0.5407923438654215,0.526236162120099,0.7386038879064969,0.7262273768872517,0.7353858469303183,0.7254213686679619,0.9091334613208383,0.8639132146653609,0.8966700158834529,0.8607555699575398
3.jpg,Normal,2479.8289156626506,3771.389171142401,2816.1831325301205,3739.925968935985,0.9618640402967635,0.9420018274053087,0.9566914290817501,0.9424856831277337,9.724819277108432,14.789761455460397,11.043855421686747,14.66637634876857,0.7847262961679515,0.8435953625552677,0.8006458654178034,0.8422828155203881,0.5293613493975904,0.5105290475774119,0.5246333079789035,0.5109570176427823,0.727572229677295,0.7145131542367935,0.7243157515744798,0.7148125751851196,0.9121189655312901,0.8666184631490117,0.9001937569438816,0.8677312123440977
30.jpg,Normal,2496.5421686746986,3752.5112498185513,2828.7180722891567,3748.316156191029,0.9616070161370114,0.9422921408387637,0.9564986609619359,0.9423566549350871,9.790361445783132,14.715730391445298,11.093012048192772,14.69927904388639,0.766897790397711,0.8237940039664617,0.7824593692417341,0.8236203714895589,0.5460374427509234,0.527664070792809,0.5413866320865793,0.5277211438736833,0.738943463839368,0.7264048945270186,0.735789801564672,0.7264441780850633,0.9079385824957568,0.8619267530388254,0.8956795845977435,0.8620811110566692
31.jpg,Normal,2502.8096385542167,3750.41370300479,2849.609638554217,3775.584264769923,0.9615106320771043,0.9423243978869253,0.9561773807622456,0.9419373133089852,9.814939759036145,14.707504717665843,11.174939759036144,14.806212803019307,0.766295461229322,0.8227851389815231,0.7825244730888159,0.8238251052248631,0.5467618305511202,0.528504741384902,0.5418938048095998,0.5281624527387351,0.73943345241551,0.7269833157541526,0.7361343660022943,0.7267478604982165,0.9075271152519067,0.8617352692178776,0.8947070231568819,0.8608073180045748
32.jpg,Normal,2511.166265060241,3765.096530701118,2845.431325301205,3769.29162432864,0.9613821199972281,0.9420985985497937,0.9562416368021835,0.9420340844534703,9.847710843373495,14.76508443412203,11.15855421686747,14.78153578168094,0.7650072399702127,0.8216675534976206,0.7806334046164705,0.8218406678954098,0.5481623886066354,0.5298220063843357,0.5434718340671923,0.5297649666010344,0.7403798947882333,0.7278887321454672,0.7372054218921564,0.727849549426964,0.9068784811128509,0.8606873469536742,0.8944761844318799,0.8605321239419236
33.jpg,Normal,2525.790361445783,3760.9014370735954,2864.2337349397594,3794.4621860937727,0.961157223857445,0.9421631126461171,0.9559524846224625,0.9416469998755301,9.905060240963856,14.74863308656312,11.232289156626507,14.880243867034403,0.7652926715928534,0.8210717722043182,0.7810778113586551,0.8224548780864104,0.5483268597603265,0.5302504868390691,0.5435800749020179,0.5297943350605249,0.7404909585945844,0.7281830036735746,0.7372788311771998,0.7278697239620047,0.9062520945599172,0.8607180986676041,0.8936835154091775,0.8594752038425518
34.jpg,Normal,2477.7397590361447,3742.023515749746,2843.3421686746988,3748.316156191029,0.9618961683167326,0.942453426079572,0.9562737648221526,0.942356654935087,9.716626506024097,14.674602022548022,11.150361445783133,14.69927904388639,0.7619069900479344,0.8191852071404553,0.7790156649776206,0.819445308030155,0.5499824857018436,0.5314795195130335,0.544860217351333,0.5313938942834846,0.7416080404781515,0.7290264189403793,0.7381464741847197,0.72896769083649,0.9078189646397562,0.8610920110683549,0.8942069403938272,0.860858421400869
35.jpg,Normal,2490.2746987951805,3765.096530701118,2862.144578313253,3723.1455944258964,0.9617034001969185,0.9420985985497937,0.9559846126424314,0.9427437395130271,9.76578313253012,14.76508443412203,11.22409638554217,14.600570958532927,0.7618674789845752,0.8194826496621342,0.7792303590128187,0.8177489643195606,0.5503804668956953,0.5317409205499768,0.5451725896033934,0.5323117762246192,0.741876315092816,0.7292056778097499,0.7383580361879956,0.729596995761783,0.9072233344619275,0.8600411712015611,0.8933587002140106,0.8616006010488975
36.jpg,Normal,2490.2746987951805,3804.949920162578,2899.7493975903612,3704.2676731020465,0.9617034001969185,0.9414857146347219,0.9554063082829889,0.9430340529464822,9.76578313253012,14.92137223593168,11.37156626506024,14.52653989451783,0.7616880499384535,0.8209389885776294,0.780764408266669,0.8167831140994279,0.5505415584909921,0.5313602621738112,0.5448066496991985,0.5327298163293562,0.7419848775352447,0.7289446221585087,0.738110188047285,0.7298834265342351,0.907187114080163,0.8585046881046025,0.8919153796008538,0.8622487757402032
37.jpg,Normal,2448.49156626506,3729.4382348671797,2860.0554216867467,3695.8774858470024,0.9623459605962991,0.9426469683685421,0.9560167406624005,0.943163081139129,9.601927710843373,14.625247979871292,11.215903614457831,14.493637199400009,0.7591843969927055,0.8173213709502762,0.7784562098261641,0.8159301748823933,0.5515790927243109,0.5328301804174813,0.545806890082418,0.5332873644207919,0.7426837097475014,0.7299521768016596,0.738787445807262,0.7302652698990908,0.9086461290588091,0.8611639625343299,0.8932801125996952,0.8624133307005002
38.jpg,Normal,2473.5614457831325,3735.7308753084626,2876.768674698795,3750.41370300479,0.9619604243566706,0.9425501972240571,0.9557597165026482,0.9423243978869253,9.700240963855421,14.649925001209658,11.28144578313253,14.707504717665843,0.7596848713457218,0.8168598834494047,0.7785074397658021,0.8174663492596735,0.5518567083756714,0.5333777012569372,0.54620665808616,0.5331778944869682,0.7428705865597799,0.730327119349225,0.7390579531309842,0.730190313881914,0.9075685978351928,0.8607162200498882,0.8924910635040623,0.8601687823970805
39.jpg,Normal,2500.720481927711,3746.218609377268,2864.233734939759,3769.29162432864,0.9615427600970732,0.9423889119832487,0.9559524846224625,0.9420340844534703,9.806746987951808,14.691053370106934,11.232289156626505,14.78153578168094,0.7607913688320393,0.8170929537690081,0.7777380054567604,0.8180443893070544,0.5516467458266802,0.5334105134138726,0.5465582069966614,0.5330966915913491,0.742729254726566,0.730349583017525,0.7392957506956612,0.7301347078391419,0.906513801681619,0.8602657244432237,0.8929137646582032,0.8594050990058639
4.jpg,Normal,2496.5421686746986,3804.949920162578,2866.3228915662653,3779.7793583974453,0.9616070161370114,0.9414857146347217,0.9559203566024934,0.9418727992126619,9.790361445783132,14.92137223593168,11.240481927710844,14.822664150578216,0.7861088727966673,0.8455759126231939,0.8035427290332142,0.8445296448685201,0.5285995846518605,0.5095500770761946,0.523405108433735,0.5098920160978438,0.7270485435319024,0.7138277642934566,0.723467420436978,0.7140672349981084,0.9116334604679829,0.8655931842918821,0.8985394277397062,0.8664823142745157
40.jpg,Normal,2525.790361445783,3781.876905211206,2837.0746987951807,3754.6087966323125,0.961157223857445,0.9418405421645002,0.9563701488820598,0.9422598837906021,9.905060240963856,14.830889824357671,11.12578313253012,14.723956065224755,0.7614602811223249,0.8180218015018071,0.7759633203024903,0.8168989146894597,0.5517650659828067,0.5333991084748049,0.5474134246866986,0.5337698535391238,0.7428089027352908,0.7303417751127241,0.7398739248592956,0.7305955471662305,0.9054676595562439,0.8587734807662566,0.8938067552726839,0.8597917529515247
41.jpg,Normal,2513.255421686747,3788.1695456524894,2847.5204819277105,3750.41370300479,0.9613499919772591,0.9417437710200152,0.9562095087822147,0.9423243978869253,9.85590361445783,14.855566845696037,11.166746987951807,14.707504717665843,0.7601794150732587,0.8175828867498767,0.775754640730125,0.8160287922836722,0.552554261511911,0.5339242429396335,0.5478783281559975,0.5344375635295745,0.7433399367126127,0.7307011994924009,0.7401880356747179,0.7310523671595452,0.905796641087246,0.8583284278198093,0.8932568929979295,0.8597404368448611
42.jpg,Normal,2525.790361445783,3783.9744520249674,2853.7879518072286,3777.681811583684,0.961157223857445,0.9418082851163386,0.9561131247223075,0.9419050562608237,9.905060240963856,14.839115498137126,11.191325301204818,14.814438476798761,0.7591282467598177,0.8157407196906099,0.7743967412740428,0.8154822224627926,0.5538522287059886,0.5354416757795946,0.5492528045676682,0.5355271948731292,0.7442124889478734,0.7317388029752109,0.741115918441689,0.7317972361748363,0.9049850323454001,0.8579809338085495,0.8926392397951904,0.8582171074219498
43.jpg,Normal,2538.3253012048194,3783.9744520249674,2855.877108433735,3792.3646392800115,0.9609644557376309,0.9418082851163386,0.9560809967023385,0.9416792569236918,9.95421686746988,14.839115498137126,11.199518072289157,14.872018193254947,0.7593717204240227,0.8153797194904562,0.7741366377924253,0.8157240550991999,0.5539903162852213,0.5357571557172045,0.549539390396929,0.5356431593945348,0.744305257461763,0.7319543399128149,0.7413092407335342,0.7318764645720852,0.9044396649097811,0.8578715049871534,0.8924775557736537,0.8575563641999853
44.jpg,Normal,2523.7012048192773,3790.2670924662502,2841.2530120481924,3762.9989838873566,0.9611893518774139,0.9417115139718536,0.9563058928421218,0.9421308555979553,9.896867469879519,14.863792519475492,11.142168674698794,14.756858760342576,0.7571467818165427,0.8140755497156742,0.7719303761189924,0.8129558916573618,0.5555634516862631,0.5370358746135568,0.5511105335720392,0.5374065114607628,0.7453612893666152,0.7328273156846412,0.7423681927265198,0.7330801535035325,0.9046715031505215,0.8571592121035645,0.8926692255738141,0.8581868436711647
45.jpg,Normal,2532.0578313253013,3800.754826535056,2816.1831325301205,3739.925968935985,0.9610608397975379,0.9415502287310451,0.9566914290817501,0.9424856831277337,9.929638554216867,14.904920888372768,11.043855421686747,14.66637634876857,0.7557364185095423,0.8126407958773795,0.7689487515614196,0.8101435741178724,0.5570580670634345,0.5385188231340823,0.5530898776471347,0.5393458094641729,0.7463632272985015,0.7338384175921033,0.7437001261578048,0.734401667661623,0.9039753770094741,0.856191159142594,0.8931892997665996,0.8584927355139321
46.jpg,Normal,2519.522891566265,3809.1450137901,2839.163855421687,3750.41370300479,0.961253607917352,0.9414212005383984,0.9563380208620909,0.9423243978869253,9.880481927710843,14.937823583490589,11.133975903614457,14.707504717665843,0.7548891805396181,0.8127274600845358,0.7697478628203775,0.8103190731736771,0.5574594541378365,0.5386282785002179,0.5529908423412525,0.5394264858419171,0.7466320741421685,0.7339129910965045,0.7436335403552293,0.7344565922108107,0.9043980341326759,0.8557944443103204,0.89225827396445,0.8580178779883554
47.jpg,Normal,2521.612048192771,3832.2180287414717,2878.8578313253015,3786.0719988387286,0.961221479897383,0.9410663730086202,0.9557275884826792,0.9417760280681768,9.888674698795182,15.028305995064596,11.289638554216868,14.847341171916582,0.7551610998782945,0.8138459546716483,0.7717303561731949,0.8119594213146732,0.5572760687085692,0.5381615375731477,0.5522802984467994,0.5387880595062,0.7465092556081064,0.7335949410765779,0.7431556354134707,0.7340218385758015,0.9043550448884593,0.8549757907039206,0.8907933918358982,0.8567221139685697
48.jpg,Normal,2523.7012048192773,3804.949920162578,2860.0554216867467,3786.0719988387286,0.9611893518774142,0.9414857146347219,0.9560167406624005,0.941776028068177,9.896867469879519,14.92137223593168,11.215903614457831,14.847341171916582,0.7551037799982965,0.8125719742140145,0.7707167905074399,0.8117991470415871,0.5573861985451849,0.5386712698293106,0.5526837314236868,0.5389276960007201,0.7465830151732524,0.733942279630565,0.7434270182228292,0.7341169498116223,0.9042427937602334,0.8559582143655761,0.8914692178574598,0.8566728649006973
49.jpg,Normal,2502.8096385542167,3758.803890259834,2857.9662650602413,3853.193496879083,0.9615106320771043,0.9421953696942786,0.9560488686823696,0.9407438025270033,9.814939759036145,14.740407412783664,11.207710843373494,15.110562732859147,0.7541551042613909,0.8107281551747749,0.7706689408842243,0.8145880926447008,0.5576407074724601,0.5392564850823603,0.5526710849179853,0.5379748224724346,0.7467534449016355,0.734340850751448,0.7434185126279714,0.7334676696845162,0.9050453115705752,0.8577198135607433,0.891559720086092,0.8541469294146683
5.jpg,Normal,2496.5421686746986,3813.3401074176227,2864.233734939759,3752.5112498185513,0.9616070161370114,0.941356686442075,0.9559524846224624,0.9422921408387637,9.790361445783132,14.9542749310495,11.232289156626505,14.715730391445298,0.7846506521629582,0.8444360500644992,0.8019782711351817,0.8419067048932201,0.52993214225577,0.5107651523440021,0.5247671984645409,0.511591776562985,0.7279643825461312,0.714678355866471,0.7244081711746085,0.7152564411195366,0.9113616055614913,0.8648843498165871,0.8983013960927814,0.8670396599680277
50.jpg,Normal,2513.255421686747,3758.803890259834,2893.481927710843,3888.8517927130206,0.9613499919772592,0.9421953696942786,0.955502692342896,0.9401954327082549,9.85590361445783,14.740407412783664,11.346987951807229,15.250399187109885,0.7534895421369165,0.8095548253997269,0.7711275395107043,0.8148599887902703,0.558529700617732,0.5402787559557708,0.5531966253447524,0.538514006432021,0.7473484465881575,0.7350365677677341,0.7437718906659168,0.7338351357301045,0.9044043889294436,0.857360908427306,0.8899342246173105,0.8524258505715545
51.jpg,Normal,2488.1855421686746,3798.657279721295,2912.284337349398,3872.071418202932,0.9617355282168875,0.9415824857792069,0.9552135401631747,0.9404534890935483,9.757590361445784,14.896695214593313,11.420722891566266,15.184593796874244,0.7526083122617575,0.8115108701229767,0.7722969981553662,0.8145024666590475,0.558604695021048,0.5394564697862357,0.5526523512846566,0.5384606408278035,0.747398618557091,0.734477004259654,0.7434059128663537,0.7337987740707963,0.9054236672412026,0.8559483024882906,0.8892959231556472,0.8531643105430063
52.jpg,Normal,2500.720481927711,3742.023515749746,2878.8578313253015,3890.949339526782,0.9615427600970732,0.942453426079572,0.9557275884826792,0.9401631756600932,9.806746987951808,14.674602022548022,11.289638554216868,15.258624860889341,0.7545405919701015,0.8105337028973885,0.772108658732525,0.8166185291836168,0.557237522749633,0.539052339742669,0.5519452081095467,0.5370308997480231,0.7464834376927817,0.7342018385584913,0.7429301502224464,0.7328239213808615,0.9052257742333675,0.8585055974442998,0.8908835823920551,0.8528743740242019
53.jpg,Normal,2494.4530120481927,3725.2431412396577,2876.768674698795,3884.656699085499,0.9616391441569804,0.9427114824648655,0.9557597165026482,0.9402599468045781,9.782168674698795,14.608796632312384,11.28144578313253,15.233947839550975,0.753834367332775,0.8094423559590975,0.7716195912248601,0.8159624997980957,0.5576894648795987,0.5396294272662304,0.5523235581361592,0.5374647624432862,0.7467860904433067,0.734594736753695,0.7431847402471066,0.7331198827226596,0.9053786677823608,0.8590192428869574,0.8908688799948521,0.8529862825600482
54.jpg,Normal,2490.2746987951805,3653.9265495717814,2826.628915662651,3876.2665118304544,0.9617034001969185,0.9438082221023623,0.956530788981905,0.940388974997225,9.76578313253012,14.329123723810907,11.084819277108434,15.201045144433154,0.7546810616673021,0.8075567501592346,0.7703856883946261,0.816694253137497,0.5568148916307801,0.5396687714705173,0.5520929672747215,0.5366454423591317,0.7462003026204024,0.7346215157960712,0.7430295870789544,0.7325608796264865,0.9057542616866251,0.8620349462537418,0.8930174399790834,0.8536398281727412
55.jpg,Normal,2458.9373493975904,3653.9265495717814,2789.0240963855426,3794.4621860937727,0.9621853204964539,0.9438082221023624,0.9571090933413475,0.9416469998755301,9.64289156626506,14.329123723810907,10.937349397590364,14.880243867034403,0.753815965680935,0.8082069877869977,0.7693011803723426,0.8140095710996254,0.5566909302753181,0.5391001654631589,0.5520520435476848,0.537186474334026,0.7461172362808127,0.734234407708573,0.7430020481450134,0.7329300610112987,0.907070412696266,0.862227283904128,0.894588400510446,0.8569283332850559
56.jpg,Normal,2473.5614457831325,3687.4872985919583,2793.2024096385544,3796.559732907534,0.9619604243566706,0.9432921093317757,0.9570448373014093,0.9416147428273685,9.700240963855421,14.460734504282188,10.953734939759036,14.888469540813858,0.7538963154239797,0.8089659286276596,0.7688679417649272,0.8134594366324489,0.5570383951226593,0.5391970322655573,0.5525486899888711,0.5377126992943743,0.746350048651877,0.7343003692396983,0.7433361890752199,0.7332889602976267,0.9063899863682768,0.8607725064301561,0.8942861879057441,0.8566542870526633
57.jpg,Normal,2463.115662650602,3650.7802293511395,2769.177108433735,3757.755116852954,0.9621210644565158,0.9438566076746049,0.9574143095310532,0.9422114982183596,9.659277108433734,14.316785213141722,10.859518072289157,14.736294575893938,0.7548368048650294,0.8089052285752817,0.7692041359236242,0.8133332720106665,0.5558983025435074,0.5384175770504757,0.5516047355365236,0.5369598784958654,0.7455858787178761,0.7337694304415221,0.7427009731624994,0.7327754625366937,0.9070799358067577,0.8625903512625313,0.8955250416232994,0.8585639840774631
58.jpg,Normal,2486.0963855421687,3691.6823922194803,2795.2915662650603,3788.1695456524894,0.9617676562368564,0.9432275952354523,0.9570127092814404,0.9417437710200152,9.749397590361445,14.4771858518411,10.961927710843375,14.855566845696037,0.7558771614478064,0.8105333708249239,0.7703370899332754,0.8145118491936391,0.5556270253705585,0.5379216592550289,0.5512996510378866,0.5366084997423057,0.7454039343675068,0.7334314277797406,0.7424955562411715,0.7325356644848807,0.9062002873156331,0.861029744325598,0.8945237174553613,0.8573975671886533
59.jpg,Normal,2452.669879518073,3733.633328494702,2803.6481927710843,3742.023515749746,0.962281704556361,0.9425824542722188,0.9568841972015641,0.942453426079572,9.61831325301205,14.641699327430203,10.994698795180723,14.674602022548022,0.7523010761706711,0.8102518789598208,0.7687358366380761,0.8105975851635487,0.5578644091546912,0.5391108102810651,0.5529449669521459,0.5389966141729567,0.746903212708776,0.7342416565961544,0.7436026942878474,0.7341638878158996,0.9070596082714619,0.8588421901834746,0.8937488388248697,0.8585249816220892
6.jpg,Normal,2486.0963855421687,3878.364058644215,2860.0554216867467,3756.706343446074,0.9617676562368564,0.9403567179490633,0.9560167406624005,0.9422276267424403,9.749397590361445,15.209270818212609,11.215903614457831,14.73218173900421,0.7825541200112326,0.8455090901302783,0.8001963591237091,0.8404721954964456,0.5315332803019306,0.5113206854119897,0.526266981242238,0.5129719422388632,0.729063289640845,0.7150669097448082,0.7254426105780098,0.7162205960727904,0.9114354267348279,0.8621238394769444,0.8981107258890058,0.8664487812348337
60.jpg,Normal,2421.3325301204823,3693.7799390332416,2734.7060240963856,3645.536362316737,0.9627636248558964,0.9431953381872906,0.9579444218605422,0.9439372502950092,9.495421686746988,14.485411525620556,10.72433734939759,14.296221028693086,0.7506979460841328,0.8085097549191007,0.7654633567443572,0.8065073275581243,0.5583938870663377,0.5397372911124259,0.5539985964097354,0.5403954743550429,0.7472575774566209,0.7346681503321251,0.7443108197586109,0.7351159598016104,0.9082281710278696,0.8603202253348368,0.8963401934025653,0.8621445494786749
61.jpg,Normal,2423.4216867469877,3706.3652199158078,2736.7951807228915,3670.7069240818696,0.9627314968359274,0.9430017958983206,0.9579122938405731,0.9435501657170691,9.503614457831326,14.534765568297285,10.732530120481927,14.394929114046548,0.7503454816713048,0.8085668266559738,0.7651039998726432,0.8070901164892309,0.5587690980468057,0.5399703408266825,0.5543742068676311,0.5404565056849215,0.7475085939618392,0.7348267420465061,0.7445630979760084,0.7351574699919206,0.9080572299013916,0.8597047491974517,0.8961573342929683,0.8610545054304132
62.jpg,Normal,2369.1036144578316,3632.95108143417,2703.368674698795,3622.463347365365,0.9635668253551222,0.9441307925839793,0.9584263421600776,0.9442920778247876,9.290602409638554,14.246866986016354,10.601445783132531,14.205738617119078,0.7469156925922891,0.8047193796398409,0.7627651469627278,0.8042823295899773,0.5602571241109014,0.5416715112359353,0.5555456315865873,0.5418148026593798,0.7485032559120244,0.7359833634233421,0.7453493352694341,0.736080703903709,0.9099593592812012,0.8622464563156877,0.8972480858268014,0.8626441282085409
63.jpg,Normal,2446.402409638554,3718.950500798374,2757.6867469879517,3716.852953984613,0.9623780886162681,0.9428082536093505,0.957591013640883,0.9428405106575122,9.593734939759036,14.584119610974016,10.814457831325301,14.575893937194563,0.7506208009858453,0.8082522658368008,0.7652486127298378,0.8081657095206985,0.5591844683795423,0.5405265216365219,0.5548085141852551,0.5405550904339831,0.7477863788406033,0.735205088146513,0.7448546933363951,0.7352245170245502,0.9070150761230171,0.8589757978400289,0.8951762468849853,0.8590553377171637
64.jpg,Normal,2394.1734939759035,3662.316736826825,2738.8843373493974,3689.584845405719,0.9631812891154938,0.9436791939097158,0.9578801658206042,0.943259852283614,9.388915662650602,14.362026418928727,10.740722891566264,14.468960178061645,0.7478646670271487,0.805667200842905,0.7641584103358534,0.8067974308333616,0.5601385046047644,0.5415090242818626,0.5552698249383075,0.541137088829305,0.7484240139150831,0.7358729674895407,0.7451642939233653,0.7356202069201913,0.9089528428282629,0.8610512830120333,0.8958403402967389,0.8600167278454561
65.jpg,Normal,2362.8361445783135,3653.9265495717814,2745.1518072289155,3683.292204964436,0.9636632094150291,0.9438082221023623,0.9577837817606971,0.943356623428099,9.266024096385543,14.329123723810907,10.765301204819277,14.444283156723278,0.7471596901001387,0.8061371991793791,0.7652541575049765,0.807355801352503,0.5598560338059064,0.540909082136552,0.5544663689940486,0.5405084342907491,0.7482352797121413,0.7354652147699114,0.7446249854752717,0.7351927871590888,0.9103062801900526,0.8616135275958463,0.8957863025809186,0.8605013515834135
66.jpg,Normal,2348.2120481927714,3660.2191900130642,2753.50843373494,3676.999564523153,0.9638881055548123,0.9437114509578773,0.9576552696808209,0.943453394572584,9.208674698795182,14.353800745149272,10.798072289156627,14.419606135384914,0.7466820640838736,0.8066387092340461,0.7658766743631189,0.8073351298563582,0.5598548286640538,0.540613576060342,0.5541388805987001,0.5403846344341691,0.7482344743889136,0.7352642899395713,0.7444050514328204,0.7351085868320197,0.9109075537284408,0.8614467296547499,0.8955231806092611,0.8608115284153448
67.jpg,Normal,2362.8361445783135,3685.3897517781975,2768.132530120482,3683.292204964436,0.9636632094150293,0.9433243663799373,0.9574303735410378,0.943356623428099,9.266024096385543,14.452508830502735,10.855421686746988,14.444283156723278,0.746202269824471,0.8064627656187342,0.7653500535008545,0.8063759105358657,0.56071165716682,0.5413346932769768,0.5549986695698457,0.5413632953720111,0.748806822329244,0.7357545061207419,0.7449823283607777,0.7357739431184086,0.9101164472147772,0.8601274396254531,0.8946914310602745,0.8602070483678403
68.jpg,Normal,2354.479518072289,3685.3897517781975,2797.380722891566,3721.048047612135,0.9637917214949052,0.9433243663799373,0.9569805812614713,0.9427759965611888,9.233253012048191,14.452508830502735,10.97012048192771,14.592345284753472,0.7464082157454528,0.8070898788738303,0.7673129212452265,0.8085638285867107,0.5602833673005274,0.540787696354023,0.5540398076160062,0.5403017791464839,0.7485207861512782,0.7353826870099832,0.7443385033813623,0.7350522288562112,0.9105554671772641,0.8603160045856706,0.8937226929644415,0.8589644804410812
69.jpg,Normal,2373.2819277108433,3695.8774858470024,2759.775903614458,3683.292204964436,0.9635025693151841,0.943163081139129,0.9575588856209138,0.943356623428099,9.306987951807228,14.493637199400009,10.822650602409638,14.444283156723278,0.7459212547146036,0.8060894719139478,0.764170296208426,0.8055688323228453,0.5612669101466106,0.5418953073465124,0.5558205567006983,0.542066888700243,0.7491774890815998,0.7361353865604563,0.7455337394784345,0.7362519193185462,0.9095615504678981,0.8594854055867953,0.8948261030770837,0.8599638888821863
7.jpg,Normal,2488.1855421686746,3884.6566990854994,2876.768674698795,3721.048047612135,0.9617355282168875,0.9402599468045783,0.9557597165026482,0.9427759965611888,9.757590361445784,15.233947839550977,11.28144578313253,14.592345284753472,0.7816229937124808,0.8447128961610174,0.7999266768946226,0.837931793517247,0.5324449481782552,0.5121743930445078,0.5269740495798456,0.5143961850568827,0.7296882541046246,0.7156636032693767,0.7259297828163862,0.717214183530194,0.9111672975655002,0.86159974265662,0.8972913292992294,0.8674286951797214
70.jpg,Normal,2379.5493975903614,3721.0480476121356,2797.380722891566,3727.340688053419,0.9634061852552769,0.9427759965611889,0.9569805812614713,0.9426792254167039,9.331566265060241,14.592345284753474,10.97012048192771,14.617022306091839,0.7449563461387227,0.8058453513377344,0.7646367958191099,0.8061045428372634,0.5623096494572668,0.5426693489745209,0.5564097182948663,0.5425836613120224,0.7498730889005598,0.7366609457372645,0.7459287622118256,0.7366027839426229,0.9090676346194146,0.858136697545853,0.8930968116871405,0.8578967934267084
71.jpg,Normal,2406.7084337349397,3731.5357816809405,2778.578313253012,3721.048047612135,0.9629885209956796,0.9426147113203804,0.9572697334411925,0.9427759965611888,9.438072289156626,14.633473653650748,10.896385542168673,14.592345284753472,0.7445587867417989,0.8045247417047865,0.7620494422361941,0.8040932077544735,0.5634472058192609,0.5440497721863161,0.5581986736988113,0.5441925745516553,0.7506312049330622,0.7375972967590894,0.7471269461736816,0.7376940927997562,0.9076800545748472,0.8571976139498972,0.8934115380381168,0.8575989697285653
72.jpg,Normal,2404.619277108434,3756.706343446074,2780.667469879518,3714.7554071708523,0.9630206490156485,0.9422276267424403,0.9572376054212235,0.9428727677056739,9.42987951807229,14.73218173900421,10.904578313253012,14.567668263415106,0.7438462744484652,0.8049318448131731,0.7615293423774021,0.8032079728488597,0.5640212063676393,0.5442510841106449,0.5587135804906374,0.544822106273153,0.751013452853968,0.7377337487946752,0.747471457977251,0.7381206583433043,0.9076348046465885,0.8560395412794364,0.8931863777316484,0.8576471399251154
73.jpg,Normal,2377.460240963855,3750.41370300479,2772.310843373494,3691.6823922194803,0.9634383132752459,0.9423243978869253,0.9573661175010997,0.9432275952354522,9.323373493975902,14.707504717665843,10.871807228915664,14.4771858518411,0.7416768678667846,0.803796519446661,0.7602829925111905,0.8013802541754954,0.5651697344236383,0.5450976868734989,0.559592748245996,0.5458975257962808,0.7517777160994055,0.7383073119463865,0.7480593213415605,0.7388487841204592,0.9085039827919682,0.8560076312542413,0.8933044029803554,0.8582625453061884
74.jpg,Normal,2375.3710843373497,3757.755116852954,2794.246987951807,3699.023806067644,0.9634704412952151,0.9422114982183596,0.9570287732914249,0.9431146955668864,9.315180722891567,14.736294575893938,10.957831325301205,14.505975710069192,0.7416403927108165,0.8041555375968156,0.7613466359308909,0.8017411260251799,0.56514193616232,0.5449474767086214,0.5592338924856051,0.545747111683768,0.7517592275205672,0.7382055788929134,0.7478194250523351,0.7387469875970852,0.9085975535441231,0.8557438983990455,0.8924737233570522,0.8579985290687782
75.jpg,Normal,2352.390361445783,3717.9017273914938,2794.246987951807,3709.511540136449,0.9638238495148743,0.9428243821334313,0.9570287732914249,0.942953410326078,9.225060240963856,14.58000677408429,10.957831325301205,14.547104078966468,0.7406383040153067,0.8026348447992446,0.7614607782586544,0.8022893623987354,0.5653689317269076,0.5453892564221682,0.5591331591425945,0.5455035482607992,0.7519101886042692,0.7385047436693742,0.7477520706374503,0.7385821201875924,0.9095046405759776,0.857309677425254,0.8925008195687807,0.8576316866158319
76.jpg,Normal,2341.9445783132533,3712.657860357091,2770.221686746988,3704.2676731020465,0.9639844896147194,0.9429050247538355,0.9573982455210687,0.9430340529464823,9.18409638554217,14.559442589635651,10.863614457831325,14.52653989451783,0.7409525621829911,0.8032700347339292,0.7611954460265449,0.8029242178855337,0.5647856683601877,0.5447217427053024,0.5587314645892808,0.5448360553549167,0.7515222341090034,0.7380526693301112,0.7474834209460975,0.7381301073353645,0.9100712216053046,0.8577732153850021,0.8936219197671644,0.8580946318474088
77.jpg,Normal,2341.9445783132533,3743.0722891566265,2821.4060240963854,3717.9017273914938,0.9639844896147195,0.9424372975554912,0.9566111090318274,0.9428243821334313,9.18409638554217,14.67871485943775,11.06433734939759,14.58000677408429,0.741049083683593,0.8046117138888357,0.7636305944907471,0.8035766894007582,0.5646996909082113,0.5442288854250725,0.5579331846905695,0.5445715611555269,0.7514650297307329,0.7377187034534726,0.7469492517504583,0.7379509205601189,0.910090523168464,0.8566362051375002,0.8916777314486489,0.8576002653999546
78.jpg,Normal,2356.5686746987953,3770.34039773552,2823.4951807228917,3707.4139933226884,0.9637595934749362,0.9420179559293894,0.9565789810118586,0.9429856673742397,9.24144578313253,14.785648618570667,11.072530120481927,14.538878405187013,0.7422425496262464,0.8062241799611237,0.7642123519836086,0.8036383533539033,0.5640617120369026,0.5434289835490662,0.5574744689924356,0.5442854231434039,0.7510404197091542,0.7371763585120362,0.7466421291304393,0.7377570217513378,0.9096259501244798,0.8557459357809925,0.8917135989925575,0.8581535140433403
79.jpg,Normal,2381.6385542168678,3782.9256786180867,2850.6542168674696,3764.0477572942373,0.9633740572353079,0.9418244136404195,0.9561613167522611,0.9421147270738746,9.33975903614458,14.8350026612474,11.179036144578314,14.760971597232302,0.7433466164702838,0.8066239815864635,0.765337488032097,0.8058511642204499,0.5638043572200448,0.5433579384943468,0.5571933493975902,0.5436145613295476,0.7508690679606165,0.7371281696518909,0.7464538494760344,0.7373022184488174,0.908641720673026,0.8552283962999891,0.8906446984582932,0.8559508495482844
8.jpg,Normal,2421.3325301204823,3767.1940775148787,2789.024096385542,3660.2191900130642,0.9627636248558964,0.9420663415016319,0.9571090933413475,0.9437114509578773,9.495421686746988,14.773310107901485,10.937349397590362,14.353800745149272,0.778180314978982,0.8396554069976773,0.7956712609503783,0.8351802166581733,0.5335748989855003,0.5139472546895086,0.5283853491395301,0.5154044756320544,0.7304621133128674,0.7169011470834097,0.7269011962705317,0.7179167609354544,0.9135180398921683,0.8657289481610924,0.9003825477984202,0.8695417675618631
80.jpg,Normal,2398.3518072289157,3801.803599941936,2869.4566265060243,3751.4624764116707,0.9631170330755557,0.9415341002069644,0.9558721645725399,0.9423082693628446,9.405301204819278,14.909033725262494,11.252771084337349,14.711617554555572,0.7441552000975876,0.8073952352508127,0.7661924423445539,0.8053350803621631,0.5635662232544637,0.5431014842281099,0.5569296292640441,0.5437857368691058,0.7507104789827193,0.7369541941179993,0.7462771799164464,0.7374182916561711,0.9080006099409067,0.8545059430516941,0.8899234102839615,0.8564324850471475
81.jpg,Normal,2350.301204819277,3787.120772245609,2873.634939759036,3699.023806067644,0.9638559775348434,0.9417598995440961,0.9558079085326018,0.9431146955668864,9.216867469879517,14.851454008806309,11.269156626506025,14.505975710069192,0.7395157446593834,0.804425393992724,0.764049243767764,0.8008110904859551,0.5663070600796761,0.5453553209924147,0.5589271144658956,0.5465541616122285,0.7525337600929782,0.7384817675423102,0.7476142818766209,0.7392930147189465,0.9093791048151815,0.8543231039765902,0.889194830191782,0.8577118769663343
82.jpg,Normal,2360.746987951807,3807.047466976339,2847.5204819277105,3632.95108143417,0.9636953374349981,0.9414534575865601,0.9562095087822146,0.9441307925839793,9.257831325301204,14.929597909711132,11.166746987951807,14.246866986016354,0.7394208239664194,0.8046283051643066,0.7622468810264885,0.7974697695804321,0.5666934254608796,0.5456124439415554,0.5598360578700343,0.5479834813996678,0.7527904259891193,0.7386558359219505,0.7482219308935246,0.7402590637065296,0.9088540030618912,0.8533630166904282,0.8900521833621288,0.8600687299767613
83.jpg,Normal,2383.727710843373,3801.803599941936,2865.278313253012,3696.9262592538835,0.9633419292153389,0.9415341002069644,0.9559364206124779,0.9431469526150482,9.347951807228915,14.909033725262494,11.236385542168675,14.49775003628974,0.7402076528194717,0.8040713206942742,0.7627159389010552,0.799773423349933,0.5666557754874921,0.5459806837537029,0.5598842324478637,0.547407562803019,0.752765418631523,0.7389050573339602,0.7482541229073607,0.7398699634415625,0.9078996919543599,0.8534559756564615,0.8892838861813301,0.8574985694314556
84.jpg,Normal,2396.2626506024094,3810.1937871969803,2836.030120481928,3692.731165626361,0.9631491610955247,0.9414050720143176,0.9563862128920443,0.9432114667113713,9.397108433734939,14.941936420380316,11.121686746987953,14.481298688730826,0.7403224618134716,0.8039094633892749,0.7608911876012145,0.7990980415666271,0.5669129150820148,0.5463022280118168,0.5607304113159465,0.5479002160055451,0.7529361958904717,0.7391226068872585,0.7488193449130081,0.7402028208575978,0.9073139108523586,0.8529720897318276,0.8902939220327871,0.8575047420715015
85.jpg,Normal,2417.1542168674696,3814.388880824503,2823.4951807228917,3699.023806067644,0.9628278808958344,0.9413405579179943,0.9565789810118586,0.9431146955668864,9.479036144578313,14.958387767939227,11.072530120481927,14.505975710069192,0.7410177316564814,0.8037605390073348,0.7600058231718598,0.7990384292419197,0.5668918620022256,0.5465215596462233,0.5611829025983452,0.5480907259890445,0.7529222151073945,0.7392709649690181,0.7491214204642297,0.7403314973638799,0.9064407845733248,0.8527081001962127,0.8907027953633714,0.8571629005752108
86.jpg,Normal,2371.1927710843374,3753.560023225432,2810.9602409638555,3659.1704166061836,0.9635346973351531,0.9422760123146828,0.9567717491316726,0.9437275794819583,9.298795180722893,14.719843228335028,11.023373493975903,14.349687908259543,0.7371684474514186,0.7996061442166996,0.757789261985892,0.7957245544287952,0.5689931148207287,0.5487938058062659,0.5628057006822471,0.5500799167638505,0.7543163227855597,0.7408061863984843,0.7502037727726029,0.7416737266236755,0.9078844279216494,0.8545289454354987,0.890790325613226,0.8581870608059388
87.jpg,Normal,2406.7084337349397,3793.4134126868926,2879.902409638554,3768.2428509217593,0.9629885209956796,0.9416631283996111,0.9557115244726948,0.9420502129775512,9.438072289156626,14.876131030144675,11.293734939759036,14.777422944791214,0.7387341486786296,0.8010803427453288,0.7607719597736887,0.8000536493382653,0.5686190620151288,0.5483839751141264,0.5619702726085063,0.5487260514882647,0.7540683404142683,0.7405295234588061,0.7496467652224655,0.7407604548626125,0.9064735377913892,0.852935513286621,0.8880744969292953,0.8539113351503538
88.jpg,Normal,2440.134939759036,3843.7545362171577,2884.080722891566,3768.2428509217593,0.9624744726761751,0.9408889592437308,0.9556472684327566,0.9420502129775512,9.569156626506023,15.073547200851598,11.31012048192771,14.777422944791214,0.7397094321752158,0.8024783104995374,0.7603247408874878,0.7994074953995498,0.568701575264915,0.5482586825897763,0.5624700622248029,0.5492840126777169,0.7541230504797709,0.7404449220500984,0.7499800412176333,0.7411369729528523,0.905040603774796,0.850773972397152,0.8877537257786816,0.8537055614796637
89.jpg,Normal,2423.4216867469877,3820.681521265786,2875.7240963855425,3715.8041805777325,0.9627314968359274,0.9412437867735093,0.9557757805126328,0.9428566391815931,9.503614457831326,14.983064789277591,11.277349397590362,14.571781100304833,0.7366681463443272,0.7992451020481299,0.7576874165848666,0.7949673883073085,0.5709198496798439,0.5505512303842043,0.5645680092901727,0.5519771729392764,0.7555923832860174,0.7419913950877087,0.7513774080248705,0.742951662585983,0.9052159949091497,0.8509247657390153,0.8875150836902516,0.8550168665971263
9.jpg,Normal,2446.402409638554,3783.9744520249674,2807.826506024096,3676.999564523153,0.9623780886162681,0.9418082851163386,0.9568199411616263,0.943453394572584,9.593734939759036,14.839115498137126,11.011084337349397,14.419606135384914,0.7786639882249373,0.8395868398663331,0.7957892923393289,0.8351210944234775,0.5338902652537862,0.5144015386823106,0.5288052169481138,0.5158579105367419,0.730677949067704,0.7172179157566483,0.7271899455768855,0.7182324905883484,0.9124860340191236,0.864917225611423,0.899551363159523,0.8687360845326079
90.jpg,Normal,2442.224096385542,3883.607925678618,2896.615662650602,3738.877195529104,0.962442344656206,0.940276075328659,0.9554545003129424,0.9425018116518146,9.577349397590362,15.229835002661247,11.359277108433735,14.66226351187884,0.7374011399334114,0.8016159408026453,0.7584610753368538,0.7957404322137519,0.5708008694053321,0.5498466381287787,0.5644238103256398,0.5518114951412046,0.7555136460748622,0.741516444948309,0.7512814454820775,0.7428401545024371,0.9044445036803906,0.8484124014468012,0.8866550731436057,0.8540616287220758
91.jpg,Normal,2463.115662650602,3938.1441428364055,2942.577108433735,3770.34039773552,0.9621210644565159,0.9394373920764555,0.9547476838736237,0.9420179559293895,9.659277108433734,15.443702520927081,11.539518072289157,14.785648618570667,0.7398921550454363,0.8053401218855819,0.7620342591929066,0.7985541826001812,0.569185448234706,0.5477910493918015,0.5624618528088257,0.5500657314774275,0.7544438005807365,0.7401290761696918,0.7499745681080296,0.741664163538611,0.9039492646857521,0.846796120733582,0.885241622022187,0.8533241155891418
92.jpg,Normal,2431.778313253012,3938.1441428364055,2944.666265060241,3730.48700827406,0.9626029847560513,0.9394373920764555,0.9547155558536549,0.9426308398444613,9.536385542168675,15.443702520927081,11.547710843373494,14.62936081676102,0.7374887206819396,0.8044109345648581,0.7612151538288412,0.7959990580056754,0.5704300340962243,0.5485896167635098,0.5632317087788906,0.5514064931174419,0.7552681868688925,0.7406683581492528,0.7504876473193217,0.7425675007145424,0.9049787850014036,0.8464860091142682,0.88492696262771,0.8545807548387357
93.jpg,Normal,2442.224096385542,3902.485847002468,2925.863855421687,3732.584555087821,0.9624423446562062,0.939985761895204,0.9550047080333761,0.9425985827962996,9.577349397590362,15.303866066676344,11.473975903614457,14.637586490540475,0.7366088151732997,0.8015616001184619,0.7589776631927285,0.7946715827549916,0.571500387929227,0.5502903137228949,0.5647139269366622,0.5525963792914598,0.7559764466762354,0.7418155523598133,0.7514745018539633,0.7433682662660949,0.9042741392124243,0.847404732229731,0.8853064115135968,0.854048224134806
94.jpg,Normal,2471.4722891566266,3910.876034257512,2930.0421686746986,3751.4624764116707,0.9619925523766397,0.9398567337025573,0.954940451993438,0.9423082693628445,9.692048192771084,15.336768761794165,11.490361445783131,14.711617554555572,0.7366999974921704,0.800540343801611,0.7578308119523157,0.7940893788411924,0.572235526007645,0.551342286031527,0.5658215932001096,0.5535049738110671,0.7564625079986748,0.742524266291363,0.7522111360516471,0.7439791487743908,0.9028427150227758,0.8466221370696484,0.884800196183314,0.8528740639040312
95.jpg,Normal,2448.49156626506,3908.7784874437507,2946.755421686747,3707.4139933226884,0.9623459605962991,0.939888990750719,0.9546834278336859,0.9429856673742397,9.601927710843373,15.32854308801471,11.555903614457831,14.538878405187013,0.7349054743966056,0.7997386724843525,0.7578747149407438,0.7915725430036489,0.57317753868486,0.5519858365515822,0.5662032820115805,0.5547198503339851,0.7570848952956729,0.742957493098752,0.7524648045002374,0.7447951734094315,0.9035944807817125,0.8464635323228195,0.8839604923713961,0.8543731115538415
96.jpg,Normal,2438.0457831325307,3850.047176658441,2946.755421686747,3747.267382784149,0.9625066006961442,0.9407921880992458,0.9546834278336859,0.942372783459168,9.560963855421688,15.098224222189964,11.555903614457831,14.695166206996662,0.732848335838439,0.7957756669304644,0.7563010984551607,0.7916066722260551,0.5746980617731973,0.5541529076444587,0.5675755633618814,0.5555488527280732,0.7580884260910447,0.7444144730218903,0.7533761101613732,0.7453514960929999,0.9036673938495524,0.8482388145007362,0.8835513071630314,0.8522901891068185
97.jpg,Normal,2471.4722891566266,3900.3883001887066,2967.6469879518077,3785.0232254318485,0.9619925523766397,0.9400180189433656,0.9543621476339956,0.9417921565922578,9.692048192771084,15.295640392896889,11.637831325301205,14.843228335026858,0.7341846217227614,0.7975357878870868,0.7569736718199938,0.7928790491720041,0.574449784487347,0.5536979228417975,0.5675105218302932,0.5552623963079074,0.7579246562075593,0.7441088111572107,0.7533329422176447,0.7451593093479457,0.9022896593779453,0.8461649923524714,0.882657269614997,0.8507151001344634
98.jpg,Normal,2429.689156626506,3854.242270285963,2932.131325301205,3749.36492959791,0.9626351127760202,0.9407276740029226,0.954908323973469,0.9423405264110062,9.528192771084337,15.114675569748876,11.49855421686747,14.703391880776117,0.7341425157644186,0.7976844936333594,0.757374535716131,0.793428260498366,0.5733248003096724,0.5526042338767937,0.5662725928936632,0.55402851155321,0.7571821447377588,0.7433735493524058,0.7525108589872064,0.7443309153549985,0.9043642280365045,0.8486521643958181,0.8845763461735143,0.8527704728476326
99.jpg,Normal,2458.9373493975904,3837.4618957758744,2873.634939759036,3713.7066337639717,0.9621853204964539,0.9409857303882159,0.9558079085326019,0.9428888962297548,9.64289156626506,15.048870179513234,11.269156626506025,14.56355542652538,0.7326562221244646,0.794047060810778,0.7518337950202867,0.7890176617496243,0.5754469420815793,0.5553693434302927,0.5696304287995356,0.5570515258984747,0.7585821920409016,0.7452310671397783,0.754738649334679,0.7463588452604248,0.9025801162890382,0.848328348789989,0.8861391963322073,0.8532196455494263
1.jpg,kidneyStone,1385.110843373494,2124.8149223399623,1617.0072289156626,2047.205690230803,0.9786991227605344,0.9673236102122235,0.9751329125439723,0.9685171209942053,5.4318072289156625,8.332607538588087,6.341204819277109,8.028257608748246,0.4760735334270278,0.5129718617895478,0.48788224479670494,0.5094380250626404,0.7564227400203222,0.744898024687836,0.7530211246915373,0.7460149766901341,0.8697256694040496,0.8630747503477528,0.867767897937886,0.863721585170901,0.9043630212246625,0.8537899959191014,0.8883514003437237,0.8591303415765476
10.jpg,kidneyStone,1343.3277108433736,2034.6204093482363,1600.2939759036144,2015.7424880243866,0.9793416831599149,0.9687106632831755,0.9753899367037244,0.9690009767166305,5.267951807228916,7.978903566071515,6.27566265060241,7.904872502056418,0.47218030771256314,0.50712207236845,0.4853362663120413,0.5062541921201414,0.7583078383897035,0.7474692138579636,0.754534925823777,0.7477414480522113,0.8708087266384642,0.8645630190205706,0.8686396985078318,0.8647204450296126,0.9067163100797838,0.8591944246349238,0.8888719961448125,0.8605008681176926
100.jpg,kidneyStone,1332.8819277108432,1925.5479750326608,1485.3903614457831,1925.5479750326608,0.97950232325976,0.9703880297875824,0.977156977802021,0.9703880297875824,5.226987951807229,7.551168529539846,5.825060240963855,7.551168529539846,0.445516194611479,0.4754437788818859,0.45331168525586557,0.4754437788818859,0.7776537988742118,0.7682888856425316,0.7754100693859777,0.7682888856425316,0.8818468114554885,0.8765208985771712,0.8805737160431134,0.8765208985771712,0.8986594331310985,0.8541084353631201,0.8870640391163183,0.8541084353631201
11.jpg,kidneyStone,1334.9710843373496,2015.7424880243868,1587.7590361445782,2017.8400348381479,0.9794701952397911,0.9690009767166305,0.9755827048235387,0.9689687196684688,5.235180722891567,7.904872502056419,6.226506024096385,7.913098175835874,0.47235046460337415,0.5068778731313868,0.4853260748293275,0.5069744869737915,0.7579756254253964,0.7472848103372096,0.7542628120191611,0.747254553769011,0.8706179560664922,0.8644563669365908,0.86848305223485,0.8644388664150929,0.9074868664678393,0.8607869356616015,0.8899687300712956,0.8606420729515719
12.jpg,kidneyStone,1345.4168674698794,2017.8400348381479,1587.7590361445784,2024.132675279431,0.9793095551399458,0.9689687196684686,0.9755827048235387,0.9688719485239838,5.276144578313253,7.913098175835874,6.226506024096386,7.937775197174239,0.4733505600452159,0.507433463421954,0.48577868063487384,0.5077231727775746,0.7574862604151545,0.7469183242406023,0.7539274677505203,0.7468275670225966,0.870336866055411,0.8642443660450454,0.8682899675514628,0.864191857762266,0.9069036575191008,0.8608521785220304,0.8901347511094978,0.8604182456068185
13.jpg,kidneyStone,1349.5951807228917,2011.5473943968645,1583.5807228915664,2028.3277689069532,0.9792452991000078,0.9690654908129538,0.9756469608634767,0.9688074344276605,5.292530120481928,7.888421154497508,6.210120481927711,7.95422654473315,0.47189832349582084,0.5054363791545953,0.4838863586005286,0.5062082416891787,0.7586712508507928,0.7482589807851519,0.755235175174594,0.7480169532127434,0.871017365412879,0.865019641849335,0.8690426774184303,0.864879733380742,0.906087794198139,0.8605043047703506,0.8898058018609741,0.8593406284806351
14.jpg,kidneyStone,1362.1301204819276,1986.3768326317318,1527.1734939759037,1977.9866453766876,0.9790525309801936,0.9694525753908939,0.9765144174026404,0.9695816035835406,5.341686746987952,7.789713069144047,5.988915662650602,7.756810374026226,0.47097376954965553,0.5026603371528674,0.47946113356702047,0.5022721802960991,0.7596637391009822,0.7498026188151572,0.7572383660908696,0.7499237824404407,0.8715869085185838,0.865911438205523,0.8701944415421587,0.8659813984378884,0.9047079543799527,0.8615127122906605,0.8931618322879532,0.8620976638754939
15.jpg,kidneyStone,1731.910843373494,2611.4457831325303,1942.9156626506026,2447.837131659167,0.9733658714456758,0.9598399750387148,0.9701209414288039,0.9623560247953253,6.791807228915663,10.240963855421686,7.619277108433735,9.599361300624185,0.595639465077818,0.6386213455141658,0.6061663042935996,0.6312506328064452,0.6718019056466833,0.6583037681255068,0.6688009295333948,0.6606240918189361,0.8196352271874869,0.8113592102919069,0.8178025003222934,0.8127878516679098,0.9118858047747624,0.8675215381035791,0.9011307140186046,0.8758213935476922
16.jpg,kidneyStone,1742.3566265060242,2657.5918130352734,1949.1831325301205,2433.154303962839,0.9732052313458305,0.959130319979158,0.9700245573688968,0.9625818241324572,6.83277108433735,10.4219286785697,7.643855421686746,9.541781584167996,0.5948125654762666,0.6392779132792552,0.6051074581845424,0.6291964889453958,0.6727626307962775,0.6587663942009243,0.6698232681408364,0.6619477322630727,0.8202210865347693,0.8116442534761916,0.8184273139019961,0.8136017036997112,0.9110268110623153,0.8646829432140313,0.9004451509943623,0.8761106662417336
17.jpg,kidneyStone,1752.8024096385545,2617.738423573813,1919.9349397590363,2420.569023080273,0.9730445912459855,0.9597432038942298,0.9704743496484631,0.9627753664214272,6.8737349397590375,10.265640876760052,7.529156626506024,9.492427541491267,0.5928059620160412,0.6349182461543602,0.6011137546911574,0.6260402178002922,0.6746825977645523,0.6614053199997177,0.6723185940871921,0.6642025856439068,0.821390648695584,0.8132682952136507,0.819950360745815,0.814986248745282,0.9098733292984825,0.8657897926846518,0.9012594337626995,0.8758985743253911
18.jpg,kidneyStone,1759.0698795180724,2670.17709391784,1959.6289156626506,2437.3493975903616,0.9729482071860783,0.9589367776901879,0.9698639172690515,0.9625173100361338,6.898313253012049,10.471282721246432,7.684819277108434,9.558232931726907,0.5934995256427069,0.6376204526272524,0.6034458001107472,0.6271867620319775,0.6742860420960952,0.6603585249434308,0.6714391507233756,0.6636578675236132,0.8211492203589401,0.8126244673546513,0.819413906840356,0.8146519916649153,0.9096433208684805,0.8632407722131165,0.8993208397881864,0.8751655752644472
19.jpg,kidneyStone,1796.6746987951806,2668.079547104079,1961.7180722891567,2443.6420380316445,0.9723699028266357,0.9589690347383495,0.9698317892490825,0.9624205388916487,7.04578313253012,10.463057047466977,7.693012048192771,9.582909953065274,0.5946049451179595,0.6367103172617496,0.602744584156889,0.6266600503292991,0.6743911015628781,0.6610410830501198,0.6720608077934227,0.6642213077246673,0.8212131888632075,0.8130443303105432,0.8197931493940546,0.8149977347972615,0.907510364989548,0.863050394554681,0.8989935469935468,0.8745705264592792
2.jpg,kidneyStone,1385.110843373494,2126.9124691537236,1625.3638554216868,2055.5958774858473,0.9786991227605344,0.9672913531640617,0.9750044004640961,0.9683880928015587,5.4318072289156625,8.340833212367542,6.373975903614458,8.061160303866068,0.47741844142956175,0.5144427519819275,0.48965134608327143,0.5111955595182773,0.7554187882130933,0.7438612854986308,0.7518950669827906,0.7448874969317101,0.8691483119773594,0.8624739332284952,0.8671188309469415,0.8630686513433969,0.9047921693456384,0.8543018729179638,0.8882779905745201,0.8591872144572038
20.jpg,kidneyStone,1748.624096385542,2672.274640731601,1955.4506024096386,2414.2763826389896,0.9731088472859234,0.9589045206420262,0.9699281733089897,0.9628721375659123,6.857349397590361,10.479508395025887,7.668433734939759,9.4677505201529,0.5927430813118744,0.637483084506979,0.6030146957679492,0.6259049907313561,0.6746212165610233,0.6605124518198392,0.6716827643425106,0.6641697599598323,0.8213532836490174,0.8127191715591796,0.8195625444970692,0.8149661097001717,0.9101248865485871,0.8630496316198882,0.8994739741835445,0.8762716844540747
21.jpg,kidneyStone,1754.8915662650602,2655.4942662215126,1938.7373493975904,2384.910727246335,0.9730124632260164,0.9591625770273197,0.9701851974687419,0.9633237362401758,6.881927710843374,10.413703004790246,7.60289156626506,9.352591087240528,0.5928373064585153,0.6365131238288418,0.601966377562211,0.62433085709426,0.6747133053983001,0.6609329866411872,0.6721077087143755,0.6647716531348178,0.821409340949018,0.8129778512611442,0.8198217542334282,0.8153353010478681,0.909747469380487,0.8638262781649024,0.9002720609183443,0.8777017995841186
22.jpg,kidneyStone,1721.4650602409638,2594.6654086224416,1871.8843373493976,2309.3990419509364,0.9735265115455208,0.9600980314240082,0.9712132941077507,0.964484989973996,6.750843373493976,10.175158465186046,7.340722891566266,9.056466831180142,0.5875657986553391,0.6301737201135135,0.595074833893234,0.617225704628138,0.6781027155045887,0.6647011715374682,0.6759788473089143,0.6687573362178856,0.8234699238615754,0.8152920774406361,0.8221793279503653,0.817775847172002,0.9105986928104577,0.8656426518876879,0.9027667173088274,0.8804143570964789
23.jpg,kidneyStone,1769.5156626506025,2661.786906662796,1917.84578313253,2357.6426186674407,0.9727875670862332,0.9590658058828346,0.9705064776684322,0.9637430778662774,6.939277108433735,10.43838002612861,7.520963855421686,9.245657328107612,0.5895305663668116,0.6326518770951377,0.5968704569720549,0.6189667593723185,0.6777934182997049,0.6641430969281577,0.6757032600119355,0.6684593858916987,0.8232821012871012,0.814949751167615,0.8220117152522435,0.817593655731072,0.9079820832242043,0.861985382158555,0.9002478753585582,0.8777553739528888
24.jpg,kidneyStone,1779.9614457831324,2668.079547104079,1896.95421686747,2366.0328059224857,0.9726269269863881,0.9589690347383495,0.9708277578681225,0.963614049673631,6.9802409638554215,10.463057047466977,7.4390361445783135,9.278560023225435,0.5894258686498017,0.6322814221402374,0.595202337424874,0.618709908697239,0.67815525246367,0.6645689380299468,0.6765194816857794,0.6688544106098414,0.8235018229874601,0.8152109776186449,0.8225080435386509,0.8178351977078521,0.9072778203007688,0.8614186282811361,0.9011627520348732,0.8771070854568566
25.jpg,kidneyStone,1788.3180722891568,2701.640296124256,1959.6289156626506,2414.2763826389896,0.972498414906512,0.9584529219677629,0.9698639172690515,0.9628721375659123,7.013012048192771,10.59466782793826,7.684819277108434,9.4677505201529,0.5897718556272258,0.6336754452379418,0.5982126874447167,0.6208409318043684,0.6780954789761457,0.6641572437142619,0.6756744893792036,0.6682288350562497,0.8234655299259015,0.8149584306664125,0.8219942149304967,0.817452650039285,0.9068230349579861,0.8596461683825123,0.8978758570029383,0.8745751085467947
26.jpg,kidneyStone,1794.5855421686747,2720.5182174481056,1984.698795180723,2454.1297721004503,0.9724020308466048,0.9581626085343077,0.9694783810294232,0.9622592536508404,7.037590361445783,10.668698891953355,7.783132530120482,9.62403832196255,0.5880012269232916,0.6323654107798453,0.5973416578115032,0.6205318198671996,0.6796941484169611,0.6655841107972625,0.6770023317043274,0.6693548054981174,0.8244356545037103,0.8158333842135063,0.8228015141602059,0.8181410669915778,0.9059581032026013,0.8578524784947583,0.895973613937392,0.8717713183029044
27.jpg,kidneyStone,1817.566265060241,2680.6648279866454,1949.1831325301205,2437.3493975903616,0.9720486226269455,0.9587754924493794,0.9700245573688968,0.9625173100361337,7.127710843373494,10.512411090143706,7.643855421686746,9.558232931726907,0.5891051769551126,0.6305713820404845,0.5955544959926893,0.6197190511285369,0.6794016669408558,0.6661874747884856,0.677556779535814,0.6696348328852985,0.8242582525767369,0.8162030842801843,0.8231383720467744,0.8183121854679292,0.9047404355268166,0.8599151301205791,0.8978207538383899,0.8726301887324827
28.jpg,kidneyStone,1450.9192771084338,2127.9612425606038,1514.6385542168675,1991.6206996661344,0.97768709013151,0.9672752246399808,0.9767071855224547,0.9693719327704898,5.689879518072289,8.34494604925727,5.9397590361445785,7.810277253592684,0.6369083341412121,0.6732599714768337,0.6404767516802674,0.6664911278060218,0.6286008407606329,0.6177689455080614,0.6276039413557846,0.619732849377457,0.7928435159352903,0.7859827895749762,0.7922145803731364,0.7872311283082352,0.9361719455801167,0.9066530183467792,0.9333805940618696,0.9126338500939052
29.jpg,kidneyStone,1413.3144578313254,2090.205399912905,1485.3903614457831,1968.5476847147627,0.9782653944909525,0.967855851506891,0.977156977802021,0.9697267603002682,5.542409638554217,8.196883921227077,5.825060240963855,7.719794842018677,0.6352917247036822,0.6718743516185208,0.6393454380312015,0.665804179160336,0.6287486494733956,0.6179066044389028,0.6276280405799908,0.6196607611722045,0.7929367247601763,0.7860703559090005,0.7922297902628951,0.7871853410552082,0.9378981881192089,0.908415132377283,0.9347426167031537,0.9137457117271249
3.jpg,kidneyStone,1372.5759036144577,2097.5468137610683,1625.3638554216868,2059.790971113369,0.9788918908803484,0.9677429518383251,0.9750044004640961,0.9683235787052353,5.3826506024096386,8.22567377945517,6.373975903614458,8.077611651424977,0.47660277102713444,0.5129471319440687,0.48949037020186237,0.511224443394269,0.7557228065353784,0.7444032877856168,0.752014489572749,0.7449468009499833,0.8693231887712293,0.8627880897332884,0.8671876899338165,0.863103007149195,0.9056033924998119,0.8562368085486929,0.8882183247562458,0.8588245459948167
30.jpg,kidneyStone,1427.9385542168677,2102.790680795471,1504.1927710843374,1991.6206996661344,0.9780404983511695,0.9676623092179211,0.9768678256222998,0.9693719327704897,5.5997590361445795,8.246237963903807,5.8987951807228916,7.810277253592684,0.6368151366145889,0.6732160675306148,0.6410867727227105,0.6676832521895882,0.6279182731891423,0.6171098179670819,0.6267370010161126,0.6187118167575469,0.7924129436027293,0.7855633761620266,0.7916672287117312,0.7865823648910182,0.9373657125527094,0.9080250431700722,0.9340325048871251,0.912887559591006
31.jpg,kidneyStone,1413.3144578313256,2094.400493540427,1512.5493975903614,2016.7912614312672,0.9782653944909525,0.9677913374105678,0.9767393135424237,0.9689848481925496,5.542409638554218,8.213335268785986,5.931566265060241,7.908985338946146,0.63541366444657,0.6722052059339636,0.6409536996719536,0.6683488147423827,0.6286430790471123,0.6177405983475713,0.6271240776116516,0.6188586668591183,0.7928701527028952,0.7859647564284109,0.7919116602321572,0.7866757062850729,0.9379169148253858,0.9082589326263759,0.9335694741579552,0.9116584513973565
32.jpg,kidneyStone,1425.8493975903616,2050.3520104514446,1445.6963855421689,1964.3525910872406,0.9780726263711383,0.9684687354219628,0.9777674101814325,0.9697912743965915,5.591566265060242,8.04059611941743,5.669397590361446,7.703343494459768,0.6359884415005791,0.6698987424673526,0.6371591881279489,0.6655927460126494,0.6285642952855598,0.6184804709425398,0.6282109658876471,0.6197213742013211,0.7928204685081988,0.7864352935509314,0.7925976065366632,0.7872238399599705,0.937347395996098,0.910161356647059,0.9364864848925208,0.9139295248081543
33.jpg,kidneyStone,1413.3144578313256,2018.8888082450283,1462.409638554217,2006.303527362462,0.9782653944909525,0.968952591144388,0.9775103860216804,0.969146133433358,5.542409638554218,7.917211012725601,5.734939759036145,7.86785697004887,0.6361441418948692,0.6691930005782402,0.6389348383756001,0.6685631749555696,0.6280104368639217,0.6181953412225528,0.6272273719456138,0.6183769056049242,0.7924710952860815,0.7862539928181941,0.791976875890713,0.7863694460016387,0.9380289004297857,0.9117257458347376,0.9358874022763637,0.9122760268996639
34.jpg,kidneyStone,1436.2951807228917,2062.9372913340108,1495.8361445783132,2018.8888082450283,0.9779119862712932,0.9682751931329927,0.9769963377021758,0.9689525911443879,5.632530120481928,8.089950162094159,5.866024096385543,7.917211012725601,0.6371365451481272,0.6710999556417117,0.6404873255205603,0.668905723510021,0.6279183795100078,0.6178064895623017,0.6269825201529007,0.6184413749092272,0.7924130106895064,0.7860066727212318,0.7918222781362625,0.7864104366736413,0.9369770595933651,0.9097366215843358,0.934375984890272,0.9116639535078019
35.jpg,kidneyStone,1465.5433734939759,2077.620119030338,1472.855421686747,2023.0839018725503,0.9774621939917267,0.9680493937958611,0.9773497459218351,0.9688880770480647,5.74722891566265,8.147529878550346,5.775903614457832,7.9336623602845115,0.637347613698378,0.6704058978831531,0.6378213617285257,0.6676948687796584,0.6287033898162933,0.6188106392720915,0.6285342860921598,0.6195964443083531,0.7929081849850544,0.786645180034869,0.7928015426903253,0.7871444875677864,0.935470028209554,0.9087786889842999,0.9351595292914773,0.9111731908383214
36.jpg,kidneyStone,1471.810843373494,2125.8636957468425,1522.9951807228915,2060.8397445202495,0.9773658099318197,0.9673074816881426,0.9765786734425785,0.9683074501811544,5.771807228915662,8.336720375477814,5.972530120481927,8.081724488314704,0.6377333073246398,0.6728262205868627,0.6406055354300343,0.6696155320401826,0.6285760793535589,0.6180813729947107,0.6277634556861986,0.6190169718461171,0.792827900211363,0.7861815140250441,0.7923152501916132,0.7867763162717324,0.9352006078388775,0.9066698828503097,0.9329589632566455,0.9095245780961316
37.jpg,kidneyStone,1498.9698795180723,2121.668602119321,1531.3518072289155,2096.4980403541877,0.9769481456722224,0.9673719957844659,0.9764501613627024,0.967759080362406,5.878313253012048,8.320269027918904,6.005301204819277,8.221560942565443,0.638936789885534,0.6723303838729586,0.6407739919246479,0.6710907406416671,0.6284245297979065,0.6183888875285009,0.6278879667102144,0.6187508675269708,0.7927323191329508,0.7863770644725727,0.7923938204644294,0.7866071875637616,0.9339581701646014,0.9067882743262989,0.9325434216062529,0.9078940980614293
38.jpg,kidneyStone,1501.0590361445784,2127.9612425606038,1527.1734939759037,2102.790680795471,0.9769160176522533,0.967275224639981,0.9765144174026404,0.9676623092179211,5.886506024096386,8.34494604925727,5.988915662650602,8.246237963903807,0.6399287800013846,0.6735283834606931,0.6414247634774501,0.6722894892874561,0.6276357641973516,0.6175397890084868,0.6271912373026242,0.6179016940874172,0.7922346648546449,0.7858369990071012,0.791954062621453,0.7860672325491104,0.9340094521020809,0.9067139952830594,0.9328732161997343,0.9078174275714807
39.jpg,kidneyStone,1488.5240963855422,2090.205399912905,1537.619277108434,2140.54652344317,0.9771087857720674,0.967855851506891,0.9763537773027954,0.9670816823510108,5.837349397590361,8.196883921227077,6.02987951807229,8.394300091934,0.6375050031774289,0.669909749603394,0.64025395926614,0.6723857241628262,0.6293201230947888,0.6195842740453782,0.6285383097691974,0.6188604638875175,0.793296995516048,0.7871367568887748,0.7928040803182066,0.7866768484501864,0.9342786229449627,0.9079752605465942,0.9321230391399584,0.905758909571299
4.jpg,kidneyStone,1393.4674698795181,2137.4002032225285,1656.701204819277,2097.5468137610683,0.9785706106806582,0.9671300679232533,0.9745224801645607,0.9677429518383251,5.464578313253012,8.381961581264818,6.496867469879518,8.22567377945517,0.4789404253566669,0.5160277921499924,0.49229629903654504,0.514220169532717,0.7544843764455412,0.7428970600992848,0.7506260748052449,0.7434700369333898,0.8686106011588514,0.861914763824872,0.8663867928386517,0.8622470857784268,0.9045638702702475,0.8541120918768005,0.8865354559584799,0.8568322785837099
40.jpg,kidneyStone,1540.7530120481929,2153.1318043257365,1579.4024096385542,2203.4729278560026,0.9763055852728417,0.9668881400620408,0.9757112169034147,0.9661139709061606,6.042168674698796,8.443654134610732,6.193734939759036,8.641070305317657,0.6409263141103647,0.6735829923698853,0.6430871909156941,0.6760357345479691,0.6280592391735617,0.6181842515698805,0.6274315529104368,0.6174619398028103,0.792501885911675,0.7862469405790273,0.7921057712896914,0.785787464778365,0.9320691663423295,0.9053390871782027,0.9303774798828663,0.9031258753830513
41.jpg,kidneyStone,1536.5746987951807,2127.9612425606038,1600.2939759036144,2220.2533023660912,0.9763698413127798,0.9672752246399808,0.9753899367037244,0.9658559145208672,6.02578313253012,8.34494604925727,6.27566265060241,8.706875695553299,0.6409247558432566,0.6725774178456616,0.6444356294135973,0.6770774974976834,0.6279261770616602,0.6183514402453325,0.6269317400687084,0.6170270188690513,0.7924179308052414,0.7863532541074224,0.7917902121576829,0.7855106739370582,0.93229109793959,0.9064976611389438,0.9294958013928004,0.9024423600942061
42.jpg,kidneyStone,1544.9313253012047,2178.30236609087,1631.631325301205,2251.716504572507,0.9762413292329037,0.9665010554841007,0.974908016404189,0.965372058798442,6.05855421686747,8.542362219964195,6.3985542168674705,8.830260802245126,0.641521399075518,0.6751849311542002,0.6462555840014477,0.6787426013256577,0.6276801867066661,0.6175048749422483,0.6263502242867051,0.6164527782879916,0.7922627005650753,0.7858147841204365,0.7914229111459341,0.7851450683077565,0.9319469592784865,0.9043194830110801,0.928140603489807,0.9010948146484299
43.jpg,kidneyStone,1588.8036144578314,2232.8385832486574,1660.879518072289,2281.0821599651617,0.9755666408135542,0.9656623722318971,0.9744582241246227,0.9649204601241786,6.230602409638554,8.75622973823003,6.513253012048192,8.945420235157497,0.6438696716820163,0.6778107780115461,0.6477912268027153,0.680133984304008,0.6270556527797939,0.6167407357003205,0.6259408461153853,0.6160503152041791,0.791868456740003,0.7853284253739454,0.7911642346032746,0.7848887279125488,0.9300108804216107,0.9019190673737542,0.9268487743127912,0.8997998926904254
44.jpg,kidneyStone,1595.0710843373495,2222.350849179852,1679.6819277108434,2320.9355494266224,0.975470256753647,0.9658236574727055,0.9741690719449014,0.9643075762091068,6.255180722891566,8.715101369332752,6.586987951807229,9.101708036967146,0.6437760414386078,0.6768676125185805,0.6483561832497751,0.6816038781830587,0.6273348596312962,0.6172621101407597,0.6260373415912648,0.615851935547383,0.7920447333524138,0.785660302001291,0.7912252154672933,0.7847623433545872,0.9296600638899805,0.9022761615667562,0.9259420020417065,0.8979410785970889
45.jpg,kidneyStone,1597.1602409638554,2249.618957758746,1667.1469879518072,2304.1551749165337,0.9754381287336781,0.9654043158466037,0.9743618400647155,0.9645656325944002,6.263373493975903,8.82203512846567,6.537831325301204,9.035902646731504,0.6453407843577188,0.6796563703225447,0.6491469291148582,0.6822760122548693,0.6260522367058596,0.6156186511892908,0.624968375606845,0.6148386898771114,0.7912346281008306,0.784613695514736,0.7905494137666823,0.7841165027450394,0.929819903646911,0.9014302352981799,0.9267575360465774,0.8990406652448023
46.jpg,kidneyStone,1549.1096385542169,2218.15575555233,1635.809638554217,2268.496879082595,0.9761770731929656,0.9658881715690288,0.974843760364251,0.9651140024131487,6.074939759036145,8.698650021773842,6.4149397590361446,8.896066192480765,0.641420286775338,0.6767891236863066,0.6461503523748964,0.6792179546430992,0.6279014992661409,0.6172161334761272,0.6265716503927358,0.6164953700462068,0.7924023594526589,0.7856310415685771,0.7915627899242964,0.7851721913352553,0.9317076456245976,0.9024902115922591,0.9278982620946824,0.9002772234865518
47.jpg,kidneyStone,1530.3072289156628,2178.30236609087,1621.1855421686746,2247.521410944985,0.9764662253726868,0.9665010554841006,0.9750686565040342,0.9654365728947654,6.001204819277109,8.542362219964195,6.357590361445783,8.813809454686215,0.6394153398745915,0.6738556003534649,0.6443836167175796,0.677209123848099,0.6290260839663875,0.6186373254040094,0.6276342335123628,0.6176452798823229,0.7931116465961066,0.7865350121920889,0.792233698798759,0.7859041162141365,0.932371933925103,0.9040090017223728,0.9283685574469481,0.9009587340833147
48.jpg,kidneyStone,1515.6831325301205,2176.2048192771085,1629.5421686746988,2211.8631151110467,0.9766911215124701,0.9665333125322624,0.9749401444241581,0.9659849427135139,5.943855421686747,8.534136546184738,6.390361445783133,8.673973000435478,0.6394605787794718,0.6746057429045804,0.6456724802958307,0.6763388707096206,0.6285150088546959,0.6179414560721919,0.6267868525991518,0.6174300839105528,0.7927893849281131,0.7860925238622943,0.7916987132736492,0.7857671944733712,0.9331575510568227,0.9043005101302698,0.9281490489446754,0.9027324221034887
49.jpg,kidneyStone,1521.9506024096386,2205.5704746697634,1635.809638554217,2195.082740600958,0.9765947374525631,0.9660817138579989,0.974843760364251,0.9662429990988073,5.96843373493976,8.649295979097111,6.4149397590361446,8.608167610199835,0.6401091033281103,0.6763450488188338,0.6463144254992034,0.6758357251647749,0.6281581547394397,0.6172551218126014,0.6264303902195126,0.6174054941730794,0.7925642906032543,0.785655854565217,0.7914735562351484,0.7857515473564652,0.9329321131936887,0.9030826288650546,0.9279274419411216,0.9035434817948452
5.jpg,kidneyStone,1351.6843373493975,2095.4492669473075,1639.987951807229,2059.790971113369,0.9792131710800387,0.9677752088864868,0.9747795043243128,0.9683235787052352,5.300722891566266,8.217448105675716,6.4313253012048195,8.077611651424977,0.4782760447838613,0.5156859761506153,0.4930084808865909,0.5140557547035948,0.7539563601877388,0.7423537706529878,0.7497266126675375,0.7428671063308917,0.8683066049430574,0.8615995419294208,0.8658675491479846,0.86189738735588,0.9078945551863125,0.8576995036839631,0.8882491898319248,0.8601210336513031
50.jpg,kidneyStone,1515.6831325301205,2186.692553345914,1623.2746987951807,2172.0097256495865,0.9766911215124701,0.966372027291454,0.9750365284840652,0.9665978266285857,5.943855421686747,8.575264915082016,6.365783132530121,8.517685198625829,0.6385989939920911,0.674243134862208,0.6444746180885441,0.6735281674475502,0.6292581638360673,0.618534685114597,0.627621419783552,0.6187453520961484,0.7932579428130974,0.7864697610935827,0.7922256116685146,0.7866036817204382,0.9330147989407113,0.9036343769664977,0.9282725988519427,0.9042814363058115
51.jpg,kidneyStone,1542.8421686746988,2241.2287705037015,1667.1469879518072,2186.692553345914,0.9762734572528727,0.9655333440392504,0.9743618400647155,0.966372027291454,6.050361445783133,8.789132433347849,6.537831325301204,8.575264915082016,0.6394164780560392,0.6762168200303296,0.6461479427023025,0.673575860058574,0.6294275742649313,0.6183209573576917,0.6275481822551249,0.6191025419265604,0.7933647170532172,0.7863338714297455,0.7921793876737294,0.786830694575752,0.9317031428241386,0.9010700301618011,0.92621374501507,0.9034773106632454
52.jpg,kidneyStone,1492.7024096385544,2151.0342575119757,1602.3831325301205,2178.30236609087,0.9770445297321295,0.9669203971102025,0.9753578086837554,0.9665010554841007,5.853734939759037,8.435428460831277,6.283855421686747,8.542362219964195,0.636418185479747,0.6715658720001442,0.6424292576153969,0.6728961198364987,0.6303934848792763,0.6198453348227462,0.6287248626312479,0.6194539067627751,0.7939732268025643,0.7873025687896276,0.7929217254125706,0.7870539414568579,0.9338787432807983,0.9049883070732766,0.9290329949979832,0.9037838682550928
53.jpg,kidneyStone,1503.1481927710843,2161.521991580781,1573.1349397590361,2161.521991580781,0.9768838896322842,0.9667591118693941,0.9758076009633219,0.9667591118693941,5.894698795180723,8.476556829728553,6.169156626506024,8.476556829728553,0.6360394151155275,0.6711156426744397,0.6399067157537519,0.6711156426744397,0.6310584011225626,0.6205135271077329,0.629970687182465,0.6205135271077329,0.7943918435649768,0.7877268099460198,0.7937069277651954,0.7877268099460198,0.9332587511070004,0.9043000052128177,0.9301638382568616,0.9043000052128177
54.jpg,kidneyStone,1501.0590361445784,2197.180287414719,1602.3831325301205,2192.985193787197,0.9769160176522533,0.9662107420506456,0.9753578086837554,0.966275256146969,5.886506024096386,8.61639328397929,6.283855421686747,8.59994193642038,0.6349930905683987,0.6719050197963605,0.640543867291675,0.6717014796427943,0.6318915303946712,0.6208050213466566,0.6303451766261835,0.6208651806963394,0.7949160524197956,0.7879118106404146,0.7939428043796251,0.787949986164312,0.933196734293624,0.9024958160193086,0.9287002914663003,0.9026819815257158
55.jpg,kidneyStone,1530.3072289156628,2188.7901001596747,1623.274698795181,2207.6680214835246,0.9764662253726868,0.9663397702432923,0.9750365284840652,0.9660494568098372,6.001204819277109,8.58349058886147,6.3657831325301215,8.657521652876566,0.6350235045898592,0.6699149125678817,0.6400961445258179,0.6708297829655363,0.6328048204383799,0.6222685542604067,0.631381678618087,0.6219978652816617,0.7954903019134677,0.7888400054893303,0.7945952923457872,0.7886684127576441,0.9316295237596858,0.9024902018933866,0.9274891800445313,0.9016491974056441
56.jpg,kidneyStone,1570.0012048192773,2203.4729278560026,1598.2048192771085,2234.9361300624187,0.9758557929932754,0.9661139709061606,0.9754220647236934,0.9656301151837354,6.1568674698795185,8.641070305317657,6.267469879518073,8.764455412009484,0.6351552310112016,0.6685867424807589,0.6367423088114443,0.6701053471142877,0.6339498703569296,0.6237858481870551,0.6334741599651618,0.6233350120538944,0.7962096899416193,0.7898011447111577,0.7959108995139856,0.7895156819556496,0.9295025162367047,0.9013422769148832,0.9282493154343973,0.8999335516923446
57.jpg,kidneyStone,1576.2686746987952,2251.716504572507,1658.7903614457832,2270.5944258963564,0.9757594089333683,0.965372058798442,0.9744903521445918,0.965081745364987,6.18144578313253,8.830260802245126,6.505060240963855,8.904291866260222,0.63464883750151,0.6700570748883212,0.6391220421437154,0.6709621676215469,0.6345802839309044,0.6238175230237585,0.6333110926597958,0.6235473959415597,0.7966054757098424,0.7898211968691132,0.7958084522419926,0.7896501731409673,0.9290715368180157,0.8989696365830022,0.9253720626536943,0.8981226190974381
58.jpg,kidneyStone,1357.9518072289159,1860.5240238060676,1376.75421686747,1879.401945129917,0.9791167870201317,0.9713879982805944,0.9788276348404104,0.9710976848471393,5.325301204819278,7.296172642376736,5.3990361445783135,7.370203706391832,0.4423730318151582,0.46745469423055885,0.4428899719093325,0.4683293203776787,0.7804910160803857,0.7727715917143225,0.7805381394493636,0.7724979715085938,0.8834540260140228,0.8790742811129914,0.8834806955725538,0.878918637593147,0.8950900771570771,0.8565322354820211,0.8934640125263588,0.8550765309942401
59.jpg,kidneyStone,1303.633734939759,1845.8411961097402,1347.5060240963855,1801.7927130207577,0.9799521155393264,0.9716137976177261,0.9792774271199769,0.9722911956291214,5.112289156626506,7.23859292592055,5.28433734939759,7.065853776551991,0.4350709958793835,0.4621992369442146,0.4368896710258492,0.4601465797252312,0.7845161480621279,0.7762194872547764,0.7841948076966502,0.7768588958689004,0.8857291617995469,0.8810331930493746,0.8855477444478361,0.8813959926553447,0.8976284744263667,0.8553176048215797,0.894006919097385,0.8587702528883372
6.jpg,kidneyStone,1387.2,2126.9124691537236,1652.522891566265,2084.961532878502,0.9786669947405654,0.9672913531640617,0.9745867362044988,0.9679364941272952,5.4399999999999995,8.340833212367542,6.480481927710843,8.176319736778439,0.47909116724448847,0.5160423035821882,0.4925715668590328,0.5141351336180806,0.7542190537571976,0.7426892494251776,0.750329475202013,0.7432926118555767,0.8684578595172004,0.8617942036386516,0.8662156054943901,0.8621441943524162,0.905144175437461,0.8550585633682071,0.8870015704383006,0.8579173688244556
60.jpg,kidneyStone,1295.277108433735,1805.98780664828,1366.3084337349399,1822.7681811583684,0.9800806276192024,0.972226681532798,0.9789882749402556,0.9719686251475045,5.079518072289157,7.082305124110902,5.358072289156627,7.148110514346543,0.42359646478711643,0.4490885903144615,0.42678090489851345,0.4498658112528265,0.7925080790309833,0.7846936431330795,0.791790459121627,0.784449983979588,0.8902292283625511,0.885829353280348,0.8898260836374865,0.8856918109475711,0.8940268080626645,0.8525058058704449,0.8880187577155836,0.8511353603965351
61.jpg,kidneyStone,1311.9903614457833,1776.6221512556249,1322.4361445783131,1818.5730875308464,0.9798236034594504,0.9726782802070614,0.9796629633596052,0.972033139243828,5.145060240963856,6.967145691198529,5.186024096385542,7.131659166787633,0.4247480764696966,0.44801423118493966,0.4248206151751698,0.4499642009554962,0.7920583438331641,0.7849166484262952,0.7922341391913035,0.784307167566835,0.8899765973513933,0.8859552180704706,0.8900753559060623,0.8856111830633323,0.8927752184667552,0.855060889397218,0.8917316867744483,0.8516384782849917
62.jpg,kidneyStone,1282.7421686746989,1745.1589490492088,1328.7036144578312,1829.0608215996517,0.9802733957390167,0.9731621359294865,0.9795665792996981,0.9718718540030195,5.030361445783132,6.843760584506701,5.210602409638554,7.1727875356849085,0.42057434736627974,0.4438346956119053,0.42247855916249755,0.44773531378574705,0.794370585248625,0.7872612444897039,0.7940230672408509,0.7860418665511201,0.8912746968520003,0.8872774337768903,0.8910797199133481,0.8865900216848371,0.8941074021149247,0.856188158790223,0.8901180138803393,0.84927412796283
63.jpg,kidneyStone,1345.4168674698794,1797.5976193932356,1330.7927710843373,1856.3289301785455,0.9793095551399459,0.9723557097254446,0.979534451279729,0.9714525123769178,5.276144578313253,7.049402428993081,5.218795180722892,7.279721294817826,0.4244898677465195,0.4469779787454883,0.4232715847049354,0.4496881332707868,0.7929623442202546,0.7860137150138722,0.7935086554087837,0.7851612576011697,0.8904843312603847,0.886574145243291,0.8907910279121494,0.8860932555894835,0.8892209181767338,0.852250889992315,0.890230702339058,0.8474236145194853
64.jpg,kidneyStone,1819.6554216867469,3098.076643925098,2525.790361445783,3003.68703730585,0.9720164946069765,0.9523563398652063,0.9611572238574448,0.9538079070324816,7.135903614457831,12.149320172255287,9.905060240963856,11.779164852179804,0.6219155716205096,0.6816532372428632,0.6553959713271802,0.6776461033622396,0.6525293865582812,0.6337788651891098,0.6427811154013644,0.6350942415918179,0.8077929106883033,0.7961022956813463,0.8017363128868271,0.7969280027655058,0.9126238638987192,0.8515041970022188,0.8785705606218862,0.8560284428620022
65.jpg,kidneyStone,1857.2602409638555,3112.7594716214253,2525.790361445783,3018.3698650021774,0.971438190247534,0.9521305405280744,0.9611572238574448,0.9535821076953499,7.283373493975904,12.206899888711472,9.905060240963856,11.83674456863599,0.6223842398424295,0.6807903083980458,0.6539339367802793,0.6767938863482367,0.6531800434186545,0.6347737847075761,0.6439786640860631,0.6360885055643135,0.8081955477597328,0.7967269197834199,0.8024828123306212,0.7975515692193913,0.9104837972069828,0.8502407046263681,0.8781142578222045,0.8547819231518488
66.jpg,kidneyStone,1828.0120481927713,3106.4668311801424,2525.790361445783,2997.3943968645667,0.9718879825271005,0.9522273116725595,0.961157223857445,0.9539046781769667,7.168674698795181,12.182222867373106,9.905060240963856,11.75448783084144,0.6198555072993122,0.6794455766660168,0.6528685280688197,0.6748220549500359,0.6544750950468542,0.6357341611155793,0.6448503377687458,0.6372540975168194,0.808996350453359,0.7973293931090082,0.8030257391695149,0.7982819661728676,0.9116524025167199,0.8501342150482499,0.8777799609465887,0.855396214249797
67.jpg,kidneyStone,1759.0698795180724,3043.5404267673102,2492.363855421687,2942.858179706779,0.9729482071860783,0.9531950231174098,0.9616712721769494,0.95474336142917,6.898313253012049,11.935452653989453,9.773975903614458,11.540620312575605,0.6143972825175582,0.6747876447500011,0.6493713685150561,0.6704918430748878,0.6570883716069096,0.6382258289175307,0.6469379598393574,0.6396316441302018,0.8106098763319564,0.7988903735291412,0.8043245363902294,0.7997697444453633,0.914551619615284,0.85242209700556,0.8787821256482304,0.8573040676077194
68.jpg,kidneyStone,1767.4265060240964,3072.906082159965,2471.4722891566266,2900.9072434315576,0.9728196951062021,0.9527434244431464,0.9619925523766397,0.9553885023924037,6.9310843373493976,12.050612086901824,9.692048192771084,11.3761068369865,0.6149664121054215,0.6761750535187789,0.6485589614655174,0.6688295701273077,0.6568500931275302,0.637699681478095,0.6471178609377267,0.6401017944165948,0.810462888186455,0.7985610067352994,0.8044363622672254,0.8000636189807625,0.9141773337618208,0.8510531453418102,0.8798426079995773,0.8593901023943504
69.jpg,kidneyStone,1863.5277108433738,3140.02758020032,2548.7710843373493,3012.077224560894,0.9713418061876269,0.9517111989019729,0.9608038156377857,0.9536788788398349,7.307951807228917,12.313833647844392,9.995180722891567,11.812067547297625,0.6298051467390448,0.6892574533785198,0.6622014994278931,0.6838261601684229,0.6471665161529655,0.6284580368301185,0.6377237946484735,0.6302395792564862,0.8044666035038157,0.7927534527393233,0.7985761044812658,0.7938762997196013,0.9118185459409439,0.8516834386873581,0.8792517604356391,0.8577270661022351
7.jpg,kidneyStone,1399.7349397590363,2133.2051095950064,1642.077108433735,2066.083611554652,0.9784742266207511,0.9671945820195766,0.9747473763043438,0.9682268075607502,5.489156626506024,8.365510233705908,6.4395180722891565,8.102288672763342,0.4792672459022722,0.5158381022555276,0.49157325209466657,0.512784220557813,0.75439213122369,0.7429573380715717,0.7508395650392734,0.7439229177456494,0.8685575002403064,0.8619497305942915,0.8665099913095483,0.8625096624071231,0.9041346223104435,0.8543984273196331,0.8875370345313561,0.8589797944049542
70.jpg,kidneyStone,1821.744578313253,3104.369284366381,2511.166265060241,3014.1747713746554,0.9719843665870074,0.9522595687207212,0.9613821199972282,0.9536466217916733,7.144096385542168,12.173997193593651,9.847710843373495,11.82029322107708,0.6261116644179305,0.6861339191725,0.658887830640419,0.6823004285783474,0.6490866570539185,0.6302708144611696,0.6395725188948566,0.6315273717415133,0.8056591444611788,0.7938959720650871,0.7997327796800983,0.7946869646228717,0.9134457621889455,0.8527721591021202,0.8805492518912089,0.8570497247498291
71.jpg,kidneyStone,2444.3132530120483,3566.878356800697,2656.3626506024098,3489.2691246915374,0.962410216636237,0.945146889601072,0.9591492226093807,0.946340400383054,9.5855421686747,13.987758261963517,10.41710843373494,13.683408332123676,0.6965550249279095,0.7467908772641885,0.7063339540534843,0.7436066161804996,0.6063363437363914,0.5897310887760824,0.6033739867421494,0.590795102839868,0.7786760197517267,0.767939508539626,0.7767715151459593,0.7686319683957128,0.8948481150701146,0.8469578845073131,0.8857122540737778,0.8502878217453191
72.jpg,kidneyStone,2463.115662650602,3552.1955291043696,2677.25421686747,3476.683843808971,0.9621210644565158,0.9453726889382037,0.9588279424096905,0.9465339426720241,9.659277108433734,13.930178545507331,10.499036144578314,13.634054289446944,0.6963711543915654,0.7450992769075315,0.7062149465286979,0.7419979375094986,0.6069795555555556,0.5908433713140255,0.6039897373268174,0.591879115217959,0.7790889266030904,0.768663366704844,0.7771677665258753,0.7693368021991143,0.8937686748674303,0.8471994162441551,0.8845191940039161,0.8504476128873263
73.jpg,kidneyStone,2394.1734939759035,3487.171577877776,2604.133734939759,3413.7574393961386,0.9631812891154938,0.9463726574312156,0.9599524231086065,0.9475016541168741,9.388915662650602,13.675182658344221,10.212289156626506,13.387284076063288,0.6949894171921319,0.7443397021562592,0.7047444769257118,0.7412991090771719,0.6063647675360075,0.5901381359992192,0.6034268323414139,0.591147330811611,0.7786942709022634,0.7682044884008549,0.7768055305811191,0.7688610607981203,0.8972021354692344,0.8506635417633623,0.8881737823877855,0.8538074671999232
74.jpg,kidneyStone,2438.0457831325307,3542.7565684424444,2615.624096385542,3458.8546958920024,0.9625066006961442,0.9455178456549312,0.9597757189987768,0.9468081275813982,9.560963855421688,13.893163013499782,10.25734939759036,13.564136062321577,0.696420691271515,0.745958258752156,0.7046188738367194,0.7425046901093886,0.6062883032209159,0.5899327832322961,0.6038210619828713,0.5910841508777855,0.7786451715774753,0.7680708191516562,0.7770592396869568,0.76881997299614,0.8951579694828312,0.8480474300866935,0.8875054800428634,0.8516460699899097
75.jpg,kidneyStone,1315.1240963855423,2375.47176658441,1878.1518072289157,2199.27783422848,0.9797754114294968,0.9634688929569033,0.9711169100478437,0.9661784850024839,5.1573493975903615,9.31557555523298,7.365301204819278,8.624618957758745,0.5385975817736958,0.5922639229392426,0.5678564616694425,0.5841859032424142,0.7062245043789618,0.6899594232158068,0.697893882227706,0.6924784241630918,0.8403716465820118,0.8306379615788138,0.8354004322644956,0.8321528850896882,0.9261756242362797,0.8670819112352196,0.8946075058488075,0.8769407363621436
76.jpg,kidneyStone,1287.9650602409638,2341.9110175642327,1840.5469879518073,2136.3514298156483,0.9801930756890942,0.96398500572749,0.9716952144072861,0.9671461964473341,5.050843373493976,9.183964774761696,7.217831325301205,8.377848744375092,0.5374021381528388,0.5910472976240602,0.5663068321908834,0.5815489627411062,0.7063878927114079,0.69020005176987,0.6982016114578797,0.6931435770039823,0.8404688529097363,0.8307827945798287,0.8355845926403141,0.8325524469989758,0.9277628342782039,0.8690731817887057,0.896807132357737,0.8805651909107003
77.jpg,kidneyStone,1248.2710843373493,2318.838002612861,1828.012048192771,2102.790680795471,0.9808035080685057,0.9643398332572684,0.9718879825271004,0.9676623092179211,4.895180722891566,9.09348236318769,7.16867469879518,8.246237963903807,0.534367936779361,0.5891369272142641,0.5648391608632504,0.5791132696206978,0.7076443379945485,0.6912006396798853,0.6990531760455477,0.6942972385400947,0.8412159877192946,0.8313847723406325,0.8360939995272946,0.8332450051095984,0.9298176791590631,0.8700460186063634,0.8972590871943034,0.8821538974698141
78.jpg,kidneyStone,1273.3409638554215,2291.5698940339676,1798.763855421687,2088.1078530991435,0.9804179718288774,0.9647591748833703,0.9723377748066668,0.9678881085550527,4.993493975903614,8.986548604054773,7.053975903614458,8.188658247447622,0.5342683236617072,0.5863618481681437,0.5618801864268795,0.5768981172666564,0.7084645663134466,0.6927835334674991,0.7006684516701345,0.695701766593455,0.841703371927098,0.8323361901704738,0.8370594074915677,0.8340873854659684,0.9280951171040941,0.8710132964441946,0.8984611376655699,0.8824656628010944
79.jpg,kidneyStone,1246.1819277108434,2232.8385832486574,1750.7132530120482,2079.7176658440994,0.9808356360884747,0.9656623722318971,0.9730767192659544,0.9680171367476994,4.886987951807229,8.75622973823003,6.8655421686747,8.1557555523298,0.5294945057867956,0.5803088435942193,0.5561735069158555,0.57316105619362,0.7114750436928436,0.6962383418962973,0.703975503362849,0.6984369686829985,0.8434898005861384,0.8344089775980944,0.839032480517202,0.8357254146446658,0.9289480945711706,0.8731048614712963,0.9002181924981055,0.8818069235780085
8.jpg,kidneyStone,1376.75421686747,2099.6443605748295,1610.7397590361445,2049.3032370445635,0.9788276348404105,0.9677106947901635,0.9752292966038794,0.9684848639460437,5.3990361445783135,8.233899453234626,6.316626506024097,8.036483282527701,0.47435215718932694,0.5105172243387601,0.4862772772844063,0.5082223317053363,0.7575036330381768,0.7462203316682239,0.7540705632489799,0.7469451157800984,0.8703468463998573,0.8638404549847292,0.8683723643973131,0.8642598658853126,0.9045294506330737,0.8548984885852926,0.8883038033962063,0.8583774459019291
80.jpg,kidneyStone,1221.112048192771,2218.15575555233,1738.178313253012,2052.449557265206,0.9812211723281031,0.9658881715690288,0.9732694873857686,0.9684364783738012,4.788674698795181,8.698650021773842,6.816385542168675,8.048821793196884,0.528317483053075,0.5798554993590141,0.5557668120653297,0.5720926053467245,0.7116715618135192,0.6962739260761948,0.7039835734262351,0.6986549059815306,0.8436062836498548,0.8344303003104542,0.8390372896517979,0.8358557925752088,0.9304224567783494,0.8740206665633489,0.9009965954676679,0.883431888635685
81.jpg,kidneyStone,1208.5771084337348,2230.741036434896,1767.4265060240964,2054.547104078966,0.9814139404479172,0.9656946292800588,0.9728196951062023,0.9684042213256394,4.739518072289156,8.748004064450573,6.9310843373493976,8.05704746697634,0.5263028711321313,0.5790877788956819,0.555898873447338,0.5708493786274362,0.7129044916049742,0.6971431956416746,0.7046051623683489,0.6996742586348218,0.844336716958924,0.8349510139173882,0.839407625869785,0.8364653361824517,0.9308684161349744,0.8728128943331686,0.8989387277808286,0.8828587023971213
82.jpg,kidneyStone,1235.7361445783133,2249.618957758746,1788.3180722891566,2073.425025402816,0.9809962761883197,0.9654043158466037,0.9724984149065119,0.9681139078921844,4.846024096385542,8.82203512846567,7.0130120481927705,8.131078530991436,0.5259755854736343,0.5780647524940066,0.5550713022822592,0.5698601604815499,0.7139684403799937,0.6983419186794335,0.7057670538217126,0.7008714083622508,0.844966532106446,0.8356685459435658,0.8400994309138131,0.8371806306659578,0.9289273767530581,0.8710341620761729,0.8971838731151051,0.8811349829485285
83.jpg,kidneyStone,1212.755421686747,2228.643489621135,1773.6939759036143,2041.9618231964002,0.9813496844079792,0.9657268863282205,0.9727233110462952,0.9685977636146096,4.755903614457831,8.739778390671118,6.9556626506024095,8.007693424299609,0.5243642415191903,0.5767606070356146,0.5540091913042913,0.5680317208399599,0.7145715883292205,0.6989058827969895,0.7062426198287125,0.7015882525637601,0.8453233631748389,0.8360059107428545,0.8403824247500138,0.8376086511992101,0.9301804146692574,0.8721109706320104,0.8979243011588853,0.8828235575625994
84.jpg,kidneyStone,1217.978313253012,2229.6922630280155,1765.3373493975903,2049.3032370445635,0.9812693643580567,0.9657107578041397,0.9728518231261711,0.9684848639460437,4.776385542168675,8.743891227560846,6.92289156626506,8.036483282527701,0.5243661096693066,0.5765114296384485,0.5533134688026131,0.56808400827414,0.7147245532168838,0.699121636633178,0.7065834081385783,0.701713231492607,0.8454138354775629,0.836134939249149,0.8405851581717216,0.8376832524842591,0.9298192259636556,0.8719405126039935,0.8983217919582783,0.8823009226849498
85.jpg,kidneyStone,1247.2265060240964,2261.1554652344316,1771.6048192771084,2066.083611554652,0.9808195720784901,0.9652269020817145,0.9727554390662642,0.9682268075607503,4.8910843373493975,8.867276334252674,6.9474698795180725,8.102288672763342,0.5259646521615398,0.5779278197480451,0.5535975924821952,0.5688503802075261,0.714313744358962,0.698693175428604,0.7065141979000339,0.7014934883210081,0.8451708373807996,0.835878684635877,0.840543989271254,0.8375520809603473,0.9281280167734693,0.8701228008015149,0.8979524217607155,0.8813274200273583
86.jpg,kidneyStone,1255.5831325301206,2284.2284801858036,1794.5855421686747,2112.229641457396,0.9806910599986141,0.9648720745519361,0.9724020308466048,0.9675171525011934,4.923855421686747,8.95775874582668,7.037590361445783,8.283253495911357,0.5257081362977403,0.5782440053153695,0.5540103218195046,0.5702885658240346,0.7147609195980711,0.6989351140340596,0.7067507752455606,0.7014013913959587,0.8454353432392515,0.8360233932337418,0.8406847062041516,0.8374970993358477,0.9274913935657908,0.8685166402985617,0.8964072882673142,0.878417132029983
87.jpg,kidneyStone,1243.0481927710844,2248.570184351865,1746.5349397590362,2051.4007838583248,0.9808838281184283,0.9654204443706845,0.9731409753058924,0.9684526068978819,4.874698795180723,8.817922291575941,6.849156626506024,8.044708956307156,0.5255672475543658,0.5771806143888152,0.5521792373923702,0.5679859080115579,0.7145071884647022,0.6990052277972809,0.7070104975081047,0.7018369231320745,0.8452852704647716,0.8360653250777005,0.840839162686958,0.8377570788313725,0.9283334410173912,0.8707820072368609,0.8993468714205688,0.8821126894381064
88.jpg,kidneyStone,1282.7421686746989,2326.179416461025,1817.566265060241,2137.4002032225285,0.9802733957390168,0.9642269335887026,0.9720486226269456,0.9671300679232533,5.030361445783132,9.122272221415784,7.127710843373494,8.381961581264818,0.5251771682606496,0.578067274323681,0.5530920654185281,0.5693926998828454,0.7159657533265593,0.6999453759296148,0.7080228171803681,0.7026492689354846,0.8461475954740753,0.8366273817713683,0.8414409172249517,0.8382417723637284,0.9254734823422888,0.8652902760629843,0.8944444780546801,0.8762225349938509
89.jpg,kidneyStone,1316.168674698795,2363.935259108724,1865.6168674698795,2152.0830309188564,0.9797593474195123,0.9636463067217924,0.9713096781676579,0.9669042685861217,5.16144578313253,9.270334349445976,7.316144578313253,8.439541297721005,0.5256926733436399,0.578421916665859,0.5541195833704923,0.5687350165010768,0.716509282624474,0.7004459175353225,0.7083625149271787,0.7034776589663918,0.8464687133169625,0.8369264708057229,0.8416427478016898,0.8387357503805306,0.9232306528560418,0.8625659630548478,0.8912280551328146,0.8748825892584505
9.jpg,kidneyStone,1345.4168674698794,2053.498330672086,1594.0265060240963,1998.9621135142982,0.9793095551399458,0.9684203498497203,0.9754863207636315,0.9692590331019239,5.276144578313253,8.052934630086611,6.251084337349398,7.839067111820777,0.4720650322357882,0.5077567738167834,0.48479697697963814,0.5052503792657834,0.7584449236625215,0.7473654778702858,0.7547944617667457,0.7481519051549451,0.8708874345531238,0.8645030236328187,0.8687890778357804,0.8649577476125323,0.9065003538649895,0.8577802509903545,0.8892232453400418,0.8615572821182921
90.jpg,kidneyStone,1274.3855421686746,2351.349978226158,1867.7060240963856,2147.887937291334,0.9804019078188928,0.9638398490107625,0.9712775501476889,0.966968782682445,4.997590361445783,9.220980306769246,7.32433734939759,8.423089950162094,0.5249128923086975,0.5794047928625605,0.5557495993870549,0.57008103742844,0.7159349558878083,0.6994315381867412,0.7071412123030275,0.7023440181163917,0.8461293966573956,0.8363202366239508,0.8409168878688473,0.8380596745556916,0.9260021209899668,0.8639118632550687,0.8915957354541687,0.8756875539457543
91.jpg,kidneyStone,1307.812048192771,2401.691101756423,1913.6674698795182,2202.4241544491215,0.9798878594993885,0.9630656798548823,0.9705707337083702,0.9661300994302414,5.12867469879518,9.418396477476168,7.504578313253012,8.636957468427928,0.5259357881174137,0.5808334995919961,0.5571645785139724,0.5717820990955036,0.7160807099240336,0.6993547321315975,0.7071147358268416,0.702202218320168,0.8462155221478944,0.8362743163170787,0.8409011450978299,0.8379750702259394,0.9238774196125793,0.8606622704382179,0.8886594478014731,0.8722230427599378
92.jpg,kidneyStone,1314.0795180722891,2420.569023080273,1911.578313253012,2185.6437799390333,0.9797914754394813,0.9627753664214274,0.9706028617283393,0.9663881558155348,5.153253012048193,9.492427541491267,7.496385542168675,8.571152078192286,0.526026185848404,0.5814176449284832,0.5568083083531581,0.5707494144831631,0.716186820728698,0.6992849867227787,0.7073435378139062,0.7026419065299034,0.8462782170945309,0.8362326151991315,0.8410371798047375,0.8382373807758179,0.9234550754323275,0.8594615100869782,0.8886973859595131,0.87310129420332
93.jpg,kidneyStone,1289.009638554217,2336.66715052983,1892.775903614458,2181.448686311511,0.9801770116791098,0.9640656483478942,0.9708920139080606,0.9664526699118581,5.054939759036144,9.163400590313058,7.4226506024096395,8.554700730633376,0.5258272747363546,0.5788564513287724,0.5570843851842591,0.5717540865463794,0.7156307976968115,0.6995527460353639,0.7066898626796344,0.7017739449347175,0.8459496425301044,0.8363926984589021,0.8406484774741666,0.8377194906021451,0.9251778607764949,0.8648065894775139,0.8901771625595836,0.87378712123574
94.jpg,kidneyStone,1291.0987951807228,2359.740165481202,1882.3301204819277,2168.8634054289446,0.9801448836591407,0.9637108208181159,0.9710526540079056,0.9666462122008281,5.063132530120482,9.253883001887067,7.381686746987952,8.505346687956646,0.5260809374908627,0.5800405097059476,0.5567171269602256,0.5713128308414702,0.7154898115836841,0.6991131696846633,0.7067310723375428,0.7018441705569737,0.8458663083393758,0.836129876086642,0.8406729877529924,0.8377614043132887,0.9250877334015702,0.8635283134209975,0.8908286008225135,0.8745673565131656
95.jpg,kidneyStone,1389.289156626506,2003.1572071418202,1573.1349397590361,2047.205690230803,0.9786348667205963,0.9691945190056006,0.9758076009633219,0.9685171209942053,5.4481927710843365,7.855518459379687,6.169156626506024,8.028257608748246,0.46381910086454925,0.49469228321139813,0.4731529168368056,0.4967029155972451,0.7656003205109595,0.7559140272905053,0.7629018184867986,0.7552788141705941,0.8749858973211851,0.8694331643608411,0.8734425101211862,0.8690677845660798,0.8999232201347269,0.8562008356741142,0.8866799770848864,0.8530387598093565
96.jpg,kidneyStone,1339.1493975903613,1946.5234431702715,1539.7084337349397,2013.6449412106258,0.979405939199853,0.9700654593059658,0.9763216492828262,0.9690332337647921,5.251566265060241,7.633425267334398,6.038072289156626,7.896646828276963,0.457892687385799,0.48870312791577813,0.46814912346521087,0.49178521797847524,0.7687762754794277,0.7591759642094855,0.7658284912823986,0.7582065886120721,0.8767988797206733,0.8713070435899652,0.8751162730074208,0.8707505892114412,0.90242104532303,0.8586539112919417,0.8878070365102545,0.8537799082330431
97.jpg,kidneyStone,1341.2385542168674,1936.035709101466,1508.3710843373494,1969.5964581216433,0.979373811179884,0.970226744546774,0.9768035695823617,0.9697106317761874,5.259759036144578,7.592296898437122,5.915180722891566,7.723907678908405,0.4538886839280829,0.4840236237507151,0.4624422469585932,0.48556807071570846,0.7717574150094353,0.7623478717745973,0.7692997720681926,0.7618627511074402,0.8784972481513162,0.8731253471149474,0.8770973560946314,0.8728474959048919,0.9008539023249844,0.8573816052901085,0.8884992484090947,0.8549093470936207
98.jpg,kidneyStone,1334.9710843373496,1887.7921323849614,1481.2120481927711,1969.5964581216433,0.9794701952397911,0.9709686566544926,0.977221233841959,0.9697106317761874,5.235180722891567,7.403106401509653,5.808674698795181,7.723907678908405,0.4496458463932383,0.4777976968489379,0.45714065455130093,0.4815691525064228,0.7747046748278255,0.7659089561715728,0.7725530811438526,0.7647255411727807,0.880173093674094,0.8751622456273881,0.8789499878513297,0.8744858724832442,0.899944190199799,0.859001972424465,0.8889834598617489,0.8528920578961917
99.jpg,kidneyStone,1337.0602409638554,1912.9626941500944,1474.944578313253,1923.4504282188996,0.9794380672198221,0.9705815720765525,0.9773176179018661,0.9704202868357441,5.243373493975904,7.501814486863115,5.784096385542169,7.542942855760391,0.4430196167296272,0.4720965989314274,0.4500608451855914,0.4725787947282129,0.7795539989355011,0.7704383792587237,0.777525217206174,0.7702866073596256,0.8829235521467876,0.8777461929616805,0.8817739036772261,0.8776597332449664,0.8973461019666115,0.8536433899599142,0.8867599187319186,0.8528409962645191
