Filename,Label,Contrast0,Contrast45,Contrast90,Contrast135,Homogeneity0,Homogeneity45,Homogeneity90,Homogeneity135,Dissimilarity0,Dissimilarity45,Dissimilarity90,Dissimilarity135,Entropy0,Entropy45,Entropy90,Entropy135,ASM0,ASM45,ASM90,ASM135,Energy0,Energy45,Energy90,Energy135,Correlation0,Correlation45,Correlation90,Correlation135
1.jpg,Normal,359.00625,840.2569165705497,665.5173100490197,808.45600922722,0.5320373216433172,0.5164150975456147,0.523642441292387,0.5159979668898135,8.134405637254902,11.866728181468664,10.066268382352941,11.633648596693575,5.26529105747843,5.417000378955487,5.331668979127604,5.4123977592851835,0.2271201862715062,0.2200040534494096,0.22367020222371653,0.22049360283604263,0.476571281417068,0.469045896954029,0.4729378418182632,0.46956746356199197,0.9536565144062585,0.8916761836785028,0.9140912530649443,0.895775876972282
10.jpg,Normal,367.60170036764714,845.8114109957709,660.9412990196078,811.0461361014995,0.5338447611691185,0.5183103424575205,0.5285610410518957,0.5191612446871361,8.230560661764708,11.884059976931951,9.983425245098038,11.676601307189545,5.252101836713196,5.400348130339154,5.309824756417016,5.391574137468683,0.23081494546587425,0.22339659099559644,0.22722130681220865,0.22418180426568263,0.4804320404239025,0.4726484856588419,0.4766773613380529,0.4734784095032028,0.9520412508915501,0.889802264838503,0.9137721272810542,0.8943317078157561
100.jpg,Normal,337.3374080882354,804.1441291810839,633.3236825980393,751.4666051518643,0.563605330250169,0.5459667841162072,0.555140844962035,0.5462454415943772,7.650612745098041,11.40555171088043,9.722549019607845,11.142791234140713,4.988557793977243,5.1383630885399825,5.060116691727956,5.132088986534311,0.26281010235790453,0.25479875450855033,0.25867628227330675,0.25543696324765497,0.5126500778873485,0.5047759448592517,0.5086022830004863,0.5054077198140675,0.9510551515993827,0.8835369254338818,0.9081143229552268,0.8911661378926252
11.jpg,Normal,366.39797794117646,842.7021145713186,660.9659466911764,811.6187466359092,0.5337394105096837,0.5192090391367588,0.5280986338422502,0.5193355918910822,8.23890931372549,11.861207227989233,9.980039828431373,11.68078431372549,5.246696184922696,5.393010391115601,5.302451526112142,5.38825058371927,0.23099273963233055,0.22371766266811574,0.22736943134570387,0.224298913927317,0.48061704051389037,0.47298801535357715,0.47683270792354826,0.4736020628410702,0.9522842093973456,0.8904055508372629,0.9139239457443965,0.8944479811671509
12.jpg,Normal,363.3562806372549,840.8473356401385,660.4341605392156,808.3843137254903,0.5337042297077425,0.5185690320817985,0.5286464719860827,0.5196960794789693,8.213204656862745,11.850088427527874,9.943167892156861,11.62485198000769,5.243316426904312,5.38896883277608,5.298762993264007,5.383884624743599,0.231274034616719,0.2240234325040749,0.22763328989300993,0.2246055584749071,0.4809095908969991,0.47331113710124645,0.47710930602222584,0.47392568876872154,0.9527930969693325,0.8909080097477511,0.9141979392162852,0.8951197798517442
13.jpg,Normal,360.3428308823529,836.7998462129949,658.5401960784313,805.288242983468,0.5354365918990117,0.5194225851013152,0.5291964556818514,0.5197080464542627,8.162469362745098,11.79746251441753,9.916697303921568,11.582314494425223,5.2354077389940885,5.380528652929325,5.289122731861661,5.3751794636672505,0.23184998837492643,0.22463577593629505,0.228232883803893,0.2251159465032894,0.48150803562861383,0.47395756765378805,0.477737253941843,0.4744638516296994,0.9532496305496788,0.8915843380148514,0.9145626733742048,0.8956669765810552
14.jpg,Normal,361.3650275735294,833.5678738946558,656.7358455882353,805.8611149557861,0.5354672907751064,0.5206476885829213,0.5290532965664044,0.5209627226702682,8.139813112745097,11.767151095732409,9.930361519607843,11.604229142637447,5.225753999094497,5.37251542007097,5.285245404292535,5.3686582057193775,0.2323380408310882,0.2250603155767285,0.22857118881559982,0.22556949518573055,0.48201456495741724,0.47440522296527105,0.47809119299104413,0.47494157028599904,0.9531004113018099,0.8919654401220016,0.9147664994294666,0.8955563744674211
15.jpg,Normal,358.11302083333334,830.9408842752786,656.295787377451,802.6408765859285,0.5361576840891797,0.5214428492037311,0.5315217826317042,0.5215470397346836,8.087101715686275,11.694471357170318,9.917294730392157,11.600415224913494,5.215706103184814,5.362671865105387,5.276532983660098,5.361465933315216,0.23257956780914354,0.22537111538888488,0.2289279113792998,0.22586616409475482,0.4822650389662758,0.47473267781866973,0.47846411712823333,0.47525378914297445,0.9534266136194931,0.892084415795973,0.9146480714049025,0.8957597817823731
16.jpg,Normal,356.83733149509806,831.0831833910033,655.0878216911765,799.3633833141103,0.5372257461763804,0.5221824727926092,0.5309702813174011,0.5224689175215718,8.056663602941176,11.66625144175317,9.900873161764707,11.583114186851216,5.212074859772635,5.355768332997057,5.270873990776433,5.356757495976403,0.2331846916084334,0.2259989657070055,0.22957207573784724,0.22656811538932844,0.4828920082258904,0.4753934851331111,0.47913680273784776,0.4759917177738794,0.953367030438522,0.8915422828793894,0.9143914407644428,0.8956817687607246
17.jpg,Normal,355.4118259803921,826.3748865820837,652.1208180147057,797.15292579777,0.5371651558136614,0.5233994177729783,0.5307625693716725,0.5233001815970016,8.033180147058824,11.617024221453285,9.885125612745096,11.551234140715108,5.20804006820924,5.348765916242966,5.266521626141383,5.351270963955283,0.233628208933313,0.2263939119029869,0.22999754052490323,0.22708004436231813,0.4833510204119911,0.4758086925466862,0.47958058814437354,0.47652916423060415,0.9533496170298329,0.8916841795639313,0.914405358771019,0.8955144032414621
18.jpg,Normal,355.20834865196093,823.1425144175319,650.2699295343137,798.7230449826989,0.5394837963170671,0.5242674684580392,0.5320393793117646,0.5238593773919985,8.00105698529412,11.575855440215303,9.841436887254902,11.528981161091888,5.199690585415811,5.342021614240825,5.258510451522497,5.34409332896733,0.23390942143458957,0.2268472241992514,0.2304378638878001,0.2274320961047572,0.4836418317666386,0.476284814159817,0.4800394399294709,0.47689841277231904,0.9531788769597282,0.8916518832344361,0.914286862818367,0.8948661547358301
19.jpg,Normal,352.03334865196075,813.5084659746252,645.6949601715685,796.1220453671665,0.5396650711950627,0.5241956463874888,0.5323861765101587,0.5246620773851348,7.977006740196078,11.515355632449058,9.79909620098039,11.511418685121109,5.187826939743373,5.329926899229449,5.245981694786691,5.331363911502795,0.23528736951946072,0.22809234031627437,0.23167261378117035,0.228693026326934,0.4850642942120773,0.47759013842025083,0.48132381385214085,0.4782185968016447,0.9533680449910299,0.8923913877434599,0.914469260784107,0.8946912145700138
2.jpg,Normal,361.143550857843,842.0995155709344,669.6910539215686,817.5170011534026,0.5314265724469256,0.5154773743265162,0.5235679155166326,0.5169781818225596,8.162791053921566,11.882675893886969,10.100857843137254,11.709357939254133,5.268917888276684,5.42027946166716,5.333805252025467,5.4143971479250155,0.22751096075014712,0.22054942308439918,0.22413001013920433,0.22104045606331577,0.4769810905582601,0.4696268977437293,0.4734237110023159,0.47014939759965213,0.9532214819982813,0.8910676078363541,0.9132576519797023,0.8942475551601372
20.jpg,Normal,348.47596507352944,802.2862437524027,639.1789215686274,789.4374317570166,0.5407176963087406,0.5261798666979522,0.5328959860358047,0.5252790883015022,7.947349877450979,11.40141484044598,9.73468137254902,11.45459438677432,5.179789822715684,5.319762793207394,5.2375600414143015,5.324643721913371,0.23599985770196563,0.2288716789345947,0.2322775926776961,0.2293407246880026,0.4857981656016886,0.47840535002714457,0.48195185721988465,0.4788953170453879,0.9536887957137254,0.8935304369855778,0.9150563980121418,0.8952355732870614
21.jpg,Normal,346.0524050245099,796.7367474048443,637.580575980392,788.1107420222993,0.5409310263410184,0.5267581578572088,0.5329804494134986,0.5258696666688698,7.909788602941177,11.339530949634756,9.718995098039214,11.43291041906959,5.170938934732039,5.313330400482927,5.232829407421976,5.31618717457574,0.2366106654441803,0.2295195411932329,0.23294231457327103,0.2299591557442269,0.4864264234642073,0.47908197752914156,0.48264097896186875,0.479540567360288,0.9540067968908937,0.8942584878029026,0.9152614900328562,0.8954033161999128
22.jpg,Normal,345.4500765931373,796.5401922337563,638.7726256127451,790.3163706266819,0.5428113396034948,0.5276910026421334,0.5348077724067933,0.5275271945886434,7.896645220588235,11.31601691657055,9.682919730392156,11.408750480584388,5.157654093925714,5.2984283979528985,5.2173558625507885,5.304991091777598,0.2376586505753497,0.23040762549405405,0.23398048503542815,0.23100954996015632,0.4875024621223463,0.4800079431572503,0.4837152933652482,0.4806345284726809,0.9541396621594467,0.8944076211147134,0.9152008921745355,0.8952326744336245
23.jpg,Normal,345.7105392156862,802.6787850826606,642.2489276960782,791.2786774317572,0.5437944721937507,0.528979666567958,0.5361120228168786,0.5283820153361165,7.889123774509803,11.378700499807767,9.723897058823527,11.425267204921186,5.143731398076777,5.288859284091799,5.209254812089073,5.291198728380593,0.23908488401583827,0.2317717308916616,0.23536564951261976,0.23237612422749884,0.4889630701963475,0.4814267658654446,0.48514497782891636,0.48205406774292325,0.9541496195558675,0.8936987708077819,0.9148222297733363,0.8952085222534861
24.jpg,Normal,343.6180147058822,806.5440215301808,645.487607230392,790.9299961553247,0.5456277406146065,0.5299303512531375,0.5380124396036203,0.5299553517776342,7.867800245098037,11.414179161860822,9.757337622549016,11.409719338715878,5.1393973593500535,5.282023400176976,5.204906733125657,5.2831921341528485,0.2400476944808637,0.23267958022237628,0.2362912850854764,0.23341795189825099,0.48994662411416173,0.48236871812170434,0.48609802003863006,0.4831334721360661,0.9544334687352828,0.8932033132447278,0.9144045630831498,0.8952708087966553
25.jpg,Normal,343.9484528186274,810.8862437524028,647.9853400735294,791.5778546712803,0.5472022787125281,0.5317388417338824,0.5389365444719978,0.5314079684182031,7.863740808823529,11.439108035371008,9.780958946078432,11.429296424452135,5.129814107023805,5.27542742765904,5.197740247238558,5.2757701272444235,0.2406412292269274,0.2332645866989021,0.23688059711859621,0.23400433814161617,0.49055196383963995,0.48297472677035813,0.4867038084077381,0.483739948879164,0.9544174875961499,0.89269575926409,0.914125820578701,0.8952508303929276
26.jpg,Normal,344.9980851715686,815.4922414455978,649.3590379901962,791.2430142252979,0.5487422347492684,0.532430336786212,0.5409654323443311,0.5325778400588693,7.852496936274509,11.469973087274123,9.766727941176471,11.40292195309496,5.120725551077409,5.267991030190236,5.186000786300289,5.267388281973364,0.2417453347880398,0.23428083535138122,0.23788533997966538,0.2350083970010646,0.4916760465876285,0.4840256556747599,0.4877349074852705,0.48477664650957003,0.954112111533198,0.8916954590597386,0.913631189220372,0.8949159696774669
27.jpg,Normal,346.97660845588246,815.6303575547868,648.2319393382353,789.2779392541331,0.5491233184705625,0.5337855519664769,0.5417517423555744,0.5342780276957859,7.871308210784315,11.466728181468667,9.73500306372549,11.343606305267205,5.118386543965306,5.265408948339022,5.1824726758429795,5.263663807876508,0.24221689461103454,0.23480628197151857,0.23833816980041478,0.23543155545563246,0.4921553561742822,0.4845681396579005,0.4881989039320088,0.4852128970417341,0.9532760552952524,0.8903328092605819,0.9127111331024249,0.893876075713889
28.jpg,Normal,346.5971507352941,811.4157324106116,645.1887561274509,784.8632372164551,0.5473927840617483,0.5330841750569364,0.5405063723540191,0.5336017624069072,7.912377450980392,11.472449058054597,9.751164215686272,11.339915417147248,5.132709898577367,5.275806175820849,5.1944039426103,5.270717781897338,0.24272825541014126,0.2353733339778079,0.23887576515699327,0.23605914065228803,0.49267459383465395,0.48515289752593244,0.48874918430314873,0.4858591777997901,0.9525747322919186,0.8891401431590746,0.9117205014083251,0.892767883783783
29.jpg,Normal,344.7811580882353,807.0798154555939,638.1683057598036,775.6747866205304,0.5462965475204776,0.5320506979638723,0.539196934256037,0.5326121578425413,7.9055453431372555,11.466928104575162,9.704059436274505,11.287766243752401,5.136548788351693,5.282631037652088,5.197857238564334,5.278107469812733,0.24313641939379543,0.2357476274245213,0.2392658597072789,0.23650909470391188,0.4930886526719059,0.4855384922171684,0.4891480958843435,0.48632200721734964,0.951959679538771,0.8877127793098576,0.9110825200952607,0.8920820911623568
3.jpg,Normal,362.33336397058815,842.7451903114187,671.826531862745,822.9208765859287,0.530594364467589,0.5158224505486985,0.5237905191122341,0.5163640756215275,8.187561274509802,11.893794694348328,10.123988970588234,11.763106497500962,5.269539548439064,5.420654192724532,5.336944894715019,5.4160504723212375,0.22794509201313792,0.22099353358458973,0.22460425201263484,0.22146993509875024,0.4774359559282668,0.4700994932826345,0.47392431042586836,0.47060592335705914,0.9529103124153157,0.8906187471365652,0.9126896829250056,0.8931917766802293
30.jpg,Normal,344.0658088235295,803.2133333333331,633.6415594362745,770.3127258746633,0.5477563298619135,0.5323075062820396,0.5402328243518053,0.5325839625126975,7.885784313725492,11.43269511726259,9.648360906862745,11.238431372549016,5.130048129354182,5.2763824480361095,5.19242093910934,5.272001351728401,0.24394749753982112,0.2366106253457953,0.2400562221552033,0.23731263351968376,0.49391041448811457,0.48642638224688767,0.48995532669336633,0.4871474453588808,0.9513641825134631,0.8866288598372425,0.9104329137505671,0.8912726813785974
31.jpg,Normal,342.53969056372546,796.4802921953095,629.2078431372549,765.8335563244905,0.5476666990730319,0.5312773970478017,0.5408265924432283,0.5330905750198075,7.855223651960784,11.383514033064207,9.60968137254902,11.1838677431757,5.130418065954662,5.277919591049715,5.189504714906935,5.268971820981671,0.24414057971055314,0.2367715953450607,0.24026412324417748,0.23743109149306865,0.4941058385716092,0.48659181594541917,0.4901674440884232,0.4872690134751733,0.9511416893236382,0.8865613917759226,0.9102543335801476,0.8909262493849089
32.jpg,Normal,342.770588235294,787.508342945021,621.5174632352939,762.874894271434,0.5477329037736614,0.5322638936784653,0.5403499443222657,0.5330117048868889,7.862561274509802,11.335271049596308,9.558854166666665,11.187543252595153,5.131399249289006,5.275388369094259,5.189040312677433,5.267704204351213,0.24454749447984991,0.2372338583879473,0.240772659788678,0.23795403081150124,0.4945174359715236,0.4870665851687501,0.49068590746900204,0.48780532060597825,0.9508552266275774,0.8872581755670886,0.9108913345660888,0.890784766707887
33.jpg,Normal,342.672043504902,781.672833525567,618.0560202205882,761.8025682429834,0.5476190988396379,0.53293892106549,0.5412918219215288,0.5341391023765,7.877925857843138,11.288150711264896,9.532981004901957,11.189111880046134,5.13054894298212,5.271787367396777,5.1857581130244625,5.2675720777220825,0.2448061068431088,0.23744469972141247,0.2410738535011698,0.2382691289734037,0.49477884639817493,0.48728297704866774,0.4909927224523494,0.4881281890788563,0.9509528886144156,0.8882852746590428,0.9115383333362176,0.8911250832506806
34.jpg,Normal,344.62662377450977,783.4314955786234,617.6864736519606,760.9292272202998,0.5489635107447667,0.5335181752163497,0.5417107234730283,0.5338060629215559,7.887285539215687,11.290472895040368,9.52519914215686,11.164121491733948,5.126668251016638,5.265241451664693,5.179166283309689,5.259632560191341,0.24515851071778288,0.23780757958263166,0.24137877526259424,0.23843751184924122,0.4951348409451539,0.48765518512841804,0.49130313988676505,0.4883006367487567,0.9509315654448132,0.8886227779422815,0.9120544574924397,0.8918218325550866
35.jpg,Normal,347.2119944852942,787.2033986928104,618.6392769607842,763.7453440984236,0.5497511324914571,0.5345903243207586,0.5429598777827571,0.5354751847068668,7.912239583333335,11.310834294502113,9.545251225490194,11.178608227604766,5.119433980165404,5.2583208106611465,5.173403980553566,5.253523492159744,0.2455573616189162,0.23833748608504016,0.2417894532798757,0.23898183400611445,0.49553744724179644,0.4881982036888708,0.49172090994778295,0.4888576827729257,0.9510730162026356,0.889242316484438,0.9128264742396693,0.8925428100938032
36.jpg,Normal,348.4953278186274,786.5405920799692,618.4813878676471,768.4462591311033,0.5505642247978514,0.5364780307535623,0.5444458896300132,0.5368718462046218,7.904764093137253,11.29024221453287,9.544500612745097,11.205874663590926,5.104456131863159,5.241559110054741,5.156569485941573,5.238230630125171,0.24620471864881444,0.23888615826787696,0.24246193410249367,0.2395925223803401,0.49619020410404563,0.48875981654374673,0.49240423850987886,0.48948189177980844,0.9515616314412572,0.8908469103524909,0.9140369695435536,0.8933579725486029
37.jpg,Normal,349.18998161764705,783.4539484813536,617.7891390931372,769.7978777393313,0.5515179836693709,0.5367371436361483,0.5451844805456173,0.5379912295570888,7.897579656862745,11.254948096885816,9.540058210784313,11.19844675124952,5.097786699309733,5.2361628403832565,5.152293474002656,5.230486815174435,0.24654577153318444,0.23931184684682685,0.24293549241033355,0.24000502962144069,0.4965337566905038,0.4891951010045244,0.4928848672969516,0.4899030818656285,0.9519644826102495,0.8923956906877923,0.915016644482692,0.8942712981347424
38.jpg,Normal,347.73239889705883,780.8557939254132,619.6656709558822,771.7751018838908,0.5506330413565365,0.5369928365324201,0.5451364744652647,0.5372178743675802,7.912668504901962,11.240415224913495,9.55785845588235,11.23029603998462,5.099910259363408,5.236807748431023,5.155243775077744,5.235836774757433,0.2466363970071984,0.23943388100368326,0.2430130478896713,0.24003475633613838,0.49662500642557095,0.48931981464445445,0.4929635360649622,0.4899334203094726,0.9522793995752238,0.8930094428466633,0.9149622863873043,0.8942536524797587
39.jpg,Normal,348.3926776960784,780.9847289504036,622.611887254902,778.3318415993847,0.5516027677484041,0.5363596700473675,0.5443405721441474,0.5371952324620275,7.9055453431372555,11.228481353325645,9.561734068627452,11.233556324490579,5.104215077642463,5.240830336637398,5.157466027278808,5.2403700989635515,0.24693249307564255,0.23968159136735165,0.24322969559108876,0.2403276034518412,0.4969230253023526,0.48957286624909235,0.49318322719967755,0.49023219340618707,0.9521219274605376,0.8928425128761345,0.9144386014033161,0.8932065107004455
4.jpg,Normal,364.12610294117644,846.0710342176086,675.4069087009805,828.2841522491351,0.5328562162965192,0.5159940018049457,0.5239133501916251,0.5155129348737841,8.20857843137255,11.896608996539793,10.149402573529414,11.827620146097654,5.266620187130761,5.416756409176178,5.333047961989754,5.415258294883259,0.22838218492436807,0.2213107283582557,0.22498151158058213,0.2216859584807606,0.47789348700768886,0.4704367421431448,0.47432216011966183,0.4708353836329217,0.9526060755568799,0.8900220763279729,0.9120926640040443,0.8923341331983528
40.jpg,Normal,348.86899509803925,779.9420530565168,623.9957414215685,782.003844675125,0.5513433508145594,0.536292722858249,0.543797433520714,0.5366943468311408,7.90704656862745,11.219100346020763,9.589613970588232,11.267820069204152,5.1065042691524285,5.243857556465786,5.16167279803009,5.243101523438997,0.24742648349455443,0.24012622040350315,0.24372034163073536,0.24087843728515979,0.49741982619770436,0.4900267547833517,0.4936804043414478,0.4907936809751729,0.9518918528318171,0.8926185808133347,0.913954125940873,0.8923347159938833
41.jpg,Normal,348.87757352941185,782.0405074971163,622.7576286764707,780.2053056516722,0.5511813793564172,0.5361254827499613,0.5444546424704495,0.5376309856860721,7.912101715686276,11.259515570934255,9.580637254901962,11.247550941945404,5.103844841348691,5.243643107011644,5.160142672228912,5.240770636436904,0.24795807530081596,0.2406816138057095,0.24426331927436273,0.24136032298227345,0.49795388872948465,0.49059312449901854,0.4942300266822755,0.49128436061233766,0.9516832872541401,0.891866171317018,0.9137548597641707,0.8921199272287023
42.jpg,Normal,349.87342218137246,784.8720338331408,622.1212162990196,777.1181545559399,0.5497816510105806,0.5349941249524987,0.5436455107010336,0.5355724069261115,7.927405024509802,11.290580545943865,9.597166053921569,11.24152249134948,5.111179090076158,5.250811247987057,5.166901703596208,5.246827038812465,0.2474389707102587,0.24019877452273755,0.243899712949384,0.24092176844413035,0.4974323780276659,0.49010077996544504,0.49386203837649234,0.49083782295594375,0.9512484323679131,0.8908100019397475,0.9133151322518446,0.8918887078010105
43.jpg,Normal,350.36406250000005,785.6357093425604,623.3203737745096,777.0996386005382,0.5503938041474011,0.5348783366850283,0.5429725150413313,0.5367137691842152,7.933578431372549,11.296147635524797,9.608026960784311,11.254594386774317,5.113300381397281,5.253107197765379,5.170114580471417,5.251866260240154,0.24753074109210554,0.2403038532040658,0.24386928160893642,0.24089113461669498,0.49752461355404876,0.4902079693396118,0.49383122785921146,0.49080661631308004,0.9508540647352174,0.8899736754783273,0.9125679466798859,0.8911691309272496
44.jpg,Normal,348.5280484068627,786.2223144944252,624.3813878676469,776.398615916955,0.5506552415623774,0.5357978980492681,0.5425466183629228,0.5352179626351379,7.893581495098037,11.25819300269127,9.597196691176467,11.248258362168395,5.108859771876713,5.246000091943079,5.167996607569177,5.250893476816509,0.24736329967083712,0.24010852017552764,0.24373375833607402,0.24069542318107018,0.4973563105770722,0.490008693979533,0.49369399260683133,0.4906071984603061,0.9507634092774484,0.8891072575898414,0.9117955541807068,0.8904928413563962
45.jpg,Normal,347.06179534313725,787.3917723952327,624.2649509803921,774.463667820069,0.5515255650317742,0.5359053856030989,0.5431297971657147,0.5357683130678056,7.842892156862744,11.250196078431372,9.574356617647059,11.208919646289885,5.104012376002246,5.244983576643193,5.162828947205795,5.244429434717125,0.24719598168091164,0.23985258891790504,0.24347684913761392,0.24046974604302201,0.49718807475734134,0.48974747464168206,0.4934337332789621,0.4903771467381224,0.9507950347376799,0.8885449161460212,0.9114961848048296,0.8903748857113808
46.jpg,Normal,347.83117340686283,793.0201460976548,626.5476409313726,776.5003460207613,0.5506657464299635,0.5356933903988452,0.5447483606373946,0.5359562610216778,7.842876838235297,11.295732410611304,9.571599264705881,11.225205690119186,5.102106401541796,5.240905995197302,5.159934742387556,5.241385975014911,0.24736382366739212,0.2400185161682557,0.2435682155516734,0.2406054293434888,0.49735683735864344,0.4899168461772423,0.4935263068486556,0.4905154730928361,0.9506405679368619,0.887645487448877,0.9110911003999644,0.8899860006050873
47.jpg,Normal,347.4256280637254,798.8205459438678,631.837974877451,777.5707497116496,0.5502484886482482,0.5348974420555604,0.5429496710018443,0.5348137939205773,7.8505055147058815,11.358246828143024,9.64159007352941,11.250257593233375,5.104351386945114,5.2475969838451775,5.165837897052553,5.244066796876792,0.24689248724104765,0.23962696381083134,0.24307016586074917,0.24009381338411084,0.49688277011891613,0.48951707203205014,0.4930214659228837,0.4899936870859775,0.9507638832683503,0.8869753268740257,0.9104600152545098,0.8899819486808076
48.jpg,Normal,347.083624387255,802.0736178392924,636.5745098039217,780.3977700884276,0.5507190967169722,0.5356714556388427,0.5443538793447006,0.535162525095386,7.853906250000001,11.36472126105344,9.67729779411765,11.281153402537488,5.097540804540719,5.239242513928394,5.15842052169603,5.236774074038459,0.24750119242655336,0.2401235534613087,0.24364323095008544,0.24062079385372293,0.4974949169856445,0.4900240335547928,0.49360230038978287,0.49053113443870505,0.9510099871925668,0.8869718132718903,0.910151096313864,0.8900263729938207
49.jpg,Normal,347.6636948529412,802.0232833525565,638.7740808823528,785.032187620146,0.5499526709862879,0.534922385738444,0.5434494135974768,0.535930015135221,7.889338235294117,11.394602076124567,9.704871323529412,11.33416378316032,5.100089701164882,5.239882299715065,5.1596165300438255,5.240629424011814,0.24740692431997313,0.24003081487157568,0.2435651791641137,0.240603750516799,0.49740016517887603,0.489929397843787,0.49352323062254494,0.490513761801643,0.9510671785168721,0.8872995468080046,0.9100962851571959,0.889687138576247
5.jpg,Normal,364.54999999999995,848.049596309112,674.9112591911767,826.4651287966168,0.5322776643340041,0.5165229124829314,0.5241756366672959,0.5166632548591936,8.228553921568627,11.910326797385624,10.145879289215689,11.793171856978088,5.267456057294737,5.414926209603436,5.330774584993925,5.412970344751672,0.22829549963224044,0.22121055063995876,0.22495343059817,0.2216287763216496,0.477802783198508,0.4703302569896591,0.47429255802528675,0.47077465556426207,0.9525166414948156,0.8896863713963784,0.9120936276802437,0.8924940620587439
50.jpg,Normal,350.9132046568627,808.0242829680892,642.4070312499998,790.4147481737791,0.5498595024002875,0.5327270514143113,0.5431262129464274,0.5350746985976411,7.9030330882352935,11.465267204921183,9.750474877450978,11.406520569011917,5.10335035273156,5.242803322265282,5.160975274393136,5.244736153495505,0.2474661280695451,0.2400745283399561,0.2436543661702004,0.24058627922511092,0.4974596748175123,0.48997400782077827,0.49361357980732296,0.49049595230247406,0.9507442566945198,0.8867657415368567,0.9098309660288368,0.8892334923908164
51.jpg,Normal,352.37807904411756,814.3583544790464,644.3186121323528,790.8538869665512,0.5491629633262034,0.5333331084773058,0.5426806401010942,0.5342540572615802,7.943734681372547,11.521722414455976,9.794745710784312,11.435447904652056,5.1115501931428104,5.253047526163036,5.1692202197803825,5.250570359780543,0.24705419649668986,0.23968225913760724,0.24323004945889196,0.2402386738841905,0.4970454672328175,0.48957354824133137,0.49318358595850686,0.4901414835373461,0.9507041190478772,0.8862594772324165,0.9098651897527136,0.8895423199852917
52.jpg,Normal,348.3029105392157,810.8424298346791,643.3977787990194,785.2432295271051,0.5483601542963354,0.5346119897894251,0.5409927734476647,0.5344397106198638,7.924479166666666,11.467327950788158,9.779059436274508,11.384252210688196,5.1144365205631,5.254685888891661,5.172253013464763,5.251984621191575,0.24700795163011982,0.23969721402217026,0.24315463126599438,0.24023869221328378,0.4969989453008123,0.48958882138195337,0.49310711946390956,0.49014150223510333,0.9513695142974675,0.8869714711136909,0.9101699989315016,0.8905399078961876
53.jpg,Normal,345.6425551470589,804.3831449442521,639.0177389705882,782.0865205690118,0.5490447483715575,0.534358241185074,0.5427890750156809,0.5344867579190775,7.873590686274511,11.423606305267203,9.73716299019608,11.384882737408688,5.110888499788787,5.252829506051368,5.170606319585474,5.2516713784506965,0.2466297617512271,0.2393067183665347,0.24285349739189116,0.23992305032769898,0.49661832603240397,0.4891898592229143,0.4928016816041633,0.4898194058300457,0.9518747066518924,0.888182371101824,0.911028825267556,0.8912818339457966
54.jpg,Normal,347.60052083333335,803.3738562091503,637.7649662990196,785.1954017685507,0.5499789168224906,0.5344595115347162,0.5430862843169423,0.5344113875607484,7.881495098039215,11.37336409073433,9.699433210784314,11.385082660515188,5.10897759094213,5.2497716489227715,5.167969403151329,5.249596829154516,0.24658382522835276,0.2392324176620915,0.24285374859579253,0.23995351469971107,0.49657207455549973,0.48911391072233007,0.49280193647731596,0.48985050239814093,0.9518807885413887,0.8889659334922754,0.9117147372778992,0.8914783723820464
55.jpg,Normal,350.5231770833332,801.3286120722798,636.1871629901959,787.2423068050748,0.5493743669524684,0.5355231461369905,0.5429015491607557,0.5358189627374835,7.884329044117646,11.334640522875818,9.664705882352937,11.364136870434447,5.105565109802036,5.24365567661796,5.1619683959715275,5.242095331799892,0.2466925831420382,0.23944436784657236,0.24296128733164518,0.2399554216349225,0.4966815711721527,0.48933053026208406,0.4929110338911528,0.48985244884038553,0.951795837615353,0.8899783872135492,0.912513567551527,0.8919124227644477
56.jpg,Normal,348.86004901960786,799.2853671664743,635.5058363970588,784.2970396001537,0.5502210854510706,0.535417183450783,0.5438028339085402,0.5360958553961072,7.8743566176470585,11.327597078046903,9.633471200980392,11.344790465205689,5.105232906588892,5.24587806480897,5.161555028606623,5.2457409876756325,0.24678493677217758,0.2395055387711317,0.242992908400052,0.24001582699464502,0.49677453313568476,0.4893930309793262,0.49294310868502056,0.4899141016491003,0.9523150093888691,0.8909231770715638,0.9131365523990022,0.892968603172308
57.jpg,Normal,348.3981464460785,798.738131487889,631.9773897058824,778.2688043060359,0.549661819361916,0.5347254265267862,0.5432089457825203,0.536148329456834,7.904518995098041,11.357585544021525,9.614583333333332,11.336978085351788,5.116171208293974,5.255472000907883,5.1709090887464475,5.253422046156251,0.2461498704299429,0.238965637591551,0.2424828349476089,0.23949159056767105,0.4961349316767999,0.48884111691995696,0.4924254613112617,0.48937878025888193,0.9525157179116717,0.8913126760033986,0.91386853903578,0.894098014911987
58.jpg,Normal,347.95798100490197,801.0043214148405,627.7463388480393,769.9213225682431,0.5503543854021671,0.5346781998980202,0.54441883573977,0.5353204729621297,7.89829963235294,11.372733564013842,9.581449142156863,11.287843137254903,5.112559503936733,5.252816914879544,5.164851499917271,5.2497607602131255,0.24669773381932436,0.23940242555986146,0.243072074236021,0.24003369135669428,0.4966867562350786,0.4892876715796766,0.4930234013066936,0.48993233344686926,0.952608280375557,0.8910793501931954,0.9145039610625406,0.8953060195653848
59.jpg,Normal,346.9581801470589,806.4332026143793,628.302680759804,764.1596770472895,0.5508048603952516,0.5362630017055159,0.5456364721646613,0.5371635679115275,7.8304534313725505,11.333840830449827,9.582245710784315,11.211426374471358,5.0985747356789854,5.241115484984619,5.156182421222711,5.239417180695319,0.2471420618957028,0.23994681358321795,0.24358767933682365,0.2404581718710205,0.4971338470630448,0.48984366238956073,0.49354602555063054,0.490365345299829,0.9527950123830261,0.8904587105734361,0.9145195609114689,0.896200905319651
6.jpg,Normal,364.8915900735294,851.3935870818915,676.7084099264705,826.7360246059206,0.5322435377016305,0.5166530240968695,0.5241290750098107,0.5171981461746081,8.211534926470588,11.954909650134564,10.152956495098037,11.786820453671663,5.260466477191716,5.4135222153369496,5.325094788498782,5.40663496930399,0.22917201011742785,0.22191721239324594,0.22572160227305146,0.2224384380005855,0.4787191348979356,0.4710808979286317,0.475101675721157,0.47163379649955695,0.9524979281319861,0.8893128733814971,0.9119071758804073,0.8925185291220289
60.jpg,Normal,343.7914981617647,808.762337562476,628.7463541666666,758.7124490580547,0.5517231269513889,0.5365570435803168,0.5450188865090992,0.5359916467066116,7.774586397058823,11.348850442137639,9.587867647058822,11.16495194156094,5.094711581863855,5.237141827841807,5.15452833488293,5.235479992501709,0.2474173047550822,0.24020318012724237,0.2437700351830951,0.24064081797421832,0.497410599761487,0.49010527453521896,0.49373073145500584,0.49055154466602013,0.9532410326131547,0.8901782415893387,0.9144869925442686,0.8969745110352912
61.jpg,Normal,341.9661458333333,812.2073356401382,629.3739276960785,754.4568704344483,0.5507955733125157,0.5362709612831359,0.5446657054013117,0.5369867633171055,7.775704656862745,11.35584775086505,9.569270833333334,11.10655901576317,5.092438145349482,5.233617911614465,5.147474470827099,5.228530708510718,0.24765837344147984,0.24041228291664934,0.24413066272962933,0.24106169498881114,0.497652864395936,0.4903185524907755,0.494095803189654,0.4909803407355646,0.95344499391073,0.8896050653204894,0.9143204022401111,0.8974544881886896
62.jpg,Normal,340.21484375000006,812.7116032295272,631.1180912990196,754.5289350249905,0.5503387425479924,0.5362339147602608,0.5445298234679301,0.5374074515197145,7.7657322303921585,11.36636678200692,9.568612132352943,11.093210303729336,5.087707982622138,5.23216268786959,5.144026150412506,5.226827456856126,0.24806682124682372,0.24075676143251332,0.24444613094835832,0.24130077495110644,0.4980630695472449,0.4906697070662844,0.49441493803116254,0.4912237524296911,0.9535551836286312,0.8892303875579809,0.9138457157197136,0.8971604719596911
63.jpg,Normal,337.8531096813726,808.3130795847749,632.2864736519606,757.2203613994615,0.5511549695486573,0.537365784082517,0.5444456356086129,0.53682174933269,7.724096200980392,11.318477508650513,9.593520220588232,11.132856593617834,5.085792679261695,5.228269974031315,5.146968505839803,5.225312113898707,0.2483243207333869,0.24099702167016157,0.24474664355919284,0.24154116952327048,0.4983215033824919,0.4909144749038895,0.49471875197852855,0.49146838100051815,0.9538069566974812,0.8896614013080806,0.9135544786815919,0.8966358015377843
64.jpg,Normal,335.93958333333336,804.4055978469819,633.2931985294119,760.1493886966553,0.5532883016060975,0.5367008714634454,0.5451381972703184,0.5369063329077266,7.674816176470588,11.281968473663976,9.601439950980394,11.166905036524415,5.079537855443695,5.2267653545450585,5.144308910783565,5.225962148911944,0.2486159277493934,0.24139003527020114,0.24504948658193376,0.24179712277580515,0.4986140067721658,0.4913145990810787,0.49502473330322977,0.49172870851294126,0.954159542296752,0.8904126807811701,0.913588333954996,0.8964418771623904
65.jpg,Normal,334.0821997549019,800.2476585928489,631.444332107843,758.234740484429,0.5544225756328767,0.5379964038350636,0.5450917539774917,0.5376508905973507,7.641973039215686,11.240815071126491,9.588909313725487,11.142668204536717,5.073767799641679,5.2186303701396906,5.1397332397291065,5.219608399919709,0.24895852622413867,0.24159342139280116,0.24529859555313,0.24210496817463373,0.49895743929130737,0.49152153705895857,0.4952762820417812,0.4920416325623613,0.9544296049813018,0.8910195813761328,0.9138718668911362,0.8967410419188812
66.jpg,Normal,332.768275122549,799.7512033833141,633.134237132353,759.9564475201845,0.5537758144976437,0.5392944929516801,0.5469988321328556,0.539178413226608,7.633256740196079,11.244967320261436,9.596614583333333,11.14623606305267,5.065114459597988,5.214412496338383,5.134394543434066,5.21475106638964,0.24899990869365904,0.2416483106414723,0.24532467711205577,0.24206930957409836,0.49899890650547424,0.49157736994441914,0.49530261165479006,0.4920053958790476,0.9546525539394084,0.8911932975064957,0.9137245573841595,0.8966074014724335
67.jpg,Normal,333.47354473039223,803.3289811610921,638.2318014705883,765.953110342176,0.5553179685091685,0.5401837208188752,0.54751917752791,0.5409599394771453,7.630284926470589,11.27783160322953,9.642524509803922,11.175993848519802,5.0571012924277685,5.203599634100825,5.124379117460297,5.2010702446554955,0.24959189350813094,0.24211123045715868,0.24586623822849843,0.24259478386525393,0.49959172682114233,0.49204799609098976,0.4958490074896777,0.4925391191217749,0.9546565042012825,0.8909488489143648,0.913221344054384,0.8960225881061706
68.jpg,Normal,331.1302696078432,800.5095578623605,637.1293504901962,762.9438216070741,0.5567904476764556,0.54199592747112,0.5495438045431679,0.5414529725978475,7.57279411764706,11.223744713571701,9.617892156862744,11.145098039215686,5.04232687217287,5.191774764016377,5.1136374745659,5.19126976052498,0.2500045111105105,0.2423239957541542,0.24618568558273113,0.2430027139178865,0.5000045110901605,0.4922641524163162,0.496171024529578,0.4929530544766778,0.9549261394423592,0.8912143654996971,0.9132771548767414,0.8963193794422104
69.jpg,Normal,327.8975796568628,794.2415224913493,632.0557138480392,754.8226835832371,0.5581204855544204,0.5417371088409959,0.55113298191599,0.542073803808888,7.521691176470591,11.174825067281812,9.54376531862745,11.051272587466359,5.035059592560161,5.185789897337889,5.105586244622529,5.1839214171042,0.25073607682723437,0.24313684468502847,0.24698754568367637,0.24369665965578843,0.5007355358143003,0.49308908392401923,0.4969784157120673,0.4936564186312059,0.9551078004670485,0.8914413502263769,0.9134697927755245,0.8968292024178435
7.jpg,Normal,365.83342524509794,851.8372472126107,675.8195618872548,825.3954479046519,0.5323309526489208,0.5162946962349517,0.5256628981728313,0.5170165245278402,8.231096813725488,11.984605920799693,10.17094056372549,11.808181468665897,5.263071535661348,5.414700233059604,5.325698695188805,5.4072084244840966,0.22981454299991286,0.22252406123631807,0.2263449732609227,0.22297371658284795,0.47938976105035125,0.4717245607728286,0.47575726296182036,0.4722009281893122,0.9523712213754254,0.8892467808823197,0.9120153389353499,0.8926846610668298
70.jpg,Normal,327.59882046568623,792.4317108804305,629.7115962009804,750.1070357554786,0.5561941943428845,0.5400082369355096,0.5480856058009126,0.5403997028866877,7.5813572303921575,11.216301422529794,9.557215073529411,11.076386005382544,5.048846067105094,5.199505823876593,5.115625217626804,5.19519733921409,0.25085655555593084,0.24321106817077554,0.24701617811790394,0.24369684353798202,0.5008558231227135,0.4931643419497962,0.4970072213941201,0.4936566048762865,0.954421695322184,0.889931920312861,0.912393469667639,0.8958107811035397
71.jpg,Normal,328.06181066176475,793.0076739715493,629.4261795343136,749.752218377547,0.5563785561263744,0.5397934132044325,0.5479010629304408,0.5400016078004759,7.587637867647061,11.227435601691655,9.542233455882352,11.051257208765858,5.0476646062056005,5.197104306914697,5.11413382732917,5.192458361396284,0.25164101629612856,0.244003864600623,0.24791665493364926,0.2444595482085453,0.5016383321638495,0.49396747322128715,0.4979122964274424,0.49442850667062604,0.9535421310940863,0.8878840096737992,0.910869754552338,0.8939994968249445
72.jpg,Normal,329.24666053921567,792.0638369857747,628.0656403186274,752.764275278739,0.5550953083253514,0.5394920309563644,0.5481242793101149,0.5397701028348568,7.589154411764706,11.231910803537101,9.547227328431372,11.075878508266051,5.0436198291153875,5.19245603969156,5.111603260300057,5.188780387008091,0.25264728902532974,0.24501493569814106,0.24876237469606796,0.24536416144915732,0.5026403177475218,0.4949898339341335,0.49876083917652153,0.4953424688527699,0.952729682839494,0.8864681479097057,0.9098329900155447,0.892101219157998
73.jpg,Normal,326.0071691176472,784.3420684352174,624.9790594362744,751.8352479815458,0.5550523141786355,0.5406258309406704,0.5480941238946739,0.5401987835353076,7.544883578431376,11.162552864282969,9.507521446078432,11.070988081507116,5.0435066379575595,5.1918900200513205,5.109802320867541,5.191803350315608,0.2527368155849389,0.24522593407054719,0.24892827392953576,0.2454536233882778,0.5027293661453833,0.4952029221143058,0.4989271228641872,0.4954327637412344,0.9526388889684495,0.8862388361235403,0.9092104950448548,0.8909536332478489
74.jpg,Normal,325.72757352941187,780.494209919262,622.8503982843138,749.4287735486353,0.5553796814773848,0.5401409119538423,0.5481001348582248,0.5398885735418325,7.571017156862746,11.123567858515957,9.481801470588234,11.088350634371395,5.043896247781887,5.18975649667736,5.107846321088152,5.189720281893906,0.25335075756807784,0.24583382057680173,0.2495840755640109,0.2460161061289975,0.5033396046091325,0.4958163173765076,0.4995839024268205,0.49600010698486496,0.9523043714402067,0.8858989730235298,0.9088023667204129,0.8904404521893106
75.jpg,Normal,323.55133272058833,775.7012533640908,617.6767003676472,742.1213071895426,0.5558027090020374,0.540527203124989,0.5490393969518538,0.5404624829233785,7.557276348039217,11.094778931180315,9.443642769607846,11.044521337946945,5.042148457435076,5.1897531600627085,5.105825160103801,5.1903915526588245,0.2535969806863271,0.24603171790461215,0.2498594004371818,0.24625966193761278,0.50358413466503,0.49601584440883756,0.499859380663384,0.49624556616418525,0.9524750206060121,0.8862456760149613,0.9092769610820617,0.8911700770778366
76.jpg,Normal,321.9176164215687,773.8142099192619,614.6631280637256,738.7685198000769,0.5562006285174084,0.5410880374341847,0.5487681845438661,0.5409058583556755,7.500980392156864,11.065420991926183,9.430499387254903,11.003844675124952,5.0399428570603995,5.184146531070692,5.102616191370588,5.1852080253045125,0.25393686813008365,0.24636693538004265,0.2503337727817651,0.24673254923246185,0.5039214900459035,0.49635363943467026,0.5003336614518007,0.4967218026546266,0.9527540182487284,0.886616999579992,0.9097936713261134,0.8917520635870455
77.jpg,Normal,323.0375612745099,774.8206843521724,615.2398131127452,741.9194617454825,0.5575669549035505,0.5405050766203112,0.5498143985413734,0.5410757682931645,7.491819852941179,11.10961937716263,9.465854779411767,11.032572087658593,5.032702340930177,5.183361304006859,5.099916016142867,5.1808812606412324,0.25438580481834666,0.24670359955306578,0.2506567781735089,0.24722277372098775,0.5043667364312864,0.4966926610622164,0.5006563473816236,0.49721501759398595,0.9529052257128259,0.8872264481685589,0.9103095834869607,0.8920151532301119
78.jpg,Normal,325.59937193627457,776.6642983467896,618.2884957107842,747.1016378316033,0.5577202281541912,0.5420727358001611,0.5502999469211637,0.5411953777439618,7.531786151960786,11.126643598615916,9.487208946078429,11.079861591695504,5.032836174031881,5.180907066600476,5.096577038532758,5.176093790096012,0.2545765324071571,0.24689150728854897,0.2507843256931675,0.24754753474434832,0.5045557773003467,0.49688178401763633,0.5007837114894688,0.4975414904752651,0.9529727278352631,0.8880098919831917,0.9107025476726514,0.8922726417341551
79.jpg,Normal,327.4816329656863,779.402552864283,620.8302083333332,747.0718800461361,0.5586809584672514,0.5432563881253446,0.5497465143190735,0.5420413869973115,7.5740042892156865,11.157354863514033,9.512193627450978,11.100176855055748,5.033569457111641,5.1774792625860195,5.096882438178165,5.1787196429029425,0.25470694254838866,0.2470815345767258,0.2508834394185827,0.2476600119937309,0.5046849933853678,0.49707296705486387,0.5008826603293257,0.4976545106735504,0.9531964869954369,0.888794517272939,0.9112749220428545,0.8934074712136466
8.jpg,Normal,367.15194546568625,850.0228835063435,670.0028952205881,820.7219069588618,0.5324199777177789,0.5161911852879782,0.5257034001453795,0.5181481581516518,8.239568014705883,11.97025759323337,10.106939338235295,11.731610918877353,5.261259139636368,5.409681205782894,5.323524658451419,5.403279477351082,0.23010830830446077,0.2228431035825838,0.22643219099737794,0.2232499869848655,0.4796960582540373,0.4720626055753451,0.4758489161460578,0.4724933724242759,0.9521237066457762,0.8893079744087226,0.9126338313418207,0.8931236180917066
80.jpg,Normal,328.54448529411775,780.3073433294885,619.900750612745,745.3604152249133,0.5615724639415818,0.5443027170809368,0.5526607390476839,0.5440958979992797,7.560477941176472,11.172856593617839,9.51079963235294,11.061668589004226,5.022575271735109,5.168930952328205,5.086089689812775,5.165934692496247,0.2554801394746012,0.2476904660778001,0.2516655008740627,0.24845496865503316,0.5054504322627503,0.49768510734981825,0.5016627361824503,0.4984525741282045,0.9537339566651665,0.8903031593975876,0.9127088444042092,0.8952160538289974
81.jpg,Normal,329.39638480392165,781.5373010380624,617.8138633578433,744.6322952710495,0.5629638181105968,0.5453570087969919,0.553775435692554,0.5457582449816359,7.539154411764708,11.16421376393695,9.461443014705884,11.008765859284889,4.998209711665294,5.1474403178999735,5.062369266411252,5.143567317217046,0.2562230907940305,0.2484221089661637,0.2524325545097213,0.2489887927350568,0.5061848385659438,0.49841961133784024,0.5024266658028028,0.49898776812168133,0.954073039874701,0.8912202277872384,0.9138636625616144,0.896356921986625
82.jpg,Normal,331.02277879901976,787.6141330257592,620.4232536764705,747.6140715109573,0.5628024269247078,0.5450925174146981,0.5527050583436923,0.5453311318985651,7.545052083333336,11.216286043829296,9.512714460784315,11.040507497116494,5.003180433863962,5.153125111513525,5.069741579110239,5.150894192392448,0.2564924063677057,0.24879707077439378,0.25276209108557246,0.24919655643638672,0.5064507936292584,0.49879562024379664,0.502754503794419,0.4991959098754583,0.9537237328326001,0.8900835333565585,0.9132700795520136,0.8956657915244468
83.jpg,Normal,331.8704963235295,787.4077354863513,622.3135723039213,749.5320569011919,0.5617984221956435,0.5444891787004593,0.5519217433863961,0.5441976482086945,7.588327205882355,11.249088811995385,9.582291666666665,11.120861207227989,5.009033566247194,5.158982266152032,5.076133753802524,5.156658509949939,0.2574849702394361,0.24956452480864932,0.25383901652534463,0.25039470809514763,0.5074297687753805,0.4995643350046612,0.5038243905621725,0.5003945524235327,0.9534325182550518,0.8897032093794982,0.9126818983294638,0.8950086764231214
84.jpg,Normal,331.81034007352946,784.9050672818147,621.6806832107843,747.845505574779,0.5620822792961455,0.5437954133955232,0.5509977027916919,0.5437096971526489,7.5934283088235315,11.262806612841215,9.589751838235294,11.099023452518264,5.0159904149816645,5.165854723916287,5.085768964820455,5.161760589574273,0.2577226273163794,0.24993934696101414,0.2541066285822309,0.25066236228605776,0.5076638920746476,0.4999393432817767,0.5040899012896716,0.5006619241424873,0.9532073147350597,0.8895019798934014,0.9123326238147661,0.8947191817759513
85.jpg,Normal,332.1246783088236,786.3237062668205,622.1701286764708,748.3416070742023,0.5622328163856052,0.5444918539721666,0.5529848201789292,0.5449095959921423,7.592846200980394,11.248642829680893,9.543321078431376,11.053517877739331,5.006314056289413,5.1576570662099215,5.075553962065292,5.152604029223513,0.25871865160691665,0.250893264989466,0.255049277147574,0.2515554322184958,0.5086439340117177,0.5008924684894613,0.5050240362077572,0.5015530203462998,0.9530011230273396,0.8889202850995126,0.911960430441867,0.8942858116835558
86.jpg,Normal,333.8450520833334,790.924213763937,624.1666666666667,750.8885966935793,0.5625072488615362,0.5446948303174166,0.5530856725833416,0.5459628696010901,7.584757965686276,11.2879815455594,9.560876225490196,11.056163014225296,5.003288060260523,5.156984759981738,5.071757947300031,5.146662375416069,0.259450444240196,0.25164681871240774,0.25563686618709575,0.2521729971955009,0.5093627825432439,0.5016441155963137,0.5056054451715247,0.5021682956893047,0.9526959859418709,0.888125621395909,0.9115629148874725,0.8937885657132445
87.jpg,Normal,336.2650735294119,795.6852287581701,627.1154105392159,755.4950557477895,0.5631959585042381,0.5452066056274754,0.5529311977413768,0.5461447375126705,7.587591911764709,11.312356785851597,9.584037990196084,11.092349096501348,5.003979883032402,5.157520637094347,5.072031187895956,5.149858443766333,0.2594979136817871,0.25164883467616117,0.2558248613908264,0.25239025252908237,0.509409377300602,0.5016461249488141,0.5057913219805441,0.5023845663722984,0.9523065687854495,0.8873432523106523,0.911058772728271,0.8930335605088928
88.jpg,Normal,338.42383578431384,799.6336639753939,630.1802542892157,759.059300269127,0.5633389426358574,0.5458250541557482,0.5535708343217094,0.5452160206857285,7.629901960784315,11.358139177239522,9.629396446078431,11.137854671280273,5.0007340289481625,5.158363785108982,5.072058786865567,5.148260237555938,0.26002995310266036,0.25217406489474586,0.2562136387925842,0.2527468231616472,0.5099313219470445,0.5021693587772414,0.5061755019680271,0.5027393192914666,0.9519253583899703,0.8866078134792386,0.9104841753576428,0.8923614679645552
89.jpg,Normal,340.51694240196076,805.1205690119186,632.5884344362745,762.5971395617072,0.5635639973940979,0.5459460271612543,0.5539262072022065,0.5467913669229689,7.637622549019608,11.394617454825068,9.64263174019608,11.15600153787005,4.996287557058136,5.153329658103067,5.069063771576582,5.143800155076422,0.26056131423780055,0.25254524085832775,0.2565394028513671,0.2531335302528334,0.5104520685018336,0.5025387953763647,0.5064971893815079,0.5031237722994546,0.9516370355890377,0.8858514135453276,0.910158818521005,0.8918803110170489
9.jpg,Normal,368.51960784313724,849.0862591311031,664.443443627451,815.5315340253748,0.5331568528309778,0.5174971922470308,0.5266964177955155,0.518496846203091,8.240379901960786,11.93500961168781,10.026470588235295,11.694117647058821,5.255920437681603,5.405125652770398,5.314736503402711,5.395685717603854,0.23044724936303793,0.2231050917186347,0.22687054074942628,0.22375944815239038,0.48004921556340235,0.4723400170625338,0.47630929105931397,0.4730321851125887,0.9519065965730548,0.8893410759818879,0.9132885989206244,0.8937141649772546
90.jpg,Normal,338.5084712009804,807.5836524413686,635.2165134803923,763.4448442906576,0.5638258097933484,0.5456541288199265,0.5535176728426177,0.5460562310826252,7.631387867647058,11.442814302191463,9.685539215686276,11.191188004613611,4.993226003974805,5.152762279816899,5.067561233123837,5.142557283133283,0.2610466703292454,0.25299332392341345,0.2570978806322239,0.25358145284966394,0.5109272652043981,0.502984417177524,0.5070482034602074,0.503568717107868,0.9518333542369741,0.8852899919711377,0.9096184685222891,0.8915595134281984
91.jpg,Normal,337.2208639705883,812.3355324875047,640.8001225490195,765.9907420222992,0.5634552110636786,0.5462616087302883,0.5538383583584846,0.5471271548279054,7.639613970588238,11.472079969242596,9.73204656862745,11.191787773933104,4.996525754724578,5.154079906365618,5.0725627831468945,5.144579712500226,0.2611550702685716,0.2532242032128829,0.2570654902298693,0.2537040636043187,0.5110333357703503,0.5032138742253466,0.5070162622933009,0.5036904442257354,0.9519693210900797,0.8845014138357684,0.9087342167525809,0.8910907572298924
92.jpg,Normal,339.04399509803926,817.1664744329107,644.4121629901961,769.0931487889272,0.5639372438471175,0.546310118624703,0.5534400250579434,0.5477049130313599,7.648284313725492,11.50203767781623,9.763572303921567,11.188219915417147,4.999341682055867,5.157047741612333,5.073920057568774,5.145950899522674,0.261324076053043,0.25332978694941977,0.2572634897081725,0.2539490781722523,0.5111986659343342,0.503318772697204,0.5072114842037515,0.5039336049245499,0.9516787369461881,0.8837407146281496,0.90816084044418,0.8905801661471271
93.jpg,Normal,341.31332720588244,820.658685121107,645.5772824754902,770.5683506343714,0.5626084355972569,0.5454098109941381,0.5536403163421035,0.547495824085628,7.683363970588237,11.53016532103037,9.807061887254902,11.220407535563247,5.001207205912734,5.15757056260227,5.079730735040105,5.147811342018616,0.26172833857376804,0.25372935704349353,0.2575083920406587,0.2542714953184687,0.5115939196020297,0.5037155517189176,0.5074528471106047,0.5042534038739538,0.9513413309194123,0.8832114064081572,0.9079684884068695,0.8903398019559209
94.jpg,Normal,341.8843137254903,820.8930718954249,644.7688725490195,769.7874048442909,0.5634736853288996,0.5451083253360299,0.5535858859488247,0.546133041746416,7.698835784313728,11.55537101114956,9.796691176470588,11.23700115340254,4.998935426868994,5.155022453268451,5.071980923954619,5.1465166750556595,0.26218099474586093,0.25413038861668696,0.2580516254640642,0.25470454391525105,0.5120361264069763,0.5041134679977187,0.5079878201926343,0.5046826170131591,0.9512209114848359,0.8830855278174099,0.9080099549656354,0.890364176271619
95.jpg,Normal,345.302542892157,821.5415609381008,642.6968137254903,768.1993387158785,0.5636011113244183,0.5450966748217354,0.5536247810751804,0.5468178587518868,7.750367647058827,11.569734717416377,9.814001225490198,11.251764705882355,4.999707103230341,5.1526542039797665,5.071880829405195,5.141932189006484,0.2622750677323627,0.25428555645279444,0.2580982694878848,0.25478280074753135,0.5121279798374256,0.5042673462091259,0.508033728691201,0.5047601417975981,0.9506285256215843,0.8827453847166433,0.9081106459429235,0.8903586596164352
96.jpg,Normal,344.58987438725507,815.5942945021145,637.3365196078431,763.2105036524414,0.5625345626553384,0.5463699856954201,0.5527111008336968,0.5462280862071897,7.740150122549022,11.502268358323718,9.79393382352941,11.236524413687045,4.995087202050553,5.150185704411541,5.068536761689229,5.139800252246262,0.26216572222916834,0.2541154552540272,0.25802072632821493,0.25475212198425445,0.512021212674991,0.504098656270801,0.5079574060176847,0.5047297514356118,0.9505456362670404,0.8831578045419707,0.9085353728405385,0.8906623164917837
97.jpg,Normal,342.5157475490197,810.2038600538251,634.6193321078431,759.6076585928486,0.5638695442200438,0.546500030467005,0.5532764231242236,0.546739735208464,7.713817401960785,11.473710111495574,9.769607843137255,11.196339869281042,4.995818462754698,5.150030784278452,5.069643794432977,5.1400721617919185,0.2621023021024815,0.25419278215089247,0.2580356848693635,0.25478258541024845,0.5119592777775216,0.504175348614837,0.5079721300124285,0.5047599284910089,0.9506800622052439,0.8835447799658408,0.9086232741366169,0.8908172604667842
98.jpg,Normal,340.6598958333333,806.2944867358709,631.4277113970588,754.1519876970399,0.5628014604544431,0.5468385422415121,0.5540882829460294,0.5476803751401096,7.7159620098039206,11.465113417916188,9.759604779411765,11.16753556324491,4.991107120646081,5.1471428878017385,5.0671356500364695,5.137387529820374,0.26244811859189526,0.25454957947295287,0.2584248441808363,0.2550932761938632,0.5122969047260536,0.5045290670248374,0.5083550375287298,0.5050675956680087,0.9507347421332681,0.8836049685107844,0.9086888062882252,0.8911321535745454
99.jpg,Normal,339.31832107843144,803.6019223375623,630.6674172794118,751.0246366782004,0.5636215761240317,0.5479168623038189,0.5538625932579807,0.5472206358695489,7.697671568627452,11.400922722029986,9.726516544117645,11.153787004998073,4.989040096655798,5.141997238443402,5.063149257008607,5.134734341929713,0.2627295550764729,0.2547207309878891,0.2586283216876096,0.255357805451752,0.512571512158521,0.5046986536418431,0.5085551314140971,0.5053294029163077,0.9507986355275585,0.8836869400202685,0.9085569728537012,0.8912969578792104
Normal- (256).jpg,Normal,325.55297181372555,788.3876047673971,695.2848345588233,793.6883352556706,0.7118652997493393,0.6978973007584284,0.702875126710328,0.6975189450713785,5.713878676470589,8.831034217608611,7.946323529411762,8.860684352172239,3.4951809133083858,3.6160868459225375,3.5646546390307075,3.615509771439754,0.4438081951794007,0.4350016401877784,0.4384316800714041,0.4352652201168888,0.6661893088149949,0.6595465413356197,0.6621417371465147,0.6597463301276398,0.9652256290798875,0.9159389204911597,0.9256846176637636,0.9153737351377432
Normal- (257).jpg,Normal,328.83137254901976,791.8144713571704,696.5349264705884,795.8882583621682,0.7119576646778952,0.6970002659798574,0.7019531938771135,0.6979777713748205,5.74200367647059,8.84155324875048,7.981433823529413,8.895501730103806,3.496430436213983,3.6157106479761376,3.5655054395998693,3.6172854799700827,0.44387032150626426,0.4350833003187933,0.4385745866974241,0.43530692601742343,0.6662359353159092,0.6596084446994241,0.6622496407680597,0.659777936898032,0.9648284402928327,0.9154606797709923,0.9254512801635436,0.915025735479598
Normal- (258).jpg,Normal,329.93014705882365,794.2341099577086,697.1647824754904,795.7053594771244,0.7116406671840744,0.697621873963711,0.7017728052493042,0.6978894195679403,5.76951593137255,8.878908112264515,8.011075367647061,8.913694732795081,3.505686582769401,3.624275381114351,3.5764035155888982,3.626015775615704,0.4439706621533033,0.43532683377774,0.43873480058000525,0.43544746629109765,0.666311235199665,0.6597930234382143,0.6623705915724257,0.6598844340421265,0.9647708078656065,0.915346574878357,0.9255106800025201,0.9151897617807259
Normal- (259).jpg,Normal,327.80566789215686,795.5050519031138,697.839705882353,793.3089119569397,0.7125101695093313,0.6980328258733052,0.7022547310232998,0.6985277703867617,5.75015318627451,8.904452133794692,8.016911764705881,8.89676278354479,3.499445701328174,3.6209733299760716,3.572661048442513,3.6209930836465354,0.4448332274780507,0.4361224952222406,0.4395722012811328,0.4364883132962344,0.6669581902023924,0.6603957110871032,0.6630024142347695,0.6606726218757929,0.9651082568348767,0.9154792263437682,0.9256742556820937,0.9157125616907456
Normal- (260).jpg,Normal,323.58131127450986,791.2138254517492,697.5221047794116,791.1855901576319,0.712845284502715,0.6984068180465945,0.7033743542560941,0.6988107563348683,5.700428921568629,8.877247212610534,8.005867034313725,8.86328335255671,3.5011031691742573,3.623130531500896,3.5707727442851898,3.6216160865191678,0.44477102617720654,0.43618213016878565,0.43963179092964527,0.4363846176928076,0.666911557987419,0.6604408604627561,0.6630473519513107,0.6605941399170958,0.9656485142976045,0.9161563844666082,0.9259035021068222,0.91615937651385
Normal- (261).jpg,Normal,321.99693627450984,789.6452595155713,697.7568780637255,791.3433448673586,0.7130103395693684,0.6994771657636829,0.7031699589139275,0.6986528239269135,5.6785539215686285,8.854117647058825,8.006510416666668,8.86466743560169,3.4981494566967424,3.618268360553617,3.5699531304308327,3.6203998391683974,0.4456530000245924,0.4370786411224146,0.44052762944897234,0.437199888192531,0.6675724679947431,0.6611192336654672,0.6637225545730477,0.6612109256451613,0.9659375063065719,0.9166183251293047,0.9261403931420599,0.9164390177770487
Normal- (262).jpg,Normal,320.91856617647056,787.749265667051,697.5526960784312,791.225282583622,0.7129628365817196,0.6989639665033411,0.7034618606839221,0.6988653469397155,5.67107843137255,8.852533640907343,8.01035539215686,8.870157631680126,3.4935103179973592,3.615705804218083,3.568227768777154,3.6162762110987385,0.4464484682123461,0.43778998779193695,0.44121807903566923,0.4381550345067354,0.6681679940047608,0.6616570016193715,0.6642424851179494,0.661932802108141,0.9661792224128207,0.917131890081283,0.926439999980071,0.9167662268373095
Normal- (263).jpg,Normal,321.20468750000015,788.6360476739715,698.9054687499998,792.2997770088425,0.7133699189142101,0.6990749292511508,0.7040634675180052,0.6994852695859008,5.6893382352941195,8.878508266051519,8.028569240196076,8.892625913110338,3.4941202701738163,3.6154297795882013,3.5685028051881877,3.6177135121683497,0.44667484657437223,0.43795326737520446,0.44148518340489507,0.43833991356649965,0.6683373748148252,0.6617803769946676,0.6644435140814418,0.6620724383075463,0.9662447011218669,0.917273452065,0.926505794714002,0.9168891332384181
Normal- (264).jpg,Normal,322.7188419117648,790.5071741637832,699.2971660539217,794.2863667820068,0.7132648579554124,0.6991470931276464,0.7033820110067849,0.6987951041068211,5.701623774509805,8.906159169550174,8.035952818627454,8.895424836601306,3.495848284401246,3.6178964704570746,3.5678543346505096,3.618274458104937,0.4467354302441144,0.43801372086357804,0.44152503143040706,0.43831845646566886,0.6683826974451945,0.6618260503059532,0.6644734994192071,0.6620562336128774,0.9661578599021888,0.9172540417127415,0.9266213628415194,0.9168584565429074
Normal- (265).jpg,Normal,324.3051776960785,791.0862898885043,697.5730392156863,794.3894502114571,0.7135430772715802,0.6996900995958792,0.704242831369864,0.7006856920533787,5.71295955882353,8.896086120722797,8.015226715686275,8.880123029603997,3.4910021055315346,3.6142470713458827,3.5659469560477692,3.6138127258071857,0.44769509098063254,0.4389271380998139,0.4424183039388394,0.43921234777798873,0.6691002099690543,0.6625157644160733,0.6651453254280898,0.6627309769265269,0.966040255917605,0.9173120919928583,0.9269070742537825,0.9169668307736867
Normal- (266).jpg,Normal,324.1178308823529,792.5832525951556,698.2664828431374,794.5063898500575,0.7127724157050414,0.698550494919214,0.7029179766945447,0.698426041334754,5.73014705882353,8.921214917339483,8.034313725490197,8.9118954248366,3.5000050479042555,3.6207527839644857,3.573790187202371,3.6233973694668977,0.44750575938622605,0.43882067716835,0.4422300632803864,0.43910404920711127,0.66895871276651,0.6624354135825997,0.6650038069668371,0.6626492656052003,0.9661009728240616,0.9172560152605954,0.9269230214767703,0.9170552438726682
Normal- (267).jpg,Normal,323.7017156862746,794.3215071126489,700.9978553921569,795.4076124567475,0.7125444269735272,0.6975756852486232,0.7027748188220238,0.6982001362733413,5.741881127450981,8.940930411380236,8.06063112745098,8.91444828911957,3.5078888779417823,3.630282755872705,3.579805842254138,3.6287251648069696,0.4475710675900646,0.4387441662117651,0.4422353013686516,0.4392337811101252,0.6690075243149846,0.6623776613169899,0.6650077453448581,0.6627471471912385,0.9660368194230307,0.916809825911481,0.9264030983801916,0.9166960768919155
Normal- (268).jpg,Normal,323.8117647058825,799.7769319492503,705.5940410539217,797.8240522875819,0.7109080950217822,0.6964919356241807,0.7018326745394274,0.6970151608940817,5.7591911764705905,8.98563629373318,8.087576593137257,8.935378700499811,3.5154880194115234,3.63756774091162,3.587693725293233,3.6347861826301964,0.44757716887641646,0.4386911902839249,0.4422416475230755,0.43930372954181257,0.6690120842529053,0.6623376708929705,0.6650125168168457,0.6627999166730579,0.9658682584358776,0.9158502701071942,0.9255773654141612,0.9160557452709276
Normal- (269).jpg,Normal,323.40453431372555,801.9342714340637,706.0416053921572,796.2661745482508,0.7105937864919566,0.6955380521061802,0.7006878474721797,0.6962674749971971,5.743658088235295,9.003798539023451,8.099846813725494,8.922506728181471,3.517396998908426,3.6440420220208107,3.5921349226366166,3.63872179240082,0.447223801251697,0.4382991793444124,0.4417256493661919,0.4389103551542666,0.6687479355121009,0.662041674930221,0.664624442347851,0.6625030982223906,0.9657285557555626,0.9151709579494532,0.9251310777359455,0.9157705323113435
Normal- (270).jpg,Normal,324.70643382352944,803.5703806228371,707.2175857843139,795.3638446751248,0.7102018825366253,0.695937237958535,0.7010433653304127,0.6968505982631068,5.770557598039217,9.028650519031139,8.119791666666668,8.922106881968473,3.5171237300814107,3.642226538828696,3.5925006334338745,3.638196627177548,0.44738552376564905,0.43848041706373503,0.4417839428682779,0.4391124688830381,0.6688688389853792,0.6621785386613908,0.6646682953686582,0.6626556186157619,0.9654065185505549,0.9145427060843992,0.924604812892468,0.9154154465081676
Normal- (271).jpg,Normal,325.18688725490205,804.4741560938098,706.586887254902,794.2986851211076,0.7101121707895578,0.6955844771055036,0.7008619713622259,0.6967964894242802,5.760477941176472,9.016347558631292,8.115196078431373,8.904206074586702,3.5156595793860594,3.638673902616352,3.5904928959157734,3.635817596329813,0.44785605612831464,0.438827178320348,0.44239386723161594,0.43939717031319564,0.6692204839425603,0.6624403205726143,0.6651269557247067,0.6628704023511652,0.9652268470934461,0.9141294411650426,0.9243927393144658,0.9152155834260668
Normal- (273).jpg,Normal,328.3712009803922,809.250672818147,707.9692555147058,794.8770626682044,0.7113859886394446,0.6968577941020078,0.7026346801213423,0.6981224790527247,5.782230392156864,9.053087274125337,8.127987132352942,8.92141484044598,3.5087594762078496,3.634150830946044,3.58372377761333,3.6309137423805202,0.44778408192799946,0.438835278124035,0.44238343552322096,0.4394664406866844,0.6691667071276032,0.6624464341545171,0.6651191137858098,0.6629226506061505,0.9648154540520911,0.9134462799778177,0.9240924587527103,0.9149836150340787
Normal- (274).jpg,Normal,329.138449754902,809.8149942329874,706.6154718137252,793.5155094194539,0.7128743830077023,0.697467354781751,0.7033353170145294,0.6982980221357541,5.766329656862746,9.046243752402923,8.106433823529409,8.894948096885813,3.5021960919316895,3.6273993774457787,3.574991290758784,3.6208310098345127,0.44792166727866084,0.4388886328137183,0.4424787564334476,0.4395796423491333,0.6692695027256664,0.6624867038769294,0.6651907669484353,0.6630080258557458,0.9648738355290273,0.9137317321798922,0.9245397768307909,0.9154680896581279
Normal- (275).jpg,Normal,329.9722426470588,811.5171395617069,706.7670036764703,793.7380392156862,0.7132326613742368,0.6990439404701496,0.703932782831552,0.6996859350818667,5.777052696078431,9.034156093810072,8.098131127450976,8.884859669357937,3.4972299186835336,3.619407657422387,3.5674862164164303,3.615304622080104,0.44767189198940915,0.4388629672348241,0.4422118971669544,0.4394137673662613,0.6690828737827693,0.662467332956746,0.6649901481728541,0.6628829213113439,0.9647439857949367,0.9134505000493691,0.9244361235775856,0.9153466673260718
Normal- (276).jpg,Normal,332.3620404411765,815.1471126489814,708.8550398284312,797.1758093041135,0.7135524303896486,0.6985937458490256,0.7043578427387337,0.6998574574489681,5.799203431372549,9.062991157247216,8.111626838235292,8.915171088043056,3.495470724416147,3.6182687971980756,3.567115633649283,3.6137046014038097,0.44813997473271233,0.4392490422679239,0.44273876373513904,0.4397576690478225,0.6694325766891781,0.6627586606510124,0.6653861763931822,0.6631422690854675,0.9643996769365621,0.912845686942884,0.9240230212688764,0.914767151882719
Normal- (277).jpg,Normal,332.27012867647056,813.7989081122648,710.1673406862745,799.8582391387929,0.7124918321330777,0.6997049448468742,0.7043183455951614,0.6988022374917376,5.817310049019608,9.054302191464824,8.123498774509804,8.928965782391389,3.4983855754413744,3.6188409521804825,3.569139568841844,3.6151571864529632,0.44772789755311193,0.4389612658071799,0.4423904968050523,0.43934721300963564,0.6691247249602363,0.662541520062841,0.6651244220482754,0.6628327187229336,0.9643846735326456,0.9129290350699072,0.9238291644979083,0.914420592120662
Normal- (278).jpg,Normal,333.5659007352942,815.6591926182239,711.8202052696081,802.0304959630914,0.7122022673749036,0.6984808428803316,0.7036810869362118,0.6986840050141577,5.830484068627452,9.074925028835064,8.13962928921569,8.938515955401773,3.5079244635497915,3.6294452526047594,3.5767349036133353,3.623165692652691,0.44724823455634555,0.43858649154696205,0.4420962282713906,0.43911562172358226,0.6687662032103189,0.6622586288958129,0.6649031721020667,0.6626579975549848,0.9641486239313977,0.9124924314211711,0.9234440344248989,0.9139545789920959
Normal- (279).jpg,Normal,334.4434742647059,816.1574163783157,712.7124080882354,803.6906728181466,0.7110455661391356,0.6977726078446004,0.7029848631897473,0.6985415399025201,5.84188112745098,9.094809688581313,8.167922794117647,8.966151480199919,3.516523705750757,3.6372464780134104,3.5867930157670056,3.6333066599929005,0.44672997450837704,0.43819515121575814,0.4416220614892709,0.43876409478447076,0.668378616136376,0.6619631041196768,0.6645465081461726,0.6623927043563137,0.9639462512739387,0.9121757057284943,0.9231175924474517,0.9135172152621505
Normal- (280).jpg,Normal,337.2194852941178,818.4588542868128,713.8360447303921,806.2401691657055,0.7113962212129662,0.6970278202033466,0.7016603858670473,0.6979425851324121,5.862316176470591,9.123798539023454,8.19342830882353,9.003844675124952,3.51983038711533,3.6451270537215965,3.593657212500189,3.640101034616295,0.44688765018731547,0.43824929665800033,0.44167616407488997,0.4386766185365371,0.6684965595927292,0.6620040004848916,0.6645872132947563,0.6623266705610888,0.9635689000462563,0.9117388450203984,0.9228307737240793,0.9130564864088108
Normal- (281).jpg,Normal,338.7366727941177,822.0902268358323,715.5347579656863,809.6006305267204,0.7109324042522486,0.6978868911767888,0.7026973195932797,0.6977772047402708,5.880085784313726,9.1439446366782,8.205039828431373,9.040138408304497,3.5179345002646984,3.6416005412018713,3.590602102054424,3.6355290503764506,0.44752119557851083,0.4388398211376127,0.4423284223381256,0.4394719583350145,0.6689702501445867,0.6624498631123813,0.6650777566105527,0.6629268122010261,0.963373274088258,0.9112705975259449,0.9225798659124387,0.9126186179517749
Normal- (282).jpg,Normal,340.9040134803922,827.2921645520954,719.3239736519607,814.7777470203766,0.7118299844350303,0.6979180416407591,0.7024881500637737,0.6988500585378788,5.915655637254902,9.184175317185698,8.248606004901962,9.118446751249518,3.511437539399844,3.635894768249156,3.585172072426155,3.632541068261184,0.4486079773395073,0.43985938014258547,0.4433489848264863,0.44032890505396644,0.6697820371878506,0.6632189533951706,0.6658445650649154,0.6635728332699934,0.963153536755715,0.9107448003457336,0.9222006122734547,0.9120949604018911
Normal- (283).jpg,Normal,343.4266850490196,831.7876355247981,721.8476256127451,819.5912802768163,0.7111225026171909,0.6980436503144147,0.7036534810963107,0.69881281342094,5.954718137254902,9.217239523260282,8.258103553921568,9.150280661284118,3.515903827765665,3.634390464604115,3.5848805681572085,3.635426089374832,0.44879023486309333,0.44006189510112087,0.44361287775153313,0.4406124187588806,0.669918080710689,0.6633716116183453,0.6660426996458508,0.6637864255608731,0.9628796763713611,0.9102568014147041,0.9219247628010243,0.9115726900914406
Normal- (284).jpg,Normal,344.9092524509805,832.3391772395232,720.8102175245099,820.4212072279893,0.7110169885393915,0.6982070472600304,0.7032252630561231,0.6986781751633334,5.986182598039217,9.234186851211073,8.26104473039216,9.148342945021145,3.5159607212071204,3.633927836378056,3.5841782003087883,3.63365424913475,0.4491009393594486,0.440513563455099,0.4438812395482281,0.4408190948945937,0.6701499379686972,0.6637119581980567,0.6662441290910023,0.663942087003523,0.9627125427300285,0.9101809007927565,0.9220225623824615,0.9114669886762625
Normal- (285).jpg,Normal,345.64641544117654,836.5887735486351,722.7848498774508,822.4724798154557,0.7115519612048348,0.6984237982165113,0.7027435563632333,0.6988692209619916,6.012040441176472,9.253287197231831,8.286259191176468,9.168366013071896,3.513738115785766,3.629954298828593,3.581699414635993,3.6306101037696736,0.4493279798156434,0.44073729156014707,0.44424837880206053,0.4414308892817818,0.670319311832535,0.6638804798758186,0.6665196012136931,0.6644026559863995,0.9626070940025184,0.9096605132201229,0.9217551867878103,0.9111848687594404
Normal- (286).jpg,Normal,348.60625000000005,843.4958400615146,726.0995557598039,827.707635524798,0.7127586704495982,0.6981533825970694,0.7035823979515433,0.6991627309591619,6.029381127450981,9.316339869281045,8.319378063725491,9.201830065359477,3.5087253844255284,3.627427677661264,3.576014912512597,3.623689810431917,0.45033626123741477,0.4416367633127232,0.44516801434450537,0.4422088655163384,0.6710709807743253,0.6645575696000484,0.6672091233972339,0.664987868698624,0.962262756676603,0.9088565151728519,0.9213458899140732,0.9105625010382183
Normal- (287).jpg,Normal,350.2126838235294,848.5056209150328,729.7172794117648,830.9233064206078,0.7132450086373666,0.6986825057891363,0.7033543424279657,0.699972799594651,6.0280330882352935,9.356401384083046,8.340594362745101,9.204490580545947,3.508181911657368,3.628935595318079,3.5776546087648344,3.6217427611936364,0.45037829007886077,0.4415567679363851,0.44510893015438024,0.44218965828214135,0.6711022947948105,0.664497379931919,0.6671648448130194,0.6649734267488749,0.9620783543838697,0.9082902062135896,0.9209322708697781,0.9101905712752056
Normal- (288).jpg,Normal,349.87331495098044,850.808642829681,731.693351715686,831.0328950403689,0.7125440877415292,0.6984439735813556,0.7035520561958785,0.6994205626084155,6.034957107843137,9.400353710111496,8.374754901960783,9.218669742406766,3.512801568723569,3.6328550630060414,3.5804716417963753,3.62742006204948,0.4506431546150743,0.44184114630149196,0.44527049051803214,0.4425144386988648,0.6712996012326198,0.6647113255402618,0.6672859136217639,0.6652175874846251,0.9621040637222179,0.9080148301741802,0.9206951635179826,0.910152884993161
Normal- (290).jpg,Normal,350.3763786764707,855.2959323337175,733.0749387254905,827.7050980392154,0.7131976975986898,0.6980073906309852,0.7034101859825138,0.6998717480721212,6.0469975490196095,9.435324875048057,8.376164215686279,9.203137254901957,3.5080988118975363,3.6308943614867566,3.5783638757852945,3.624427862486668,0.4513633797838796,0.4425750493444315,0.44598307373797796,0.4429848419876952,0.6718358279995787,0.6652631429325027,0.6678196416233787,0.6655710645661327,0.9620611766704458,0.9075579492368414,0.9205693929126099,0.9105400203633702
Normal- (291).jpg,Normal,350.1322916666668,854.682860438293,732.9018841911766,827.9420376778162,0.713320296073669,0.6983473292301966,0.7034471648704034,0.6994369911042799,6.058057598039218,9.4321414840446,8.380009191176473,9.201276432141483,3.5133995383885,3.6357745756957778,3.583316441783626,3.6279962610955936,0.45123481313433383,0.4425288742197016,0.44593625019899197,0.44302178693582034,0.6717401380997966,0.6652284376210187,0.6677845836787429,0.6655988183101141,0.9621382759840769,0.9077479243842321,0.9206942911968139,0.9106342539428501
Normal- (292).jpg,Normal,350.54938725490206,854.5073279507883,732.7880667892159,827.9320415224915,0.7124894389449736,0.6986623550223355,0.702870204028996,0.6998967641354875,6.066390931372551,9.447643214148405,8.39042585784314,9.210841983852365,3.510996153891477,3.632491905163157,3.5811926207935296,3.6251926799589493,0.4521392413956621,0.44328532275685517,0.44671203671946336,0.44387977758532215,0.672412999127517,0.6657967578449562,0.6683651971186586,0.6662430319225277,0.9621208987357831,0.9078347447626217,0.920764774688981,0.910701095906203
Normal- (293).jpg,Normal,351.0289522058823,856.5552172241446,733.1953278186276,827.2353556324491,0.7123802699508897,0.6983444160310478,0.7036119607783986,0.6991300158938044,6.090134803921568,9.470957324106113,8.389261642156864,9.228404459823146,3.514912588545423,3.636100201239466,3.5826051401582033,3.6279754241566464,0.45225992040696483,0.4435696114867835,0.4469345972749738,0.4439788250489525,0.6725027289215746,0.6660102187555259,0.6685316726042034,0.6663173606090063,0.9620740586891063,0.9076268376813745,0.9207316728005482,0.910788768493899
Normal- (294).jpg,Normal,348.71691176470614,854.5962937331794,731.0595894607847,822.321322568243,0.7124592527228654,0.6978010690406494,0.7035533765574933,0.6993425591069374,6.08915441176471,9.47657054978854,8.382138480392161,9.20950403690888,3.5150510006613125,3.639919212146877,3.5843048742106287,3.629535882888711,0.45226152560106886,0.4434891128290199,0.4468759307802664,0.44391928600495356,0.6725039223685382,0.6659497825129309,0.6684877940398511,0.6662726814187668,0.9623164383920835,0.9078202017404329,0.9209470464314727,0.9113014950161397
Normal- (295).jpg,Normal,350.1704656862746,858.3614455978469,731.285462622549,820.3258592848904,0.7138255766547278,0.6988389549708081,0.7044688564151331,0.7004530534257185,6.088970588235295,9.501899269511725,8.368795955882351,9.1679046520569,3.5089885013333033,3.631456301328271,3.574007438110172,3.6199672640062963,0.4530904491971612,0.44418965242865643,0.44763808916642633,0.44476361710465057,0.6731199367105102,0.6664755452592814,0.669057612740806,0.666906003200339,0.9621312506504363,0.9073453844285675,0.9208636733709673,0.9114510821459276
Normal- (296).jpg,Normal,350.0896139705884,859.2420761245676,729.4980392156863,817.605290272972,0.7140913416233055,0.6993423145701206,0.7051340416703197,0.7015969166612228,6.073253676470591,9.492349096501346,8.339828431372549,9.127843137254903,3.5002520225618134,3.6235962334790823,3.564766995301571,3.6108575651929886,0.45299752663301085,0.4442582452169566,0.44764577394079946,0.4448127414396112,0.6730509093917122,0.6665270026165157,0.6690633557001904,0.6669428322124852,0.9620398952760352,0.9070053923691468,0.9208483658173694,0.9115116853811729
Normal- (297).jpg,Normal,350.55284926470586,859.4460592079968,729.8839154411767,819.2918723567857,0.7141481341393465,0.6999442903076962,0.7054109981332842,0.7013170758368056,6.080667892156861,9.486043829296424,8.346017156862747,9.134302191464819,3.4957803225226405,3.61490021713361,3.5620547478263083,3.6064720409139723,0.45367742459987553,0.44479130775271863,0.44838220850773286,0.4455293382709543,0.6735558065965103,0.6669267634101353,0.6696134769460161,0.6674798410970584,0.961851814528663,0.9066460152091609,0.9205190664712806,0.9110076075492908
Normal- (298).jpg,Normal,350.95931372549035,856.5557093425606,727.6181219362744,819.5127566320646,0.7144731149003309,0.7004447483467161,0.706121924328897,0.7021062300627154,6.083915441176472,9.467912341407153,8.331541053921569,9.140991926182236,3.491285087071671,3.613066849597025,3.554684879507179,3.60236860127372,0.454300405816911,0.44551309680229745,0.4488371093233746,0.44604631141040735,0.6740181049622562,0.6674676747246248,0.669953065015285,0.667866986315694,0.9616794462289345,0.9066473722525308,0.920499415179317,0.9106845375382588
Normal- (299).jpg,Normal,352.8221200980393,856.7797308727411,726.9340073529411,819.7122645136487,0.7155651214996489,0.7013503355682544,0.7068339306637822,0.7028892661714168,6.080269607843139,9.465620915032678,8.32873774509804,9.122583621683969,3.4841224225729728,3.6085103128690856,3.55242393088912,3.5952964085503396,0.4542642818511059,0.4453932137714754,0.44880108954676384,0.44603351108119327,0.6739913069551461,0.6673778643103736,0.6699261821624557,0.667857403254013,0.9613625838198812,0.9063476560996784,0.9203397977697919,0.9103994035697537
Normal- (300).jpg,Normal,353.28094362745105,854.3077893118033,725.358425245098,818.5542176086121,0.7160028510224781,0.7023074290064123,0.7068203743901798,0.7033455678135082,6.066789215686276,9.435540176855056,8.318688725490196,9.111203383314113,3.4795601939180627,3.60302948157651,3.5472475532479963,3.5921285102527434,0.4548211244013345,0.44588735418208575,0.4492750700085676,0.4464859072775518,0.6744042737122404,0.6677479720538924,0.6702798445489523,0.6681960096240861,0.9611668594999392,0.9062661747714686,0.9202130118589342,0.9101890221143716
Normal- (301).jpg,Normal,352.35716911764706,853.7092964244521,726.7996476715686,819.8549327181852,0.7157747352763325,0.7027676104329712,0.7070569722201702,0.7029192671379093,6.055882352941176,9.426297577854669,8.346920955882352,9.143360246059206,3.480209927215932,3.601731530328436,3.5469348189131997,3.5924276333200913,0.4554414025658324,0.44660750910431174,0.4499126794823129,0.447041092910617,0.6748639881974977,0.6682869960610573,0.6707553052211461,0.6686113167682828,0.9610123050316823,0.9057120561438698,0.9195253924569254,0.9094511021608108
Normal- (302).jpg,Normal,351.5946691176471,849.8049980776625,722.5244791666667,815.6364782775854,0.7159463553783582,0.7027499128317095,0.7077064055120386,0.7033826731482689,6.050735294117647,9.392787389465589,8.305422794117646,9.117939254133024,3.481075728900951,3.6025103035526285,3.5454899761564906,3.591842851736647,0.4554583966681607,0.44666750282807544,0.44993105526476435,0.4470808532074655,0.6748765788410209,0.6683318807509301,0.670769002909917,0.6686410495979629,0.9607881993765566,0.9053980463861653,0.9193635540770156,0.9092017528040992
Normal- (303).jpg,Normal,353.69941789215693,846.9454671280278,719.1929074754903,816.358339100346,0.715686794629995,0.7026918921200892,0.7064265004632504,0.7033380516244038,6.068535539215688,9.376501345636294,8.307061887254905,9.139915417147252,3.4774644531531216,3.5983648965005055,3.5458443451579624,3.5906730802919187,0.4556651522626513,0.4468328294754285,0.45017731874459344,0.44736761329042546,0.67502974176154,0.6684555553478694,0.6709525458216798,0.6688554502210664,0.9603158401976623,0.9051476141099931,0.9192511971194735,0.9085731735864334
Normal- (304).jpg,Normal,354.27996323529425,841.1523106497502,715.5046109068628,816.4263744713573,0.7161846981243721,0.7028410578156252,0.7076885287637426,0.7029903083740034,6.054595588235297,9.331103421760861,8.271124387254904,9.138685121107267,3.476947312140107,3.594781577578069,3.5437126588116277,3.5889151780100166,0.4553979317365545,0.44671133502167926,0.4499529529470336,0.4473073451032718,0.6748317803249596,0.6683646721825438,0.6707853255304812,0.6688103954808655,0.9600833237163243,0.905399462376209,0.9193268795674822,0.9081802748712975
Normal- (305).jpg,Normal,355.65110294117665,842.8162399077278,717.6579350490194,821.0110572856593,0.7164227488330781,0.7029851904552326,0.7077806319548445,0.7030633589278795,6.058915441176474,9.329950019223377,8.272303921568625,9.1678277585544,3.4687455887435723,3.5926805066808103,3.537997214873258,3.585437607390149,0.4566524545800821,0.4477113738970947,0.4510760356077361,0.44839131076814986,0.6757606488839685,0.6691123776295688,0.6716219439593499,0.669620273564167,0.9599587241911969,0.9052832977195266,0.9191445323975158,0.9077337903569394
Normal- (307).jpg,Normal,361.6012867647059,850.0915494040751,727.496737132353,837.8285736255287,0.71597701765817,0.7031606685401319,0.7071228830937099,0.7032248010639166,6.122120098039216,9.373579392541327,8.334941789215687,9.29059592464437,3.474575430671077,3.592148101959688,3.5406137571543987,3.589468411575868,0.45730054304628165,0.44874913924952076,0.45194701972442225,0.44897512325206607,0.6762400040268851,0.6698874078899534,0.6722700497005815,0.6700560597831096,0.9591932561471058,0.904240647457115,0.9178427088918489,0.9056220217592428
Normal- (308).jpg,Normal,363.1153186274511,852.4674356016916,729.5384957107843,841.0518262206848,0.7155693568599346,0.7018839237722171,0.7056138231388586,0.7022902666294988,6.129564950980393,9.359707804690501,8.342539828431372,9.298193002691278,3.4764151693511396,3.592671567359649,3.5434825816715705,3.5914477310763955,0.457541976629519,0.4490717528126657,0.4522076133249906,0.44925718316425506,0.6764184922291222,0.6701281614830596,0.6724638379310747,0.6702665015978757,0.9589130236194902,0.9037167479106477,0.9173921880791517,0.9050061015561738
Normal- (309).jpg,Normal,363.4446384803922,854.7415455594003,730.4659466911764,841.706435986159,0.7154078476916528,0.7010223495887774,0.7061009511162787,0.7017399676507975,6.127144607843138,9.372748942714342,8.348728553921568,9.291395617070357,3.479337306957376,3.595742402019466,3.5458761245339137,3.5950732808734553,0.45774133408725004,0.44912741070073164,0.4522408386488594,0.44925059355959984,0.6765658386936559,0.6701696879900878,0.6724885416487476,0.6702615859197063,0.9586487052607578,0.9029260636625486,0.9168297883025135,0.9044064753769885
Normal- (310).jpg,Normal,365.43137254901956,857.3158016147634,731.1393688725487,842.5155555555557,0.7138704260228961,0.7005059118457437,0.7048198213423997,0.7007850316546311,6.174969362745098,9.402691272587465,8.364460784313723,9.334901960784316,3.4866248513774707,3.6024815904689507,3.553113867012426,3.6029454891411827,0.45771563162211476,0.4490821227041146,0.45229771550643044,0.4493494067655936,0.6765468436273387,0.6701358986833302,0.6725308286661887,0.6703352942860711,0.9581027842100995,0.9018832832560373,0.9161115976969313,0.9035771183021162
Normal- (311).jpg,Normal,364.4564950980392,856.2738177623994,729.9310202205884,839.7684736639756,0.7134979354289122,0.6997638365965732,0.7044129888959922,0.7004889783638496,6.171844362745098,9.40341407151096,8.358287377450981,9.317262591311035,3.4902768554506522,3.6099394588663003,3.5586819821576494,3.60626171778096,0.45762927274252996,0.4489352170319848,0.4522528523199837,0.44934726403546604,0.6764830173348995,0.6700262808517177,0.6724974738391094,0.67033369603166,0.9578836178597856,0.9012258047140548,0.915586445832065,0.903129754183746
Normal- (312).jpg,Normal,361.0439338235296,851.5237370242216,724.4740349264704,830.3022068435217,0.7136523873445187,0.7002642300091838,0.7047509618777594,0.7010274630390069,6.150980392156866,9.364475201845448,8.314996936274508,9.238154555940024,3.4882624510067957,3.6039973415511746,3.5536870286819604,3.60108245758068,0.457774988018243,0.4493070051872812,0.45256325609910375,0.44955435287140755,0.6765907093791955,0.6703036663985072,0.6727282185987917,0.6704881452131779,0.9579679189341386,0.9010428146184074,0.9155938842761642,0.9035090088122548
Normal- (313).jpg,Normal,359.87101715686276,850.9264744329105,722.0656250000002,826.5340407535564,0.7145339256424974,0.7014919348620872,0.7062633974821427,0.7023414400356134,6.121966911764708,9.318815840061514,8.252971813725491,9.179700115340255,3.4807761723563395,3.59652407694961,3.543604551841561,3.5919657149974373,0.4579855595419656,0.449371765303056,0.4526282209948547,0.4497431110768179,0.676746303678096,0.670351971208451,0.672776501518041,0.6706288922174602,0.9579418870959623,0.9007286061255638,0.9155476688321628,0.9035742936956361
Normal- (314).jpg,Normal,359.89169730392155,853.713571703191,725.0103094362746,828.925074971165,0.7151915726505474,0.7016096012228874,0.7070321396717484,0.7030142411285244,6.122028186274511,9.32375240292195,8.250750612745101,9.19051134179162,3.474624920691778,3.588425860439153,3.5373981867802153,3.5851900440802145,0.458673037624689,0.4499936566555819,0.45333239117204016,0.45042660119041544,0.6772540421619416,0.6708156651835002,0.6732996295647579,0.6711382876802778,0.9579316759388463,0.9003857673243725,0.9151876690737393,0.9032781742896463
Normal- (315).jpg,Normal,359.95490196078435,853.5353940792004,726.2382812499999,831.0263898500577,0.7153646103493232,0.7027080105898562,0.7075766524651015,0.7042253648094936,6.130729166666668,9.310034602076126,8.24848345588235,9.189373317954633,3.471886388754565,3.5866478286639243,3.5330413112991037,3.58143412727781,0.4590083305361821,0.4503260314660273,0.4537476410768617,0.4506358527411086,0.677501535449317,0.6710633587568519,0.6736079283061192,0.6712941626002036,0.9579527629425161,0.9004749546880741,0.9151019440464909,0.9030995789056189
Normal- (316).jpg,Normal,361.5319852941176,854.0010765090351,725.2383272058821,830.2894271434066,0.7168462612537299,0.7039052019731626,0.7086011439749736,0.7039886735261596,6.133241421568627,9.305067281814686,8.239522058823527,9.199723183391004,3.4649465196566385,3.5780821299761185,3.52621375001218,3.5761582568287356,0.45955311764574436,0.45088811013893004,0.45420646975472145,0.45107313322989195,0.6779034722183862,0.6714820251793268,0.6739484177255122,0.6716197832329628,0.9578040916097579,0.9005047166658119,0.915289980862302,0.9032672392630877
Normal- (317).jpg,Normal,362.15180759803934,852.4395540176855,720.4775735294115,825.2542252979624,0.7178856121671304,0.7049686737570695,0.7103175947552912,0.7052275066005541,6.129748774509806,9.297593233371781,8.189276960784312,9.168104575163401,3.4538942954331437,3.567254398828797,3.512990025040236,3.5665006687793754,0.45999738400645196,0.4513498516895506,0.45460733169502826,0.451451946631002,0.6782310697737549,0.6718257599181134,0.6742457502239285,0.6719017388212372,0.9577792985882531,0.9007988594578553,0.9159406703320658,0.9039625038503512
Normal- (318).jpg,Normal,363.64111519607854,847.5152787389466,715.3051011029412,822.5543560169166,0.718116450270226,0.7050375621697994,0.7110193532569552,0.7063027388513476,6.132536764705884,9.254948096885814,8.135094975490196,9.12878123798539,3.447829389806019,3.5596592192417362,3.505122026357057,3.556082794005928,0.4600064367333177,0.45131694540930883,0.4545966063092094,0.4515639544190926,0.6782377435186852,0.6718012692822997,0.6742377965593515,0.6719850849677339,0.9574841633436232,0.9010891463710305,0.9163045735394917,0.9040022574803386
Normal- (319).jpg,Normal,364.2218443627452,843.5741637831603,713.3414828431376,823.5360553633219,0.7184714545335015,0.7063737636193876,0.711232700820879,0.7065801293215364,6.132291666666668,9.218300653594769,8.116390931372552,9.128673587081892,3.4460903387574646,3.5573662559071817,3.5034129019675033,3.554399524906586,0.46019353095864574,0.4514218353601022,0.45484581348576114,0.4517712823610118,0.6783756562249604,0.6718793309516987,0.6744225778291836,0.6721393325501877,0.9571803105040143,0.9010035557428343,0.91607170459055,0.9033550994106813
Normal- (320).jpg,Normal,366.37490808823543,844.8128719723184,715.6975030637253,828.9720107650905,0.7182951417989685,0.7054247583280204,0.7108997372283973,0.7056809557348614,6.180606617647061,9.234648212226068,8.150903799019606,9.18337562475971,3.45063521308402,3.5600809358759813,3.50506142471402,3.5584175439828685,0.4601876548288971,0.45156095388740114,0.4548610316785836,0.4518494665864325,0.6783713251817894,0.671982852376012,0.6744338601216457,0.6721974907617794,0.9566361300604505,0.9001875929056847,0.9152250297886292,0.902059148773257
Normal- (321).jpg,Normal,367.3460171568628,844.4991157247212,717.7839920343137,833.4050749711646,0.717711885068341,0.704641137391371,0.7097592911778756,0.7048346546049704,6.2025122549019605,9.248366013071893,8.186841299019608,9.230403690888117,3.45815361521408,3.5666994733761426,3.515396758658639,3.5654552413192055,0.45949926380009326,0.45095820390258895,0.45423741640929105,0.4512260586492548,0.677863750174099,0.6715342164793905,0.673971376550437,0.6717336217945733,0.9561609066141696,0.8993973006482779,0.9142731426744581,0.9007189011399114
Normal- (322).jpg,Normal,366.53376225490183,842.3810073048828,718.5164675245096,835.2209919261823,0.7167198759166442,0.7043935865738153,0.7085308146938774,0.7045254864635787,6.206280637254901,9.233233371780084,8.200168504901958,9.247996924259901,3.4627467334679976,3.570211176907253,3.5173786255846773,3.5688955948955794,0.45893771900850155,0.4504406657540553,0.45351450391019194,0.45072835411689915,0.6774494217345687,0.6711487657397988,0.6734348549861314,0.6713630568603691,0.9558845716725568,0.8987925998761526,0.9134530513917049,0.8996528359629602
Normal- (324).jpg,Normal,360.5449754901962,833.0755094194542,713.1358609068627,825.9221068819686,0.7154739398196512,0.7044255326436953,0.7083924550766401,0.7035538554707169,6.140502450980394,9.136562860438294,8.142693014705882,9.195924644367551,3.4617087423386774,3.5683806224208414,3.520375037568151,3.573392119938473,0.45897387559209496,0.4504163495511809,0.4535715734239083,0.45066321346549787,0.6774761070267312,0.6711306501354121,0.6734772256163591,0.6713145413779579,0.9559350052465844,0.8983620033325258,0.9127723672371283,0.899234742352033
Normal- (325).jpg,Normal,359.0649816176471,832.5694425221068,713.606587009804,824.9411764705885,0.7160512435992755,0.7040053160522515,0.7083441210880912,0.7044953290458047,6.10903799019608,9.138392925797767,8.143780637254903,9.16736639753941,3.453844081919207,3.5627994885407612,3.510275395378835,3.562826219422811,0.4594536409007728,0.450974910575458,0.4541931023280559,0.4512845304670181,0.67783009737011,0.6715466555463276,0.6739385004049374,0.6717771434538526,0.9559263807057031,0.8979843561314921,0.9123371143114914,0.8989190559091932
Normal- (326).jpg,Normal,356.3983762254903,833.3675509419454,714.3580729166667,823.2757400999617,0.7166803190281662,0.7034345912035413,0.7095665481304153,0.7045262844259518,6.083455882352943,9.140315263360247,8.148391544117647,9.150834294502117,3.4518907286160845,3.559313306807458,3.509750109461897,3.562631153579033,0.45937129729438514,0.45081037976550886,0.45409110720824003,0.4511612281734126,0.6777693540537113,0.671424142971869,0.6738628252161117,0.6716853639714152,0.9561906383818736,0.8977385947307502,0.912117638657555,0.8989769471926938
Normal- (327).jpg,Normal,357.0425245098039,839.2764013840831,718.3477328431372,827.2649288735099,0.7166792693567878,0.7037575376154738,0.7087299756025803,0.7041912349073935,6.116237745098039,9.203537101114957,8.208976715686275,9.19729334871203,3.4517244484759813,3.5635229018852255,3.512329842014368,3.5632237877242527,0.4593109710470432,0.4506680465517579,0.4540101797770462,0.4511423827909912,0.6777248490700656,0.6713181410864434,0.6738027751330846,0.6716713353947682,0.9561316810419314,0.8970608657876662,0.9116672732115954,0.8985340998483577
Normal- (328).jpg,Normal,355.72757352941176,841.4138254517491,719.887162990196,829.6443214148403,0.7171875834556762,0.7045601903913782,0.708835272783425,0.7045282364524239,6.072457107843137,9.18855824682814,8.20609681372549,9.200399846212992,3.4488639963997354,3.56162339569899,3.509693867922752,3.560698381060362,0.45939254719676625,0.45081115987536763,0.45413373807080626,0.4512445478560058,0.6777850302247507,0.6714247239083229,0.6738944561804958,0.6717473839591829,0.9562738181575204,0.8967530250486627,0.9114384376241792,0.898197220106708
Normal- (329).jpg,Normal,353.8245404411765,839.9549557862363,718.7894454656862,827.0601922337562,0.7170965418191174,0.7040309554737155,0.7091729188977005,0.7050564091425419,6.047518382352942,9.18337562475971,8.188097426470588,9.182821991541713,3.4476973048060113,3.5598682160201904,3.5085856358802356,3.558227633691714,0.45964206295167437,0.4509551535867154,0.4542561809066073,0.4513267850578273,0.6779690722678096,0.6715319453210811,0.6739852972480982,0.6718085925751675,0.9564570483111199,0.8968122724113492,0.9114704588805114,0.8983963827729909
Normal- (330).jpg,Normal,351.9125919117648,836.579577085736,716.1159773284313,819.8401384083044,0.7174354722653384,0.7036522119926513,0.7082715130424406,0.7043853251320368,6.034803921568629,9.18525182622068,8.173636642156863,9.135455594002305,3.4482782258846973,3.5605734020778455,3.510472960100742,3.559604925928727,0.4595344871394866,0.45087019764822905,0.45410892614168813,0.45122044580789233,0.6778897308113515,0.6714686870199005,0.6738760465706495,0.6717294439042346,0.95657433521307,0.896947031362869,0.9115594344586703,0.8990090573748328
Normal- (331).jpg,Normal,351.1918198529413,835.0278046905034,714.2412530637255,815.5368396770473,0.7171172706067974,0.7030619042867664,0.7082515176902677,0.7033714797693897,6.036397058823531,9.180853517877738,8.144929534313725,9.103037293348713,3.4448967940212123,3.5591860937801507,3.5056223057245957,3.5583592030796134,0.45928559710639383,0.4507040275078299,0.4540241353798719,0.4509917467345021,0.6777061288688437,0.671344939288165,0.6738131309049059,0.6715591907899869,0.9564808336538634,0.896704770615493,0.9114191432789324,0.8991158564388407
Normal- (332).jpg,Normal,350.2719362745098,831.8266051518648,713.1485447303924,812.9126182237599,0.7162527637535108,0.7029518251219272,0.7079070215392096,0.7030686342444592,6.034129901960784,9.164644367550942,8.143336397058826,9.092610534409843,3.4511820995028373,3.5640962336020587,3.5104011320110713,3.5613925755947053,0.45885008134735566,0.45031185243424415,0.4536322373474897,0.4506419730027237,0.6773847365768996,0.6710527940737928,0.6735222619538939,0.6712987211389008,0.9564156366690679,0.8966751973088718,0.9111888433423432,0.8990245859378784
Normal- (333).jpg,Normal,349.08391544117643,829.9892041522492,713.2742340686275,811.9923721645521,0.7163067072429511,0.7040540776342216,0.7085274704537109,0.7032029574243508,6.018933823529411,9.127904652056902,8.135814950980393,9.0801384083045,3.447886399754733,3.5601999697285613,3.507515819334517,3.556830957382247,0.4594941213359194,0.4508910212719474,0.4542120091468724,0.45120087731317954,0.6778599570235133,0.6714841928682665,0.6739525273688588,0.6717148779900439,0.9564915362416472,0.896732335453596,0.9110257686890497,0.8989715101311772
Normal- (334).jpg,Normal,348.7457414215687,830.2217147251056,714.8298253676472,812.0074586697425,0.7172512397829075,0.7036489305084472,0.7088730441255585,0.7038743521278783,5.995710784313726,9.120722798923492,8.135217524509805,9.063452518262208,3.447496547501819,3.5596453819409968,3.507666668052776,3.558636824111441,0.4592249051409013,0.4506843433624512,0.45398437981053713,0.45101551448360516,0.6776613498945482,0.6713302788959032,0.6737836298178645,0.6715768865019144,0.9564435357670773,0.8964894486039473,0.9106469594788719,0.8987603693159931
Normal- (335).jpg,Normal,347.4575674019609,827.0197616301419,714.2176164215689,811.7899269511727,0.7163146267802328,0.7043834943560533,0.7084481627536579,0.703567375064727,5.982720588235296,9.085121107266431,8.13651960784314,9.060146097654748,3.4418191748473843,3.5583962549679855,3.5050537146059733,3.5560305503284138,0.45939034490940983,0.4507256457864292,0.4541285716712772,0.4510767079943374,0.6777834056019739,0.6713610398186874,0.673890622928734,0.6716224445284251,0.9564639092275754,0.8965550029577656,0.9104345354857294,0.8984599758210677
Normal- (336).jpg,Normal,347.1249387254903,824.4585159554017,712.5163756127452,810.9520799692423,0.7168229258465117,0.7049166925924858,0.708977248583119,0.7050651075508005,5.977297794117648,9.062068435217222,8.117876838235293,9.041614763552477,3.4419247321934074,3.552158849493831,3.5025945198479094,3.5520417603987475,0.4595378967543282,0.45105746114564804,0.45446122465386646,0.45142941544530557,0.6778922456809254,0.6716081157532628,0.6741373930096642,0.6718849718852964,0.956471161107083,0.8967939647287165,0.9105772854352646,0.8984847055989974
Normal- (337).jpg,Normal,351.12766544117653,828.6512725874662,714.5762101715684,818.4702652825836,0.7170247358129254,0.7036933610948806,0.7081868342163699,0.7045977723661362,6.019883578431373,9.104913494809688,8.141222426470586,9.10312956555171,3.4452776170063313,3.5596003725957495,3.5074077383187685,3.5573403221257878,0.4591225472361892,0.4506231509159889,0.4540467521787742,0.45101642360663025,0.6775858227827596,0.6712847018337219,0.6738299133897027,0.6715775633585671,0.9559678748048863,0.8962662210003954,0.9103161185877306,0.8975407189667841
Normal- (338).jpg,Normal,354.79537377450987,833.8953633217992,718.3860906862747,825.5678277585544,0.7167441823565972,0.7037037613134713,0.7089174839274075,0.7045323459622923,6.0669730392156875,9.164075355632447,8.167892156862747,9.142452902729717,3.4469119766339213,3.559043202827932,3.506879335107075,3.557359016896684,0.4591662854609331,0.45054233392326387,0.45411062085871406,0.45089452946039577,0.6776180970583158,0.6712245033692258,0.6738773040092046,0.6714868051275437,0.9555300950890039,0.8956622021013997,0.9098830470631031,0.8967041514403793
Normal- (339).jpg,Normal,355.8189950980393,837.5122029988462,720.2397518382354,825.3436216839677,0.7178703155283968,0.704480834219366,0.708627984687777,0.7050766811134127,6.059283088235295,9.161014994232984,8.164414828431374,9.130657439446367,3.4371620208288403,3.5496802760816926,3.4995511138901896,3.5481462400937045,0.4594410410481021,0.45104170770387997,0.4544230035285407,0.45122792537871376,0.677820803050557,0.6715963875006178,0.6741090442417612,0.6717350112795326,0.9554673059910727,0.8953636721411182,0.9097832521758223,0.8968839791402068
Normal- (341).jpg,Normal,349.71194852941176,827.6451980007691,713.3234221813723,814.9674279123415,0.7181506535075226,0.7054594609622769,0.7101832205490004,0.7051464937597167,5.977726715686274,9.03617070357555,8.064261642156858,9.008427527873895,3.432224186009222,3.5465859010236294,3.4942610641049656,3.5437644814928873,0.4588700122239266,0.45041105717331986,0.45391637359935877,0.45068037741968037,0.6773994480540463,0.6711267072418738,0.6737331620154664,0.671327325095352,0.9562916363291424,0.8967388450889605,0.9107725482032273,0.8983205871013467
Normal- (342).jpg,Normal,345.942493872549,822.0641138023839,709.659206495098,807.3010534409843,0.7186825079572311,0.7054300234294423,0.7102387080984847,0.7052128129708655,5.921415441176471,8.971518646674356,8.029396446078431,8.935347943098808,3.432979994720783,3.5420299515437765,3.492600282874283,3.5418034649551107,0.45862273465940817,0.4503109343240504,0.4536717555578832,0.45051792796695905,0.6772169037017669,0.6710521099915046,0.6735515982891609,0.6712063229491801,0.956712003080789,0.8973144236525009,0.9111263893698193,0.8991585053201111
Normal- (343).jpg,Normal,340.763143382353,812.8342945021147,706.0518075980395,801.0648827374085,0.718262614728164,0.7053056261789623,0.7104833670209285,0.7048021227799115,5.8768688725490215,8.896270665128796,7.990042892156865,8.897070357554785,3.43491100005412,3.5459214765766376,3.4975598884889965,3.5451717648047225,0.45775209561076274,0.44936274845344565,0.4527635674511458,0.4496714222090368,0.6765737916966358,0.6703452457155534,0.6728770819779388,0.6705754411019217,0.9572489055608727,0.8982019730082492,0.9113472513264815,0.8996759547344193
Normal- (344).jpg,Normal,337.4099877450981,806.3697962322184,703.4031862745098,797.4942868127644,0.7185757233806254,0.7059672287526606,0.7100607487604134,0.7061015054892789,5.838112745098041,8.841399461745484,7.977420343137256,8.876432141484045,3.430187681152246,3.538969895339206,3.4938281384668097,3.5426170169796,0.45820829245550093,0.4497551583759298,0.4531153278871482,0.44996143789371507,0.6769108452783874,0.6706378742480399,0.6731384165884073,0.6707916501371458,0.9575398648984431,0.8987018282208676,0.9114090297548775,0.8998167917053634
Normal- (345).jpg,Normal,335.00536151960796,803.239046520569,702.775199142157,794.5216608996541,0.7184744135988643,0.7054684552709608,0.7091667764582824,0.7050489179086114,5.825735294117648,8.826251441753172,7.984053308823531,8.860207612456747,3.4349653736946735,3.542187810080968,3.4968107920141316,3.546322588433645,0.4576668504291844,0.44930052118185393,0.4524747382269967,0.44925936089703766,0.6765107910663247,0.6702988297631541,0.6726624251636155,0.6702681261234474,0.9576545774153783,0.8986441209383415,0.911092480786263,0.8997441151263166
Normal- (346).jpg,Normal,334.9279718137255,802.233510188389,704.1714767156864,795.2806766628219,0.7185100422464074,0.7055311498871496,0.7095728489857402,0.7047282177655707,5.817861519607844,8.826174548250671,7.9975490196078445,8.872249134948094,3.438163566770339,3.5480403496596082,3.500092283881248,3.552885234445529,0.45704650726377005,0.44872401987760585,0.45189851836395567,0.44864066046226847,0.6760521483315988,0.6698686586769125,0.6722339759071656,0.669806435070811,0.9574234977316792,0.8981938784756364,0.9104078795291417,0.899076216355883
Normal- (347).jpg,Normal,336.3814338235295,801.6043675509418,706.283700980392,799.5885890042291,0.7170556004311647,0.7038025071437903,0.7076816455594778,0.7038919714066575,5.85137867647059,8.853733179546326,8.035477941176469,8.916970396001538,3.442741570503801,3.5550295712033897,3.5088951283386747,3.5584257909298564,0.45648467055470704,0.44810378441084,0.4512991126506704,0.4481237186596526,0.6756364929122072,0.6694055455483171,0.6717879968045503,0.6694204348984669,0.9570329601645149,0.8977837554323878,0.9097062738019827,0.8980407965879325
Normal- (348).jpg,Normal,339.15520833333346,803.0976855055746,709.0143841911768,804.6542560553635,0.7164090377267791,0.7027931040404065,0.7072989950962848,0.7029639126056733,5.886887254901962,8.87601691657055,8.055039828431374,8.960692041522494,3.4528487753247497,3.560302249587715,3.514609432787145,3.565799581399478,0.45620796071616826,0.44768556274972454,0.4510652658711117,0.4478487155666182,0.6754316847144264,0.6690930897488963,0.67161392620397,0.6692149995080939,0.9564893039005886,0.8971446852201969,0.9089603093145047,0.8969453302017913
Normal- (349).jpg,Normal,340.3948223039216,806.8491657054982,714.6374540441177,810.503852364475,0.7141511742030997,0.7020369871928156,0.7069971201520732,0.7026313982732479,5.928186274509805,8.902099192618227,8.102987132352943,9.003721645520953,3.463157964169209,3.5694282209915107,3.523869025706584,3.5731500112699353,0.4555782678612193,0.4470186365785733,0.45050083933312896,0.4473054814483708,0.6749653827132317,0.668594523293882,0.6711935930364122,0.6688090022183992,0.9560614514546694,0.8960273284702652,0.9076732165532994,0.895556376089462
Normal- (350).jpg,Normal,340.44145220588246,811.8110726643597,718.8852175245095,813.081722414456,0.7144011437407098,0.7002496616934207,0.7044760876160523,0.7003933607509298,5.92622549019608,8.955371011149557,8.152190563725487,9.040107650903499,3.46478038295103,3.575403559659118,3.528492225180496,3.576914128636723,0.4554255443369137,0.4467643147335904,0.45024628729785365,0.4469899153624556,0.6748522388915322,0.6684043048437004,0.6710039398527058,0.6685730441488466,0.9556240830599435,0.8943590871338523,0.9062116657348144,0.8941937375789457
Normal- (351).jpg,Normal,339.47199754901965,812.4288043060358,718.7526194852942,811.1998923490964,0.7119121617472771,0.6990471304331085,0.7038002719766806,0.6997150262722158,5.916973039215687,8.971980007689346,8.151485906862748,9.020269127258747,3.47141766151768,3.5816693309619336,3.5349833267059037,3.5835620892079367,0.4547800770267897,0.44628764147584055,0.44968729819210157,0.4464102752896771,0.6743738407046863,0.6680476341368484,0.6705872785790836,0.6681394130641277,0.955200732228245,0.8929631849687543,0.9050627573104782,0.8931250930905829
Normal- (352).jpg,Normal,339.23740808823527,812.6077047289505,718.595894607843,808.3203075740098,0.7110783247694127,0.6987282624182033,0.7033918748274879,0.6989499635140002,5.919577205882352,8.96402921953095,8.148866421568625,8.985313341022682,3.4724982948611585,3.585347240434242,3.5368247334052656,3.5846507635533476,0.4546330248910799,0.4461010212704693,0.4494386260411407,0.4462441457097874,0.6742648032420793,0.6679079437096622,0.670401839228638,0.6680150789539016,0.9546858942884138,0.8916320453958273,0.9039245788447209,0.8922038052469248
Normal- (353).jpg,Normal,337.5004595588235,811.3059284890427,716.3473651960784,802.952341407151,0.7118442775212982,0.699006704015202,0.7033529501335908,0.6995878678416774,5.877175245098039,8.923244905805461,8.110784313725489,8.905067281814684,3.4700210284809274,3.5794355589368783,3.5339021361936,3.578423132792248,0.4547151652816072,0.4460803506651169,0.4495204441256817,0.44628536784051204,0.674325711567939,0.6678924693879374,0.6704628581254011,0.6680459324331763,0.9545379319732484,0.8908915085333828,0.903416227709796,0.8920149408328827
Normal- (354).jpg,Normal,338.5731924019608,811.4135793925412,714.6145526960784,802.3586005382546,0.7111887144113064,0.6982642497773466,0.7028551472922404,0.6988358339090139,5.903063725490195,8.945113417916184,8.132873774509804,8.923275663206459,3.472981555017016,3.5845589411552194,3.5393990375242033,3.5842567353383323,0.4543217197815666,0.44579174289130497,0.4490470824632125,0.4459149246859036,0.6740339158985745,0.6676763758673097,0.6701097540427333,0.6677686161282991,0.9541898359378953,0.890388607964916,0.9032186799354893,0.8916118175121478
Normal- (355).jpg,Normal,339.9364889705883,812.7512187620146,714.8785539215688,803.2615455594001,0.7114498975296764,0.6977366675030238,0.7022520173254921,0.6985670682124349,5.911887254901962,8.95658592848904,8.144209558823531,8.943852364475202,3.4761701021245073,3.5847223946498525,3.5414534005347047,3.5858648850969606,0.45386736290860935,0.4451966400407024,0.4484727089077819,0.44542233207852955,0.6736967885544723,0.6672305748695142,0.6696810501334064,0.6673996794114675,0.9540182592619814,0.8902378141397606,0.903209299546131,0.8915193960676291
Normal- (356).jpg,Normal,341.80995710784316,817.304759707805,718.4002757352941,808.2267435601692,0.7113411437754746,0.6971105407815353,0.7019650173002284,0.6978376121087952,5.942585784313725,9.005551710880432,8.194577205882352,9.016716647443292,3.48025895615144,3.5938692929066436,3.5477067386305237,3.59217992547151,0.4528789919479587,0.44431596305859944,0.4476538156335603,0.44470515226376855,0.672962845889696,0.6665702986621886,0.6690693653378252,0.6668621688653275,0.9538538185335496,0.8898365365505873,0.9029204927953071,0.8910601507388011
Normal- (358).jpg,Normal,341.1143382352941,810.3912495194155,714.4494944852943,806.9324567474046,0.7108744430586487,0.6997778858408988,0.7039428684299865,0.698515064635072,5.952328431372548,8.930149942329873,8.126056985294118,8.992095347943096,3.481179474310321,3.5890202524882,3.5421817840215355,3.588942331923682,0.4524930082949614,0.4441157173600605,0.4473723093375295,0.44429978450012014,0.6726760054401832,0.6664200757480678,0.668858960721563,0.6665581628786195,0.954226453217198,0.8914320150665022,0.9040405688282228,0.891895388976058
Normal- (359).jpg,Normal,339.46001838235304,806.8129950019224,711.7812346813726,802.0730334486734,0.7112334274988531,0.6986322910260222,0.7027752598999043,0.6990619859803229,5.94123774509804,8.913079584775087,8.10124080882353,8.965859284890426,3.4812736889012945,3.5875782728014456,3.5410820360653483,3.589942438629601,0.4520246229571408,0.4436698966963434,0.44686580718090674,0.443853789532639,0.6723277645294301,0.6660855025417858,0.6684802219818524,0.6662235282040397,0.9547709158509529,0.8926780383145996,0.9050767316887918,0.8933085462208421
Normal- (360).jpg,Normal,339.38875612745096,807.9118646674358,710.8665287990195,799.6406459054209,0.7121237407857072,0.6998311915998843,0.7047262189424491,0.7003065937818562,5.931004901960784,8.90720492118416,8.097166053921567,8.954540561322567,3.4693613709640996,3.574901400068485,3.529523182404147,3.5767214976695896,0.4530444469693898,0.44447743397424566,0.4475513793522922,0.4445387518863074,0.6730857649433613,0.6666914083549043,0.6689928096416973,0.6667373934963505,0.9551408168723503,0.8933897642048219,0.9059549228546323,0.8944812156627044
Normal- (361).jpg,Normal,557.7843749999998,638.24830449827,223.4191789215687,635.4549480968857,0.49396669165824075,0.4882620476243298,0.5083536805966964,0.4866351450423438,10.549050245098037,11.514402153018072,6.958792892156865,11.575701653210302,5.796602093958313,5.837542985401499,5.624649543659093,5.841098508688343,0.16907060810163904,0.1685237896701073,0.17376494692546143,0.16846653963422512,0.41118196470861784,0.4105164913497475,0.4168512287680839,0.4104467561502041,0.958229607025119,0.9522199328321563,0.9832710167464876,0.952429046989673
Normal- (362).jpg,Normal,563.9514093137254,649.5685044213764,230.49705882352947,649.1433141099578,0.4954404659083889,0.487970228219594,0.5096530525189832,0.48793894418730777,10.57579656862745,11.58695886197616,7.014736519607845,11.640753556324492,5.789288424950993,5.831145666193992,5.617075366975364,5.83165194171379,0.16900520415637924,0.16842268509095296,0.17366429406283054,0.16834586904365448,0.41110242538372266,0.4103933297349665,0.4167304813219577,0.4102997307379746,0.9579529906262018,0.9515859594355007,0.9828164783084186,0.9516176499821397
Normal- (363).jpg,Normal,571.2479166666668,656.6097347174165,235.05364583333332,660.707635524798,0.49489052227619,0.487674175882265,0.5104724170715736,0.4881457568353075,10.639001225490198,11.654348327566323,7.045067401960784,11.706605151864666,5.796725384558707,5.8398607176013115,5.622558393447728,5.839417340763745,0.168633564469082,0.16802479311405538,0.1732809440029076,0.167907380490247,0.41065017285894573,0.4099082740248791,0.4162702775876601,0.40976503082894594,0.9574807808903519,0.9511402585499347,0.9825048822532468,0.9508353249442473
Normal- (364).jpg,Normal,581.1749080882353,677.786928104575,249.09505208333337,676.7041138023836,0.4936472483900972,0.4873663823865044,0.5096085140388237,0.4852462204591691,10.721415441176472,11.82463667820069,7.193458946078432,11.866559015763167,5.810289446621472,5.856507363393714,5.641192718850521,5.855730652983723,0.16800512470038578,0.1673160166564156,0.17255585092253448,0.16723136249758122,0.4098842820850609,0.4090428054084506,0.4153984243139765,0.408939313954505,0.95685494749054,0.9496946553053837,0.9815075490677726,0.94977502178112
Normal- (365).jpg,Normal,592.8181678921569,696.7464206074584,258.29289215686276,692.4916262975779,0.49505088848780093,0.48819082671205594,0.5092072494064301,0.48730163355271167,10.838939950980391,11.964475201845438,7.253768382352941,11.987820069204155,5.804572463834287,5.848002699665889,5.630237218770213,5.848831417173727,0.16807158074531142,0.16729605899366476,0.17270530480689528,0.16736091430247238,0.4099653409073887,0.4090184091134099,0.415578277592676,0.4090976830812812,0.9559898121523654,0.948287044305977,0.9808245008281581,0.9486028378043377
Normal- (366).jpg,Normal,599.3097120098039,697.8568550557479,253.71829044117652,697.1209842368321,0.49661855784896763,0.48786013893259395,0.5108217708573174,0.48841624763009095,10.89859068627451,12.030542099192619,7.24169730392157,12.001291810841986,5.806346154697036,5.849145898576456,5.629795970943066,5.848555580678919,0.16811565828891686,0.16736454677399829,0.17271990197110956,0.16729311900710714,0.41001909502963013,0.4091021226710982,0.4155958396941788,0.40901481514378807,0.9556440455470276,0.9483598677317512,0.9812202806043964,0.9484143208278926
Normal- (367).jpg,Normal,604.5952818627451,706.8508266051517,256.33046875,706.6686812764322,0.4989251259701606,0.49113692986832524,0.5135065176968628,0.49006081350213726,10.90952818627451,12.043475586312955,7.217723651960784,12.048181468665897,5.784627934621,5.828564589061218,5.611628394539093,5.829342528138095,0.1688635682161384,0.16820444187837139,0.17364117485612515,0.1680451828703981,0.4109301257101241,0.41012734836678644,0.4167027415990026,0.4099331443911289,0.9554682837077658,0.947940110921055,0.9811156363209862,0.9479535260084434
Normal- (368).jpg,Normal,606.9794424019608,715.357416378316,262.1249693627451,715.5606305267204,0.5001364631255302,0.4925267488571957,0.5151807000295487,0.49247889614969376,10.876439950980393,12.07667820069204,7.2497855392156865,12.094609765474814,5.774877726686665,5.819017186230442,5.596533607232939,5.8217377610781025,0.16918447163782416,0.1684969415690678,0.1741310868782065,0.1683807817092204,0.4113204002208305,0.41048378965443666,0.4172901710778802,0.4103422738510138,0.9554256274409177,0.9474682149869201,0.9807449935327597,0.9474532920942358
Normal- (369).jpg,Normal,605.5341911764706,719.6584851980008,261.7750153186274,712.2782468281429,0.5007558540593843,0.4929772795022628,0.51450980526917,0.4929959240040629,10.879595588235293,12.115201845444062,7.268060661764705,12.08213763936947,5.771771906386346,5.819109077593353,5.598714218090478,5.818480449924697,0.1692879403072888,0.16858561263737773,0.1741250555206382,0.16846773942119375,0.41144615723966704,0.41059178345088415,0.4172829442005007,0.4104482177098516,0.9556958172828243,0.9473513622769792,0.9808427178979806,0.9478912843431206
Normal- (370).jpg,Normal,612.1840686274511,728.8496578239136,264.6793351715686,717.5877124183007,0.5015982107808697,0.4934706418831099,0.5166627432128212,0.4939186984445057,10.923958333333335,12.201507112648976,7.275689338235294,12.080692041522493,5.767046616730939,5.81530392674501,5.59376996222138,5.808510974846163,0.1695636998887524,0.16868383257201078,0.1744026009846725,0.1688051217399158,0.4117811310499212,0.4107113738040508,0.4176153744591697,0.4108590046961558,0.9554292378521665,0.9469454608868217,0.9807267753725913,0.9477652421909613
Normal- (371).jpg,Normal,621.9344669117647,743.8443060361399,268.75171568627457,724.0285736255286,0.5004728944579959,0.49158570578829985,0.5158416496810417,0.49205985281888787,10.998223039215688,12.314002306805072,7.30606617647059,12.14465205690119,5.7782488869225155,5.826877975303803,5.6009601934566025,5.818511040850461,0.16920821656634472,0.16834953533531366,0.17414869051078627,0.16847425228016125,0.41134926348098,0.41030419853483546,0.41731126334043067,0.41045615147072806,0.9548481033487953,0.9460139317865137,0.9804879120334556,0.9474521003292296
Normal- (372).jpg,Normal,626.7666053921569,750.4673125720876,266.5330422794118,721.6012764321415,0.5009953095149338,0.49360560012503907,0.5161599147414443,0.49208245697802677,11.035110294117647,12.383560169165703,7.306204044117649,12.176562860438294,5.78199248396905,5.831059666912729,5.608887649145865,5.825220019544017,0.16901198572307685,0.16823502615812894,0.17388866103369216,0.16819834893301763,0.41111067332663215,0.4101646329928129,0.4169995935653801,0.4101199201855692,0.9544155664330096,0.9454473285030898,0.9806184124403862,0.9475456469249315
Normal- (373).jpg,Normal,624.1325367647057,746.3559861591696,267.59001225490204,715.4300961168781,0.49989879730924747,0.4920200655911302,0.5163799387041347,0.49058918124284406,11.109987745098037,12.408181468665894,7.331495098039218,12.222560553633215,5.788345112045788,5.834624524034761,5.610836921404091,5.833481576420884,0.16913265921986134,0.16827996400993844,0.17406457991198557,0.16831707226437168,0.4112574123585633,0.4102194095967894,0.41721047435555303,0.4102646368679266,0.9545110407152384,0.9456414063101463,0.9805037942206024,0.9478938005060541
Normal- (375).jpg,Normal,626.209129901961,751.0188081507112,269.69313725490196,713.8786928104577,0.5000111098114338,0.49258059238997387,0.5166473113520822,0.4927793972171426,11.125490196078434,12.434263744713569,7.392432598039216,12.174332948865823,5.782145246581262,5.8293619666262515,5.608022457410096,5.823337152810069,0.169789134094872,0.16899330015471817,0.17475754939881907,0.16895809871724426,0.41205477074640456,0.41108794698302475,0.4180401289335978,0.41104512978168745,0.9543949421866469,0.9453581127008676,0.9803703682733069,0.9480603166599084
Normal- (376).jpg,Normal,638.3564644607843,764.273602460592,275.8962775735294,725.954648212226,0.4999873794779558,0.49163895241812844,0.5155074490664326,0.4932257971563827,11.222702205882353,12.545743944636676,7.464782475490196,12.284828911956936,5.782334849689945,5.8302813159985,5.608948226422397,5.8263529046664075,0.17010110798637398,0.16936087675739406,0.1751019125193736,0.16921448690142396,0.41243315577966566,0.4115347819533533,0.4184518042969508,0.4113568850784243,0.9535191081408881,0.944406924041528,0.9799234492547951,0.9471942354537245
Normal- (377).jpg,Normal,639.7234681372547,766.7102960399845,279.3884650735294,728.274309880815,0.5024814352115343,0.4947831187114885,0.5190759780756313,0.4948869345270259,11.221844362745095,12.536978085351786,7.465333946078431,12.279384851980007,5.773502580772531,5.8203285221344405,5.598746072353172,5.813085559462256,0.16998117965352116,0.16922095163174006,0.1749092006426691,0.16903314464714347,0.41228773890757553,0.4113647428155943,0.4182214731965219,0.41113640637523635,0.9535371908922144,0.944372118147043,0.9797211270274209,0.9471608018363159
Normal- (378).jpg,Normal,649.7917585784314,777.7854056132257,286.76623774509807,735.3778085351787,0.5023752215194055,0.4945524730398319,0.5176079144008242,0.49390652021849035,11.254932598039215,12.562921953094964,7.541574754901963,12.332056901191848,5.774613130186356,5.822755774538463,5.601400267247195,5.821253640219783,0.16946951872383068,0.16876242145650952,0.17458656800888647,0.16853207028142989,0.4116667568845348,0.41080703676605823,0.4178355753270495,0.4105265768271646,0.9528107580280207,0.9435743497144982,0.9791876513822487,0.9466508747108594
Normal- (379).jpg,Normal,655.0501531862744,783.8393387158785,292.2574908088236,747.4161476355247,0.4998312973489363,0.49244466373472334,0.5158682552866499,0.4918124473945233,11.333486519607842,12.650257593233373,7.622411151960787,12.463283352556708,5.799559134087762,5.845204343653937,5.6239583843740455,5.843933130557556,0.16852350900100782,0.16777134456167675,0.17356103318510324,0.16762090303007987,0.41051614950085435,0.40959900459068105,0.416606568821356,0.4094153185093101,0.9523631088170376,0.9430603544060511,0.9787613064450427,0.9457062073112062
Normal- (380).jpg,Normal,660.6921568627452,794.874063821607,304.6688112745099,754.6011226451366,0.4989899463938354,0.4915197804023984,0.514135896753658,0.4903852460490251,11.382843137254902,12.709050365244135,7.727297794117648,12.516908881199539,5.8033179949172355,5.849846276336629,5.63256330800589,5.849794958763429,0.16858139994326857,0.16787848083153772,0.17358997701361117,0.16767632228517676,0.4105866533915448,0.40972976561575036,0.41664130497780844,0.40948299389007203,0.9519440134784369,0.9422383422362683,0.9778515587684985,0.9451648836234537
Normal- (381).jpg,Normal,664.074662990196,798.6179777008842,306.6341911764706,762.2377854671281,0.49787861289123725,0.4897593126382044,0.5156282002995614,0.48966823900942713,11.4781556372549,12.830265282583618,7.755667892156863,12.623821607074204,5.813447258962528,5.861443325725027,5.638992436875679,5.856866228605815,0.16897947318001197,0.1681538676530083,0.17415613370233227,0.16824168139276283,0.41107112910056326,0.41006568699783735,0.41732018127851456,0.4101727457946991,0.9517187309872651,0.9419838093165568,0.9777152720536276,0.9446266751531238
Normal- (382).jpg,Normal,678.6234987745097,804.3655824682814,307.93943014705883,784.5432372164553,0.49834038887607546,0.4915247371670726,0.5149742149128496,0.4912418807412635,11.515226715686271,12.811657054978856,7.751991421568629,12.681922337562476,5.806157220025316,5.85227454527373,5.629256061640678,5.850264533401928,0.16878830830164476,0.168134377677766,0.17402497792784788,0.16806284088233303,0.4108385428628195,0.41004192185405386,0.4171630112172553,0.40995468149825176,0.9506480137065197,0.9415460814681368,0.9776124007453412,0.942986587849458
Normal- (383).jpg,Normal,696.2435661764705,816.2743867743177,309.36302083333334,802.3992618223758,0.5000791192691854,0.49188596921954064,0.5147706607461817,0.49228752991191616,11.651593137254899,12.91143406382161,7.772702205882353,12.80848904267589,5.802162005947595,5.848046974587388,5.623068425735688,5.8464989714075735,0.16910232385549573,0.16845784194734198,0.17430206768148832,0.16826106565052532,0.4112205294674571,0.41043616062347865,0.4174949912052698,0.4101963744970515,0.9494410851703019,0.9407695382426295,0.9775422672747194,0.941776344374441
Normal- (384).jpg,Normal,716.7321691176469,827.7043444828911,311.42011335784315,824.1850826605153,0.49918300807457067,0.492794853166257,0.5155430847301956,0.4926650797032994,11.778921568627448,12.957062668204534,7.756908700980392,12.924213763936947,5.811196065119824,5.854427419179499,5.626444918237565,5.855551784447458,0.16857736143869695,0.16809934356717562,0.17399898929441965,0.16779130411646306,0.41058173539344994,0.40999919947138386,0.41713186079993897,0.4096233686161753,0.9480276107878401,0.9400190445436993,0.9774224797667986,0.9402740736347194
Normal- (385).jpg,Normal,736.9038602941177,843.6264667435601,314.91833639705885,850.4695886197615,0.49987910492301213,0.491677166531558,0.5161117942052359,0.49156118439153773,11.837132352941177,13.048965782391386,7.815180759803921,13.034694348327564,5.804059327223106,5.851771726596558,5.627239650844773,5.851823929625802,0.16871170343137268,0.16804359391539128,0.17394929421676764,0.1678002390172886,0.4107453023850336,0.40993120632051333,0.4170722889581225,0.4096342747101231,0.9464661991169682,0.9387427980766029,0.9771231529002734,0.9382459069582212
Normal- (386).jpg,Normal,747.9386029411764,857.9263360246057,316.3914828431373,857.2026758938871,0.49971719688870725,0.4924505988303938,0.5169801208487276,0.49177755281800684,11.910079656862745,13.128950403690883,7.811672794117649,13.071864667435602,5.805224245914543,5.848181025808097,5.62284811462392,5.85214665304649,0.16876497754863679,0.1682581896384156,0.17422968845741432,0.1679012317298481,0.4108101478160402,0.4101928688293052,0.4174082994591918,0.409757527972151,0.9455568543621331,0.9375842336003515,0.9769716884995979,0.9376368812459303
Normal- (387).jpg,Normal,754.7633884803918,872.6151633986927,316.14924938725494,860.2356170703574,0.5006291889655797,0.492646653017227,0.5166203171695725,0.4936198666949525,11.897089460784308,13.167597078046903,7.813434436274511,13.012610534409841,5.796465837633552,5.843118474667733,5.616337184791778,5.839454672269848,0.16906111339200955,0.16842312286065106,0.17433187916662926,0.16824722647560644,0.411170418916548,0.41039386308843734,0.41753069248455166,0.41017950518718804,0.9449577674910088,0.9363993317730526,0.9769470183498137,0.9373016165967109
Normal- (388).jpg,Normal,746.7227634803919,857.6435832372161,314.3488970588235,858.4098423683197,0.49996677188965566,0.491738020299604,0.5159993672866094,0.49053770180100537,11.837193627450976,13.119723183390999,7.834099264705882,13.035386389850057,5.797989420475037,5.847099365915062,5.623417616911472,5.8448846031813435,0.16929239592062698,0.16866590447201785,0.1745856828700576,0.16848634179531385,0.41145157178047936,0.4106895475563237,0.41783451613055805,0.41047087813304595,0.9453231327597698,0.9372333011705164,0.9769839714413814,0.9371772224484841
Normal- (389).jpg,Normal,739.5404105392156,853.1234294502115,315.0137714460785,851.6905959246444,0.4985388955700567,0.491269294587522,0.5146789122180588,0.4915040246126483,11.826715686274511,13.084459823144947,7.804856004901962,12.957462514417534,5.805894630113757,5.852683086037499,5.628240866004094,5.849117057244503,0.1691224460975797,0.16861845186861407,0.17446809703411864,0.16825607871813417,0.41124499522496283,0.4106317716258863,0.4176937838107226,0.4101902957386171,0.9455222434114662,0.9371891349624667,0.9767967689187381,0.9372946267472295
Normal- (390).jpg,Normal,743.5608762254902,853.7681968473662,319.10776654411774,861.2788773548634,0.4979111062040443,0.49109850515950493,0.5140722488680904,0.49137863673522864,11.840747549019609,13.053148788927334,7.842815563725492,13.00544405997693,5.810668798030079,5.8568227496532685,5.633646464114833,5.851280382898999,0.16936177864940025,0.16876513108775326,0.17453799824492855,0.16840790309112758,0.41153587771833483,0.410810334689566,0.4177774506180636,0.4103753197880296,0.944928514914152,0.9367989110882365,0.9763670086222234,0.936242925062645
Normal- (392).jpg,Normal,733.9367034313724,849.7846059207993,313.99381127450977,829.6235294117644,0.496802224262065,0.48911058441144595,0.5127176178484105,0.48967108049098995,11.776899509803918,13.003029603998456,7.797365196078431,12.852010765090345,5.8201358336804905,5.866048538723829,5.640649791341079,5.863561298906095,0.1693620940329065,0.16864712814889007,0.17448786611238018,0.16860034260622844,0.41153626089678474,0.4106666874107152,0.4177174476992554,0.4106097205452258,0.9449107766185973,0.936250802943984,0.9764339439450626,0.9377632478980128
Normal- (393).jpg,Normal,741.23118872549,854.8688811995385,306.7802236519608,827.2890272971931,0.4976367406194876,0.48974684335350255,0.5131387206574796,0.4897744103337345,11.789767156862743,13.021806997308726,7.767876838235293,12.873740868896572,5.821251802027277,5.867046721860779,5.639333080176355,5.865407354908922,0.16995594709573084,0.16928887109193047,0.17539241956500365,0.16926931974378873,0.41225713710708617,0.41144728835165567,0.41879878171384843,0.41142352842756663,0.9440299915061745,0.9354824400853836,0.9768362858048912,0.9375639111924898
Normal- (394).jpg,Normal,734.425306372549,848.1490965013458,302.6410079656863,818.9849596309114,0.49664481772592894,0.4885062187730716,0.5126708082743023,0.4901927624593815,11.758609068627452,13.043152633602462,7.746369485294117,12.831941560938105,5.822628760680489,5.871280997384551,5.643423401759541,5.868642970929479,0.1704657962128824,0.16968832376155565,0.17587769153071392,0.1697854075289116,0.4128750370425444,0.4119324262079348,0.4193777432467225,0.4120502487912264,0.9442677499440845,0.9356752512178526,0.9770365562014743,0.9378870979148275
Normal- (395).jpg,Normal,728.385355392157,843.9046828143021,303.2826286764706,819.4829680891964,0.49618893781735873,0.488691143291273,0.5119740973231346,0.4893004654547737,11.726102941176471,12.94545174932718,7.727941176470589,12.760107650903496,5.822158736618324,5.868006620119961,5.641183777203599,5.863071324493029,0.17093624855636955,0.17020476488429534,0.17621684613020697,0.17029537528892338,0.41344437177977106,0.4125588017292751,0.4197819030522957,0.41266860225721486,0.9443939107691588,0.9356218154722188,0.9768529171835253,0.9374848524822929
Normal- (396).jpg,Normal,729.9201899509804,842.3213071895424,303.50436580882354,824.9428527489426,0.49666059002574403,0.4895147447290883,0.5124236497948848,0.48899164342104084,11.676225490196082,12.916955017301039,7.709329044117647,12.782729719338715,5.814176581244254,5.86294896822915,5.635135807880106,5.856854952084662,0.17172640602848083,0.17101369470027558,0.17705009428183432,0.17108215788414852,0.41439884897098933,0.4135380208641952,0.4207732100334268,0.4136207899563905,0.9439815643629265,0.935405927490167,0.9767145771378964,0.936738607949113
Normal- (397).jpg,Normal,715.9068933823529,831.1145559400231,302.86151960784315,815.8095809304114,0.4959972747931145,0.4883019713962074,0.5111852880678598,0.4884170642869549,11.623529411764705,12.894363706266823,7.784865196078431,12.76948865820838,5.810553762514957,5.860150507201272,5.640576312966832,5.857347416268409,0.17232409766526108,0.17161625855610213,0.1775460037530638,0.17154484734452083,0.4151193776075276,0.41426592734148693,0.4213620815320997,0.41417972831190186,0.9447987320648759,0.9359705594074225,0.9766563585433716,0.9371496615915256
Normal- (398).jpg,Normal,715.8110906862745,819.0215301806998,304.27388174019615,820.7663052672049,0.4959410113017085,0.488227662099495,0.5111864323568818,0.4884231972839196,11.612346813725491,12.81524029219531,7.748973651960785,12.78780469050365,5.807097659761586,5.853864459955978,5.6357679712641,5.85211326057223,0.17316209076643455,0.1725047756600284,0.17825798377858745,0.17222433710395296,0.41612749340368577,0.4153369423251782,0.4222060915934154,0.4149992013292953,0.9445351056094002,0.9365986862209221,0.9764345064724135,0.9364636213555221
Normal- (399).jpg,Normal,704.2317401960784,796.9774394463666,301.56596200980397,813.0109957708573,0.4966145075557522,0.4887221503462823,0.5114583355809484,0.4888789440967217,11.454319852941175,12.61982314494425,7.693351715686276,12.638954248366012,5.798185166732879,5.846245612083209,5.627987974629062,5.846053218935056,0.17374518195375588,0.1731623117775805,0.17896337606685983,0.1729412834888423,0.4168275206290437,0.41612775896061116,0.4230406316973109,0.4158620967205863,0.94493193889302,0.9377415306288598,0.9764307947059215,0.9364890175388632
Normal- (400).jpg,Normal,693.3583333333333,786.5072664359861,299.01723345588243,809.3791772395232,0.49574618868876713,0.48924867599561567,0.5108382721296101,0.48912597161480803,11.3969056372549,12.537839292579775,7.668030024509806,12.609965397923872,5.7889508151512405,5.835753592318899,5.6203824302870125,5.837458634696539,0.1746135281361511,0.17396646207555397,0.17980393799485198,0.17373701907748196,0.4178678357281775,0.41709286984501903,0.42403294446876644,0.4168177288425745,0.9453519522797857,0.9380709897993604,0.9764440149867137,0.9362700721754477
Normal- (401).jpg,Normal,693.491881127451,786.5951403306419,305.4393229166667,815.3932333717801,0.49643557164068264,0.48935816683296973,0.5104117815212219,0.4880038620647005,11.37671568627451,12.526120722798922,7.715977328431373,12.629281045751632,5.787425407013329,5.83517857073346,5.619578635509893,5.8362611021128625,0.175186086476468,0.17460622937884623,0.18041821765423016,0.17423125420811586,0.4185523700523842,0.41785910230464796,0.4247566569863622,0.41741017501747113,0.944933509001713,0.9376002892534033,0.97575777714793,0.9353157688137456
Normal- (402).jpg,Normal,687.9889093137255,778.1198154555939,305.7246783088236,808.2385390234526,0.4956922588462952,0.4880986474726594,0.5097697610083836,0.48820189200282127,11.318014705882353,12.472264513648597,7.702374387254904,12.540330642060745,5.790522193634784,5.837995508757297,5.623055058776037,5.8400909113753166,0.17564128718803318,0.17504788673684632,0.18095450196345017,0.1746222349343352,0.41909579714909234,0.4183872449499941,0.4253874727392077,0.4178782537227024,0.9449180808660274,0.9377582001510854,0.9755327776470305,0.9353490036150509
Normal- (403).jpg,Normal,675.3190563725491,765.3165705497886,295.21130514705885,792.1699653979238,0.4954382669128985,0.48783772298824696,0.5094387267035746,0.48814350001577794,11.227236519607843,12.38237600922722,7.612224264705884,12.45105728565936,5.79278252789517,5.83772347713329,5.6215426135139195,5.841084116498727,0.1764077243709601,0.17585798973304714,0.18176239201400168,0.17549739143005505,0.4200091955790493,0.41935425326690934,0.42633600834787777,0.41892408790860314,0.9454564713425987,0.9382420334858671,0.9761654550837298,0.936075072618117
Normal- (404).jpg,Normal,664.9518075980392,756.531841599385,290.5329197303921,777.7804998077661,0.49461711721574736,0.4876728774355974,0.5105431103560605,0.48728130211501514,11.206617647058824,12.313279507881585,7.544194240196079,12.392387543252593,5.790130016373636,5.8341908173959585,5.616719730485146,5.835061314917272,0.17733843635110302,0.17665295242521253,0.1826292979685173,0.17644360036013704,0.421115704232344,0.42030102596259805,0.427351492297052,0.4200519019837156,0.9457585310247669,0.9383398112150998,0.9763084064149674,0.9366079657004622
Normal- (405).jpg,Normal,657.955637254902,746.6214686658975,283.1046109068627,767.8646520569013,0.49452865534158613,0.48719934817811705,0.5085763909868581,0.4878251287787633,11.172579656862744,12.261637831603224,7.548881740196078,12.362583621683969,5.784868130723225,5.82926918904736,5.616220109484367,5.830842731177583,0.1776174066727641,0.17700430139474044,0.18274745461575037,0.1767590276179525,0.42144680171139526,0.42071879134968576,0.4274897128771058,0.42042719657266764,0.9458574493942926,0.9386143670003791,0.9767119521757018,0.9368677975349797
Normal- (406).jpg,Normal,660.1997855392157,745.4248366013071,282.2165134803921,765.7497885428681,0.49489837645683193,0.48720645751049696,0.5077635765376611,0.4863128706469074,11.172395833333333,12.253225682429832,7.5462622549019605,12.345159554017686,5.783625438030102,5.827117244105793,5.614346348235509,5.829521266697557,0.1784011278808781,0.17768647950001767,0.18375878310212734,0.17768337277783766,0.42237557680443377,0.42152874101301524,0.4286709496830026,0.4215250559312431,0.9453243435594955,0.9383188233536175,0.9766357877223635,0.9366370079787063
Normal- (407).jpg,Normal,668.7628982843136,752.0272356785849,286.68806678921567,768.0023221837754,0.4938470068248304,0.4863210281778352,0.5084981760289554,0.48617539152989353,11.217432598039213,12.272587466359091,7.5631893382352935,12.333118031526332,5.781822548206637,5.821101724939371,5.612690177528979,5.828080730505384,0.17892950613101782,0.1783814046027604,0.18431116675377265,0.17809514508142474,0.42300059826319136,0.4223522281257202,0.42931476419262904,0.4220132048661804,0.9442605811372768,0.9373753721772196,0.976113920168739,0.9360450562001379
Normal- (409).jpg,Normal,664.9863970588235,738.2566397539407,276.0029411764706,759.510403690888,0.49534422875188394,0.4898574093977084,0.5105187850679929,0.48871331528923206,11.072150735294118,11.998800461361013,7.397671568627453,12.135609381007303,5.759378501597558,5.799682589588952,5.59011889656064,5.80386711573561,0.18050118862505563,0.17998070372188488,0.18573754134246018,0.17964482746336718,0.42485431458919615,0.42424132722058666,0.43097278492088126,0.4238452871784316,0.9438984446172417,0.9377788570351705,0.9767258738551358,0.9359875646671095
Normal- (410).jpg,Normal,648.9630208333333,725.8839523260283,273.4340379901961,743.519938485198,0.496729634462209,0.4906447544878997,0.5109510554127775,0.48835022748715384,11.009007352941175,11.94712802768166,7.359283088235294,12.053487120338332,5.750422116246678,5.789297107940082,5.580922481746044,5.794783022404215,0.18125748413977652,0.1807353035039165,0.18662072427728377,0.18049549309769222,0.4257434487338314,0.42512974902247963,0.43199620863762656,0.4248476116182039,0.9447502052452138,0.9382678175110721,0.9767336829529945,0.9367679800887656
Normal- (411).jpg,Normal,650.6056372549019,728.2272356785849,276.0929534313726,750.4926105344099,0.4960311758209891,0.4895710043184669,0.5111918798987647,0.488720289615424,11.030361519607842,11.965367166474428,7.374754901960785,12.130903498654366,5.750272648080449,5.7859028940698645,5.574594217502327,5.7926023936011815,0.18247429941214768,0.18200414231594877,0.18772859508099365,0.1816773325729716,0.4271701059439292,0.426619434995581,0.433276580351389,0.4262362403327193,0.9441188373929246,0.9375248799577319,0.9763009418136699,0.9356147179935103
Normal- (412).jpg,Normal,647.5989889705882,728.5492502883505,270.6226256127451,741.1387773933103,0.4950229662189962,0.48866556544497464,0.5098068837797964,0.4887164204878502,11.002389705882353,11.93016532103037,7.331908700980392,12.04166089965398,5.751270712761803,5.789673222942238,5.578832300181306,5.794764286566582,0.18295461617264097,0.1824527320917737,0.18831279937967074,0.18231806114851576,0.42773194429764183,0.4271448607811801,0.43395022684597223,0.426987190848292,0.9437203733412471,0.9367634462777843,0.9764977636114246,0.9356707016118678
Normal- (413).jpg,Normal,646.0664522058823,725.3856670511343,270.43803615196083,744.3079277201075,0.49416157706681474,0.4883160021109796,0.5099616267393485,0.48680492835166067,10.988511029411764,11.945328719723184,7.337974877450982,12.076324490580546,5.747724132787839,5.786240606841613,5.573052731981376,5.790336992741528,0.18397347150697757,0.18340598613404097,0.18938873150219432,0.1833150922788546,0.4289212882417677,0.4282592510781769,0.43518815643603437,0.42815311779648946,0.9430780147688302,0.9361696029652921,0.9761900137576519,0.9345045364135846
Normal- (414).jpg,Normal,644.4833639705882,724.5253364090735,270.0589460784314,745.9542022299115,0.4930810660647724,0.4864967944349681,0.5070091919546245,0.4859559184000783,10.980453431372549,11.927197231833912,7.383118872549018,12.10706651287966,5.75521797858247,5.794666886521178,5.585818701408481,5.79779302580728,0.18414639647123413,0.18355585272337066,0.1894449340632585,0.18344868417065502,0.4291228221281573,0.42843418715523934,0.43525272436052426,0.4283090988651245,0.9424448087359859,0.9353730502902133,0.9758982660483584,0.9334616164670638
Normal- (415).jpg,Normal,636.7125919117645,717.8198231449444,266.2858455882353,728.8495501730102,0.49174713983784646,0.4853254504637184,0.5067759855690537,0.4851858147666489,10.925030637254899,11.877739331026529,7.313327205882352,11.995570934256055,5.752884080500408,5.7892677015050875,5.585076121826341,5.7958555531435785,0.1846942840306312,0.1841911563603211,0.19007456109598034,0.18395049122708987,0.4297607288138729,0.42917497173101915,0.43597541340766033,0.4288944989471069,0.9423346369130717,0.9350612613492065,0.9758973909526457,0.9340634391412224
Normal- (416).jpg,Normal,628.381954656863,709.3210149942329,263.88325674019615,718.9375932333717,0.4918903347069223,0.48545367166101283,0.5069594625506882,0.485380085637246,10.839062500000002,11.77428681276432,7.2865962009803935,11.863790849673201,5.742500930702377,5.780926466207882,5.575088709867929,5.7852106864518635,0.18621305237637736,0.18561947826827316,0.19152856811382662,0.18551709467316638,0.4315241040502574,0.4308357903752579,0.43763976980368985,0.4307169542439285,0.9424312165549532,0.9350846220316816,0.9758372917182198,0.9342045355856868
Normal- (417).jpg,Normal,621.0855392156861,701.8157324106112,266.8202512254902,711.3283198769702,0.4930579781316725,0.48723986608674724,0.5074621416318817,0.486529134562215,10.765778186274506,11.680184544405996,7.265992647058823,11.775071126489808,5.727227478135131,5.76554060750449,5.556371906179377,5.767260141115225,0.1874419816371708,0.18697481833873072,0.19281180024284536,0.18682899656639904,0.43294570287412576,0.4324058491032825,0.4391034049547388,0.4322371994245741,0.9426625662019417,0.9352775693285215,0.975380212125591,0.9344003051773132
Normal- (418).jpg,Normal,612.5352022058825,695.9545405613223,266.43560049019607,703.0609150326795,0.4937444205833518,0.48843666235939576,0.5091315450592527,0.48885217581360024,10.634589460784316,11.579915417147244,7.22389705882353,11.635586312956551,5.700847073547912,5.736270801723978,5.536392665304028,5.738093230833323,0.1888075665243312,0.1881782014754623,0.1941588778204297,0.18814423305382935,0.4345199264985798,0.43379511462839493,0.44063463075481224,0.43375596025164814,0.9431714707819865,0.9355001276253941,0.9752933793535514,0.934841521035833
Normal- (419).jpg,Normal,605.9414522058822,693.3337793156479,262.7431525735294,697.6474125336409,0.496010022521379,0.49014730144124685,0.5110665156914597,0.4901398759345843,10.530055147058821,11.551941560938102,7.1686427696078425,11.541976163014226,5.693285586922812,5.737528859293786,5.527583915928408,5.732566093967433,0.18961866015793954,0.18921518447123747,0.19506470500941653,0.18897886392436827,0.4354522478503694,0.43498871763671926,0.44166130123593184,0.43471699290960353,0.9437744514247683,0.9357223853823239,0.975627568169307,0.9353224769084257
Normal- (420).jpg,Normal,588.0988970588235,669.2997154940405,256.29457720588243,685.7998308342944,0.49802330079396084,0.49288440548175216,0.5127280596292199,0.4925731891799342,10.419025735294117,11.352987312572083,7.130606617647061,11.476939638600536,5.67022226379266,5.708602164477147,5.5121654537514075,5.710628982270174,0.19141872407472493,0.1910371018983766,0.19671838357786833,0.19083488079659408,0.4375142558531378,0.4370779128466418,0.44352946190514597,0.4368465185812908,0.9455787558619239,0.9381133196909438,0.9762877385329873,0.936587639432181
Normal- (421).jpg,Normal,587.5458333333333,668.6611457131874,253.74425551470588,680.2974394463668,0.4986468588652997,0.4940257183577073,0.5153306153457669,0.49455356535683964,10.40251225490196,11.313325643983084,7.078936887254902,11.398954248366014,5.650965356773983,5.685519962564941,5.489235726710916,5.690542319560156,0.1928073853430773,0.19247183023830336,0.19819002555545057,0.19217436123479553,0.43909837775045046,0.43871611577226494,0.4451853833578216,0.4383769624818297,0.9458741228688224,0.9384543072585662,0.9766303164537051,0.937383265874836
Normal- (422).jpg,Normal,589.759681372549,669.3275663206459,249.96631433823538,676.7496655132638,0.5037168532598697,0.49838808344740054,0.5177904948786705,0.4970213671535092,10.322886029411766,11.22732795078816,6.973177083333335,11.265866974240673,5.617542668921283,5.65286354559036,5.451917737394922,5.655190390375637,0.19422819754289972,0.19377095781780906,0.19963922813735263,0.1935903431694046,0.4407132826939752,0.44019422737901626,0.44681005823207764,0.4399890261920229,0.9460893801326752,0.9388622046034185,0.9771530175255917,0.9381842543669656
Normal- (423).jpg,Normal,582.5822610294117,657.0932103037294,244.38618259803928,674.0929796232219,0.5065867742570148,0.49939340318685504,0.519849164649723,0.49991344269350163,10.165839460784314,11.074786620530567,6.8607843137254925,11.129719338715878,5.587647990721551,5.625072804524977,5.426432858640085,5.625789385040761,0.19547692896906396,0.19512280034251756,0.20085406064712216,0.19490385719507813,0.4421277292469496,0.4417270654403209,0.4481674471077994,0.4414791696049522,0.9469181050043473,0.9401652088170493,0.9777313953162127,0.9386172128380312
Normal- (424).jpg,Normal,568.1452818627449,637.5174317570164,240.72041973039217,663.7664436755092,0.5077586221376661,0.5008584735179045,0.5222389886509637,0.500850745433081,10.073345588235291,10.934978854286811,6.832092524509804,11.097623990772778,5.563027837931571,5.601166653713333,5.4045867256505575,5.607314181566046,0.19669739074589696,0.1962407883520386,0.20225847419524656,0.19609882278442275,0.44350579561703246,0.4429907316773553,0.44973155792677766,0.44283046731725983,0.9480041823749985,0.9416918474966858,0.9779682103320465,0.9392910795901729
Normal- (426).jpg,Normal,543.3707414215686,612.0682045367166,230.5505055147059,630.3328719723183,0.5120521121906,0.5056707408860833,0.5261723749611329,0.50555861790471,9.777910539215686,10.623252595155709,6.731908700980393,10.752310649750097,5.517196585079876,5.553428328959129,5.366835941348958,5.5556494673315155,0.19953957316784715,0.19919828486988045,0.20505598162834762,0.1990607121355301,0.44669852604172217,0.4463163506638318,0.45283107405339096,0.44616220384018423,0.9498923195167038,0.9435937945695014,0.9787375895970775,0.9419105825093814
Normal- (427).jpg,Normal,530.6117034313725,601.7795924644369,231.0526348039216,616.6136716647444,0.5131522610365058,0.5072581032484699,0.5263016715438404,0.5074490941691798,9.714399509803918,10.550034602076128,6.692371323529411,10.65377931564783,5.502539127809467,5.536194423985917,5.348221725556741,5.5397419847215605,0.20107338816970177,0.2007995176492169,0.20662832621655444,0.20062300280509035,0.4484120740677059,0.44810659183861257,0.4545638857372574,0.44790959222268323,0.9508120071999543,0.9442479523193087,0.9785779689320122,0.9428736446803808
Normal- (428).jpg,Normal,515.5935661764706,588.3721799307957,226.51098345588235,598.6162706651289,0.5146552591943678,0.509219825832166,0.527978735967747,0.509309606986517,9.588572303921568,10.422191464821221,6.617080269607843,10.504006151480201,5.478911513839334,5.509678847428722,5.327551204432394,5.516506603237547,0.20307909550826306,0.20279500579509757,0.20867473234171507,0.20259530689479885,0.45064298009429044,0.4503276649231064,0.4568092953757783,0.45010588409261976,0.9518798835094832,0.945126343109405,0.9788585853914754,0.9441709432123907
Normal- (429).jpg,Normal,493.18851102941176,567.3926797385622,222.32774203431373,576.9667512495195,0.5156593171346032,0.5105113694167469,0.5283236638544182,0.5105356564414898,9.379197303921568,10.240692041522493,6.541498161764705,10.328565936178393,5.453661155517837,5.487673507283678,5.301675462241878,5.49174703002468,0.204728019858085,0.2045660195462042,0.21018752717366831,0.20443392922102394,0.45246880539776996,0.45228975175898495,0.45846213275871356,0.45214370417050365,0.9535179363203948,0.9465621706303815,0.9790445680348157,0.9456604712993104
Normal- (430).jpg,Normal,321.88550857843137,810.039815455594,630.778262867647,746.1889273356401,0.548222913455991,0.5313820839458685,0.5400355685246543,0.5330166501852623,7.4893382352941185,11.111557093425606,9.328936887254901,10.718539023452516,5.101311742046439,5.258174565853507,5.170151940820906,5.243633104742739,0.2344967025997364,0.2267027518029398,0.2303762871354692,0.22788987348639003,0.484248595867594,0.4761331240345916,0.4799752984638576,0.47737812422270676,0.9725513614140822,0.9309697747037515,0.9462131630804398,0.9364110395751665
Normal- (431).jpg,Normal,321.768443627451,811.3965090349866,631.5314031862744,746.892333717801,0.5491818968043414,0.5313684524898158,0.5405091293603431,0.5329078085793384,7.459803921568628,11.099454056132258,9.325857843137253,10.706743560169166,5.09853273358225,5.254830802442397,5.1686997317239225,5.2423910601509665,0.23451130739041184,0.2265961000124017,0.2302423511051938,0.22769794139154179,0.484263675481046,0.4760211129901716,0.4798357543005667,0.477177054552649,0.9726130622061753,0.9309850239662179,0.9462507092082592,0.9364715574477203
Normal- (432).jpg,Normal,322.368612132353,812.3169242598999,632.9359528186275,748.1866359092656,0.549392436199039,0.5310223608153817,0.5407454665727345,0.5325153840251023,7.4510569852941195,11.120030757400999,9.355560661764706,10.742575932333716,5.101268756102073,5.258120734503956,5.1709008364215645,5.244651051065702,0.2346535776175706,0.22688501287692703,0.23063579308532933,0.22805796688080654,0.4844105465589809,0.47632448276036266,0.48024555498758065,0.47755415073141866,0.9725893481986261,0.9309756735584565,0.9461849106747596,0.9364249629007132
Normal- (433).jpg,Normal,326.226868872549,816.0926720492118,635.8519301470587,753.9892656670512,0.5479444258940774,0.5305483382794018,0.5402748493042749,0.5323718033446542,7.484865196078431,11.143560169165706,9.396476715686275,10.78797385620915,5.106783510793534,5.263890179706722,5.1799770323742305,5.252419724213219,0.23472670294421777,0.2269327697432789,0.23063545493976928,0.22806319871353414,0.48448601934856467,0.47637461072487786,0.48024520293259493,0.47755962843767913,0.972272983363765,0.9306841339969231,0.9459597488684107,0.9359589655724981
Normal- (434).jpg,Normal,328.74241727941177,820.2070588235295,637.28046875,756.4590542099194,0.5479045252188167,0.5301322099084396,0.5399097090688563,0.5312955663488866,7.475934436274509,11.163552479815458,9.400168504901961,10.79286428296809,5.103871229625,5.260583019659851,5.177798912105729,5.249511177725758,0.23507352847312338,0.2272890066680945,0.230902002225331,0.22844415094244797,0.484843818639697,0.47674836829096173,0.4805226344568287,0.47795831506779746,0.9720690247045699,0.9303593342462679,0.9458575603382401,0.9357719351669814
Normal- (435).jpg,Normal,330.5239583333332,822.5425144175317,637.4883118872549,759.3579238754326,0.54935022848825,0.5305371405327991,0.5395805710268385,0.5318665514689469,7.470098039215685,11.172302960399847,9.39701286764706,10.792141484044599,5.10062057321794,5.262659279901688,5.176570387572431,5.246826979486233,0.23519339438632383,0.22730234587265036,0.23096175367215277,0.22844266403910246,0.4849674157985501,0.4767623578604443,0.48058480382982643,0.4779567595913907,0.9719163116255197,0.9301582625047091,0.9458377018369679,0.9355232394013906
Normal- (436).jpg,Normal,333.04166666666663,825.1090349865435,638.2815410539214,763.7993540945789,0.5484384404361291,0.5300146680444946,0.5396831779252075,0.5310910078427266,7.502542892156862,11.181284121491732,9.372533700980389,10.803613994617454,5.103361868661013,5.263010315893588,5.174009945112537,5.2470163925430935,0.23522867967604869,0.22738075501378288,0.23111402242470586,0.22855105945854368,0.4850037934656271,0.476844581613111,0.4807431980014963,0.47807014073098486,0.9717174368848077,0.9299779561471335,0.9457993831244609,0.9351809402158907
Normal- (437).jpg,Normal,333.9850183823529,828.8468589004228,641.3935202205881,767.2545174932719,0.5481725406932966,0.5301898399907402,0.5397667479053484,0.5314074601093512,7.530943627450979,11.226497500961166,9.411473651960783,10.837477893118033,5.099993844858597,5.26091696805088,5.173366734538773,5.247688682674515,0.23544265013756718,0.2276958647644023,0.23137446396536937,0.22889764109004293,0.4852243297048976,0.4771748785973569,0.48101399560238306,0.4784324833140439,0.9716591859925224,0.9297155105822097,0.9455772100707394,0.9349384130054521
Normal- (438).jpg,Normal,334.5355545343137,832.8596078431373,644.6254442401959,769.2957477893119,0.54861804603905,0.5310090139680502,0.5400473580359751,0.5327017906259369,7.548177083333333,11.251426374471357,9.432613357843135,10.840999615532489,5.097050541835783,5.255720328529003,5.168452278726497,5.2398015510148355,0.23541167790502013,0.22771913171537697,0.23156073781812425,0.22895215961802173,0.4851924132805666,0.4771992578738749,0.4812075828767916,0.4784894561200087,0.9716640500705636,0.9295038645867928,0.9454018536808771,0.9348841308928333
Normal- (439).jpg,Normal,333.6804074754902,835.6237447135718,648.2605238970588,770.5248135332565,0.5492290681495672,0.5313374822321272,0.540810355814764,0.5317786919057574,7.55436580882353,11.309034986543638,9.456786151960785,10.879723183391004,5.1008593381501,5.259443627944606,5.1710600712839625,5.245469740968278,0.23556162105620435,0.22784050318682328,0.23163869304136334,0.22904176606134843,0.48534690794956586,0.4773264115747454,0.4812885756397749,0.47858308167062114,0.9717733767923251,0.929362654405258,0.9451659391374454,0.9348656283558228
Normal- (440).jpg,Normal,333.5368872549019,839.6187466359091,651.311626838235,771.5101114955785,0.5489167567774502,0.5304009785736927,0.5405889019892377,0.5325943603387974,7.578186274509802,11.368873510188388,9.50127144607843,10.910403690888119,5.106555064353145,5.266831094734522,5.177968201945866,5.250099668280285,0.2361359629324883,0.22852659224759173,0.23234344189096437,0.22965939595881912,0.48593822954413485,0.4780445504841486,0.48202016751476734,0.4792279165061434,0.9717885499006128,0.9290326840990352,0.9449140361158834,0.9347894481600495
Normal- (441).jpg,Normal,335.0821997549019,843.9647981545559,652.0874846813726,770.2935332564399,0.5474698918367329,0.529768132315176,0.5396246608140965,0.5315663071980528,7.617800245098039,11.422821991541714,9.528048406862744,10.932364475201847,5.123001483093875,5.280554258084766,5.192033254621235,5.263743375189694,0.2360877353033164,0.22862790814345338,0.2323659766760757,0.22965690509417241,0.48588860380062054,0.4781505078356117,0.48204354230305346,0.47922531766818455,0.9716274111392015,0.9285890086210216,0.9447894434099547,0.9348226075507656
Normal- (443).jpg,Normal,335.8548866421569,843.9566935793927,654.0330116421569,769.8121953094964,0.5490797431159667,0.5311601604008731,0.5403127090730822,0.5333516290517684,7.631510416666666,11.39838523644752,9.546001838235295,10.936931949250289,5.121488136620797,5.277992238817578,5.189545427220127,5.261135632162771,0.23758333187843925,0.2299293793635992,0.2337990885979852,0.23097677860569107,0.48742520644550097,0.47950951957557547,0.4835277536998111,0.4806004355030185,0.9714449813745695,0.9282968255718117,0.9443965721848433,0.9345961960641399
Normal- (444).jpg,Normal,336.8964767156863,842.0578854286814,652.9008578431371,770.5030988081505,0.5482969872369825,0.531452936325176,0.5404196341809968,0.5328156518251006,7.648805147058823,11.374271434063822,9.537653186274508,10.961722414455977,5.115856116193214,5.272041543514938,5.183240005919677,5.2568837257982945,0.23795810956122654,0.23027145381194142,0.23408754142693763,0.23123350771100507,0.4878095013027386,0.4798660790386641,0.48382594125050554,0.4808674533704741,0.9712916500062015,0.9282967734175399,0.9443670942255985,0.9343898332497622
Normal- (445).jpg,Normal,337.12143075980396,842.9707035755479,651.3705116421569,767.8557170319107,0.5487754741715662,0.5313455596496933,0.5401516645663024,0.5326704637366216,7.627864583333334,11.371964628988852,9.506234681372549,10.916816608996537,5.103946188489047,5.259062512888491,5.17115982966282,5.2456195810341315,0.23869312232111753,0.2309679701164829,0.23477081615619602,0.2320921087784383,0.48856230137119416,0.4805912713694277,0.48453154299405116,0.4817593888845741,0.9712224211233562,0.9280942381920341,0.9444004552908668,0.9345015786935555
Normal- (446).jpg,Normal,335.97380514705884,841.3448212226065,648.7566636029411,763.8401384083044,0.5498859904279486,0.5335774388026705,0.5428816280910995,0.534523215657242,7.609037990196079,11.32624375240292,9.456571691176471,10.84461361014994,5.093134006902186,5.248302680948719,5.158569182072149,5.233313069141111,0.23922060170479806,0.23135223269789018,0.23523455639244828,0.2324638229078485,0.48910183163099896,0.48099088629400266,0.48500985185091683,0.48214502269322296,0.9712969470050288,0.9281745428741948,0.9445780695051842,0.9347911038039193
Normal- (447).jpg,Normal,334.20461090686274,838.2789081122644,647.1563572303921,763.1008996539794,0.5512138421762458,0.5344247488852001,0.5441144649492968,0.5353037809839836,7.574402573529412,11.288458285274894,9.426179534313725,10.840476739715497,5.087151892878347,5.24034972754674,5.150015007445185,5.227116017545266,0.23919712205979982,0.23146398872701626,0.23528835567956896,0.232602999142228,0.4890778282234841,0.48110704497753537,0.48506531073616155,0.48228933135849894,0.9714704430233085,0.9284927153506032,0.944757809123889,0.9349055872458379
Normal- (448).jpg,Normal,330.9719975490196,836.598800461361,648.1174785539215,763.0105497885429,0.5518116453920379,0.5351104118809115,0.5446505774280657,0.5366740214103409,7.531709558823529,11.268973471741639,9.425199142156861,10.82720492118416,5.075579136142572,5.229083527307721,5.139301494710217,5.214566620909537,0.23984702832237761,0.23198822740078234,0.23587108443398427,0.23314427736884688,0.48974179760602177,0.4816515622322659,0.48566560968837835,0.48285016036949485,0.9717802559952253,0.9287222222087821,0.9447420814929729,0.9349919024624579
Normal- (449).jpg,Normal,329.08135723039214,839.9549404075356,653.0158547794115,762.8002768166089,0.5527405807370448,0.5353041541164024,0.544520975765655,0.5376999920774814,7.5162837009803924,11.28870434448289,9.461718749999998,10.814117647058822,5.071694678707308,5.226380510316991,5.138357440083654,5.212675585153615,0.24010774253836425,0.23206648080374834,0.23590948061592884,0.23326918339898547,0.4900079004856598,0.4817327898365943,0.48570513752268346,0.4829794854846171,0.9719639957944266,0.9284946598405875,0.9443695838320098,0.9350628341551257
Normal- (450).jpg,Normal,329.123743872549,845.0806920415223,656.7521446078431,766.2697731641676,0.5539994254261922,0.5352796287000039,0.5452262821912238,0.5370864730285663,7.507628676470588,11.322383698577468,9.50502450980392,10.826020761245676,5.06934148003879,5.224086504370213,5.138021389121939,5.210920375071744,0.2404769434006753,0.23258961961366706,0.2363161912307241,0.2336026527519286,0.49038448527729267,0.482275460306314,0.48612363780289897,0.4833245832273883,0.9719684147768797,0.9280798573579793,0.944067574422588,0.9347870186749839
Normal- (451).jpg,Normal,327.8001991421569,844.1004536716646,657.3373927696078,768.9871280276815,0.5541593470079522,0.5368037188421709,0.546665386348282,0.5385189387176954,7.4872395833333325,11.323275663206456,9.517264093137255,10.855271049596308,5.061584152896717,5.221930311016084,5.13587055319213,5.206636814755949,0.24116352648883546,0.23311532851721617,0.2368600441574455,0.23424815233132013,0.49108403200352124,0.48282018238389346,0.4866826935051682,0.48399189283635746,0.9720467958431246,0.9280756143040482,0.9439490789917409,0.9344758949590626
Normal- (452).jpg,Normal,327.7856004901961,843.5358708189159,657.9448529411766,769.9046212995004,0.5553229464071272,0.5383871884563832,0.5461800620910802,0.5382505695052695,7.495189950980392,11.308696655132643,9.537469362745098,10.885720876585928,5.060626303834418,5.216738331794872,5.1325459083777485,5.203890772596335,0.2413864267151983,0.2334227729227853,0.23716612877821935,0.2344811062376417,0.49131092672074606,0.483138461440181,0.4869970521247735,0.4842324919268034,0.9719836748714331,0.9279586467110658,0.9437680667686258,0.9342470513222229
Normal- (453).jpg,Normal,329.8106158088235,845.2477816224527,658.3346813725489,771.6158861976162,0.5556837367403399,0.5391356325784081,0.5457081392201977,0.5390548596770618,7.507889093137255,11.325905420991926,9.551164215686274,10.9037908496732,5.057063277485973,5.216731165929,5.132141805124936,5.202009182648092,0.24192743309458062,0.2338549654917865,0.23764171173553283,0.23497001446076757,0.49186119291379415,0.4835855306890256,0.4874850887314737,0.48473705703274594,0.9717509694901774,0.9276596590186451,0.943615569385646,0.9339614282015373
Normal- (454).jpg,Normal,329.9607383578431,843.5736870434449,656.5252450980392,772.4287735486351,0.5556268190839216,0.5377009675563673,0.5464511427820935,0.5390057881136484,7.514476102941177,11.373056516724338,9.561397058823529,10.91590926566705,5.05483393222844,5.214535490367265,5.133040904528673,5.201552417304454,0.2419741150160471,0.2338751782245643,0.23755790161930665,0.23488295138607118,0.4919086449901517,0.48360642905627743,0.48739911942811986,0.4846472442778058,0.9716347165151098,0.9275382672627921,0.9435646730154821,0.9336495101648088
Normal- (455).jpg,Normal,329.8981158088235,839.9352249134946,655.4933976715686,774.5593540945787,0.5558745904980333,0.5383355788217427,0.5459397629606523,0.5379623363283802,7.500536151960784,11.3198308342945,9.553446691176472,10.927950788158396,5.05155263620223,5.210189818230816,5.127303891946406,5.1976229361496245,0.2417160771013178,0.23372484205569052,0.23738959441868815,0.23463919076462006,0.49164629267525023,0.48345097171863305,0.4872264303367462,0.4843956964761558,0.9714905296279351,0.927470053017175,0.943356120286167,0.9331153793516438
Normal- (456).jpg,Normal,331.0585324754902,839.9877739331027,656.0063419117646,778.6195617070355,0.5569208398187673,0.5388360965801284,0.5462216916318218,0.5387042081022587,7.475382965686275,11.318738946559018,9.557965686274509,10.945374855824678,5.049224177951297,5.214148329095059,5.129447831560649,5.198179278020813,0.241640504501912,0.2337340705767648,0.2372962736359288,0.23459653683608203,0.49156942999123937,0.48346051604734464,0.4871306535580868,0.48435166649458533,0.9712451646500553,0.927097837724651,0.9430242903932077,0.9324239573481601
Normal- (457).jpg,Normal,328.9577512254902,839.7205382545175,657.1919730392158,776.8713571703192,0.5562050244624535,0.5377855817484117,0.5461318792820515,0.5386228755385306,7.440655637254902,11.332656670511343,9.579595588235295,10.932410611303347,5.048024619157987,5.214771453112188,5.132400522696455,5.199755209931093,0.24167751865174297,0.2337112027270143,0.23742174922205406,0.23469258483229108,0.4916070775037143,0.4834368652957843,0.4872594270222528,0.48445080744312013,0.971299387650743,0.9267939982307526,0.9426651055404004,0.9322731273600806
Normal- (458).jpg,Normal,324.3298253676471,833.8357400999614,652.7019914215687,767.6977931564782,0.5561203192476424,0.5382686094092582,0.5469398256998613,0.5392062694447292,7.421430759803924,11.312187620146094,9.543872549019609,10.881799307958477,5.050767064450017,5.217280323570998,5.135570281301764,5.2031835412457985,0.24155227796062526,0.23357301851046247,0.23725309061756603,0.23456992630374165,0.49147968214426246,0.4832939255882102,0.48708632768490434,0.4843241954556283,0.9715608832605362,0.9269417408533509,0.942770101891576,0.9327365551493234
Normal- (460).jpg,Normal,318.4046415441177,826.9361937716262,648.5180300245095,757.8096732026142,0.552945104290352,0.5334424638222708,0.5421583863742249,0.5356298605881058,7.42765012254902,11.325674740484427,9.577374387254899,10.861853133410225,5.084564970016416,5.247229835521704,5.164915371198445,5.232564446016799,0.24152829555583347,0.2333940330228177,0.23714099712437806,0.23455309085421105,0.4914552833736081,0.4831087176017606,0.4869712487656515,0.4843068147922462,0.9716100199415372,0.9263250909412759,0.9421783431099466,0.9324838371115696
Normal- (461).jpg,Normal,317.19120710784307,825.3197539407921,646.5880055147059,753.9494194540562,0.5519427677659009,0.5332715360809064,0.5411057170907337,0.5351244098148236,7.40643382352941,11.30640522875817,9.553048406862745,10.816624375240293,5.09025282704569,5.253378392322197,5.171570972795621,5.234858522014564,0.24133172433773212,0.2333525888144343,0.23706595251075313,0.23448219593179864,0.4912552537507687,0.483065822444969,0.4868941902618608,0.48423361710211593,0.9714525487674317,0.9257777657795858,0.9418087133422705,0.9321962062172102
Normal- (462).jpg,Normal,313.3294730392157,821.6437677816226,645.9920649509804,750.5157400999617,0.5510240812986854,0.531988606111108,0.5399579936391831,0.5330808842273163,7.385814950980392,11.318077662437524,9.546476715686273,10.811810841983853,5.097233880772051,5.263228947109497,5.1752183240524765,5.243076638481325,0.241225325464515,0.23339885806792726,0.23694782460941258,0.23438099497708934,0.49114694895165034,0.48311371132263187,0.48677286757728455,0.48412910982204876,0.9715635589328452,0.9254886106585173,0.9413751661889044,0.9319389098897636
Normal- (463).jpg,Normal,310.95310968137255,819.4793694732793,645.1550704656861,748.2047827758554,0.5500852501698925,0.5318978238613024,0.5399282283980712,0.5333306110814234,7.375199142156863,11.31260284505959,9.52954963235294,10.786097654748172,5.096125803230585,5.263961324173218,5.175783436198996,5.238831996333078,0.24152167379283218,0.23361773735917077,0.2371824088091118,0.2347053456652654,0.4914485464347536,0.4833401880240984,0.48701376654989104,0.4844639776756012,0.9715842190972829,0.9251713650251775,0.9410466550177332,0.9316796192041583
Normal- (464).jpg,Normal,310.63411458333337,815.4916262975776,642.6880208333333,745.7470049980774,0.550325131620853,0.5323622495151946,0.5405944272051977,0.5340332602993891,7.365242034313727,11.253410226835829,9.488878676470588,10.722537485582464,5.0976104222930605,5.26357382490589,5.175818249362782,5.241817944089137,0.24140771967775335,0.23349376906909322,0.23699738569600634,0.23453585937801386,0.49133259578187294,0.48321192976694316,0.48682377273096095,0.4842890246309675,0.9714688373426092,0.9251563842911821,0.9409728491268738,0.9315573569878557
Normal- (465).jpg,Normal,309.59194240196075,810.4147481737793,640.0562959558822,742.4487658592848,0.5510195578822614,0.5330282386924345,0.5414682435578408,0.5341558436198599,7.352450980392156,11.212656670511343,9.441191789215683,10.67111111111111,5.102451373971559,5.268435341380935,5.178368735823902,5.244232807856695,0.24185572593774016,0.23383343046274602,0.23744143452657177,0.2349501173431505,0.4917882938193427,0.4835632641782728,0.48727962662784474,0.4847165329789675,0.9714458363802483,0.9253123989508117,0.9409691341655658,0.9315761252507837
Normal- (466).jpg,Normal,309.3513327205883,809.2387697039601,638.6890931372549,741.3194463667821,0.5513159477352424,0.5319897953197174,0.5424129014938198,0.5358015942168269,7.360309436274509,11.243813917723955,9.430361519607843,10.635217224144561,5.107650392974925,5.273224824831519,5.18029918563995,5.247040175346482,0.24235459928648243,0.23442701306287883,0.23808451123441102,0.2355477593053038,0.4922952358965933,0.4841766341562538,0.4879390445889845,0.4853326274889252,0.9714730591740797,0.9254351237271857,0.94110528180286,0.9316933458128908
Normal- (467).jpg,Normal,311.3710324754902,811.1340099961551,637.1194240196078,739.5801153402537,0.551375634657457,0.5326371274697079,0.5422569816508084,0.5359167637794933,7.3695925245098035,11.25187235678585,9.430453431372548,10.625374855824681,5.108833667279365,5.277486854551714,5.182509105117095,5.249475447731919,0.24234567128159093,0.23441529509618403,0.2381045626090702,0.23571488575136185,0.4922861680786806,0.4841645330837277,0.48795959116413545,0.48550477417978277,0.9713065168750968,0.9253129143729071,0.9412903333797381,0.9319014087416029
Normal- (468).jpg,Normal,312.6018382352941,809.9119723183389,635.1405330882353,738.9960476739716,0.5524850127006801,0.534299930906118,0.5439802878075982,0.536661225062722,7.386427696078431,11.264775086505189,9.420557598039217,10.655624759707806,5.106549203604013,5.273569352475372,5.1786630815142995,5.250730692128176,0.24270964966054978,0.23466894692411938,0.23848190993998708,0.23593811660584807,0.4926557110808214,0.48442641022565996,0.4883460964725602,0.48573461540829893,0.9712667165200307,0.9256171795711421,0.9416220471508185,0.9321301422987692
Normal- (469).jpg,Normal,315.81066176470586,812.2606535947712,635.9017616421568,744.18216070742,0.5543693532067371,0.5363785239445238,0.545330833414506,0.5401633742298069,7.4277267156862745,11.279800076893501,9.413526348039216,10.68624375240292,5.0901443773521855,5.254944908188273,5.158064788791005,5.230512008484084,0.2429047171751475,0.23506345877971677,0.23873374625106628,0.23624516273795843,0.49285364681124916,0.48483343405722007,0.48860387457639576,0.4860505763168669,0.9711665440446613,0.9259034994953778,0.9419442352744039,0.9321137942576034
Normal- (470).jpg,Normal,319.5776041666667,816.7980622837372,637.0232843137255,748.2650365244137,0.5557042105051336,0.5380251998329764,0.5480235938217649,0.54077929052826,7.451225490196078,11.311557093425606,9.423161764705881,10.746297577854673,5.074215650835431,5.240343334426869,5.146281364309672,5.216657777130457,0.24309947399944587,0.23513955644481216,0.23888804340765873,0.2364212485630508,0.49305118801139286,0.48491190586003574,0.4887617450329544,0.48623168198200617,0.9708278661269748,0.9255035814791527,0.9418521984699445,0.931754165565006
Normal- (471).jpg,Normal,320.5156556372549,816.8795540176855,637.8575520833332,751.6765705497885,0.556952438388048,0.5392028574758225,0.5490146336912036,0.540494553766813,7.456525735294117,11.296747404844288,9.415333946078428,10.786389850057668,5.073172344101643,5.238010894907475,5.145253862268348,5.21856841022071,0.2431314272295737,0.2352581164698579,0.2389653819435058,0.23650877672370696,0.4930835905093311,0.4850341394890239,0.48884085543610795,0.48632168029371975,0.9707078959330456,0.9254095508272097,0.9417081525411733,0.9313633292029272
Normal- (472).jpg,Normal,321.6805912990196,817.7700730488273,638.8176470588234,755.1435140330641,0.5565542746710294,0.537619297528026,0.5483821081317007,0.5398769525166812,7.460768995098039,11.282906574394463,9.422334558823527,10.818069973087272,5.075968946035199,5.240810989725414,5.146188706889166,5.219064458628479,0.24327079494290063,0.2354694993984656,0.23919387377394657,0.23667696471989513,0.4932248928662265,0.4852519957696883,0.48907450738506764,0.4864945680271211,0.9706214068725177,0.9253794273252528,0.94166009423456,0.9310940283511648
Normal- (473).jpg,Normal,321.48463541666666,817.6179161860822,637.6652573529411,752.9534948096887,0.5574326162860851,0.5389106184193793,0.5486475416636352,0.5407305141493532,7.43717830882353,11.239600153787002,9.405759803921569,10.787189542483661,5.07220501421309,5.237115377016135,5.142942683083673,5.217223830385265,0.2438483123603302,0.2358484742138481,0.23967454956477083,0.23722470862284797,0.49380999621345273,0.4856423315711349,0.48956567441434334,0.48705719235306233,0.9706100203566732,0.9253197357260943,0.9417075882951329,0.9312261083506508
Normal- (474).jpg,Normal,322.28167892156864,817.5923875432527,637.6947150735296,754.0173317954632,0.5564835242389259,0.5386173526293819,0.5485631343685579,0.5413933665366444,7.4337009803921585,11.239969242599003,9.386443014705884,10.769011918492886,5.074439892219924,5.2383311901099265,5.144236702356606,5.217776430744266,0.24445997778611306,0.23666224172792508,0.2404177045693815,0.23785072461261675,0.4944289410887201,0.4864794360791883,0.49032408116406184,0.48769942035296365,0.9704427276030585,0.9250833524854232,0.9415181828945183,0.9309087859345875
Normal- (475).jpg,Normal,323.41832107843135,818.0233294886582,638.4637714460785,756.522614379085,0.5567912221484353,0.5385262915139796,0.5483441348770591,0.5406529281436201,7.429136029411764,11.241199538638984,9.400291053921569,10.784267589388698,5.073369761444871,5.24027876046581,5.1473690670216,5.218995824455681,0.24482197586640358,0.23689844887092038,0.24062609551182992,0.23823803549961048,0.49479488261945836,0.48672214750401527,0.49053653840649825,0.4880963383386629,0.9702461644102046,0.9248113140153816,0.9412651761358369,0.9304641576318264
Normal- (477).jpg,Normal,323.9125612745098,820.9424529027299,640.7531709558823,755.5112495194159,0.5573285584094602,0.5388141655373235,0.547581118573864,0.5408827454000366,7.437040441176471,11.286259131103423,9.454917279411763,10.794817377931567,5.076766733175624,5.243430215076689,5.151411628502798,5.221785248354815,0.2458528221098106,0.2379502668435128,0.2416035586382416,0.23921155619766507,0.49583547887359836,0.48780146252703344,0.4915318490578628,0.4890925844844359,0.9700219388292337,0.9240919503149978,0.9407011291612941,0.9301420151152869
Normal- (478).jpg,Normal,329.38042279411775,829.3037600922722,645.1320925245099,763.6178239138793,0.5577758963389368,0.5380534844189373,0.5476869875440656,0.5398797973362648,7.518872549019609,11.382160707420224,9.505193014705883,10.910188389081124,5.081411524669129,5.248540411685841,5.154870944768332,5.228693492617096,0.24619625691403257,0.23818322122284324,0.2418842666197722,0.23950513080099173,0.4961816773259897,0.4880401840246797,0.49181731020753244,0.4893926141667769,0.9694164838107214,0.9230699733497141,0.9401018484379163,0.929163302554191
Normal- (479).jpg,Normal,331.28596813725494,836.3993387158785,648.7624846813725,765.3564167627834,0.5562891029718613,0.5380476348130093,0.5479366214844026,0.5405348552525172,7.566636029411766,11.441307189542481,9.543091299019608,10.909696270665128,5.088063299570239,5.255538103928089,5.159762976437768,5.233810333575664,0.24639573627781403,0.2385307080750445,0.24222977183223554,0.23980932811900185,0.4963826510644928,0.48839605657196344,0.4921684384763366,0.4897033062161229,0.969076547770682,0.9220013569814768,0.9394459067818586,0.9286264835829873
Normal- (480).jpg,Normal,333.2475337009804,842.4314494425219,652.1276041666665,768.4221914648211,0.5570121289101995,0.5385912710585538,0.5477604116943545,0.5405840580112,7.5822457107843135,11.490180699730871,9.5703737745098,10.91747789311803,5.088048798676482,5.254753560869011,5.156831563606856,5.23026282651206,0.24676014126928353,0.2390103196638207,0.24284651131870102,0.24041237669065546,0.4967495760131895,0.4888868168235064,0.4927945934349331,0.4903186481163606,0.968741736140251,0.9210559940042115,0.9388345469862086,0.9279913800340206
Normal- (481).jpg,Normal,337.57461703431375,849.071141868512,656.9125612745097,774.9479277201076,0.557296425843553,0.5390377335257188,0.5491855019224293,0.5418110875580159,7.633930759803922,11.534840445982313,9.590839460784315,10.963737024221453,5.0904691020863,5.252931607955014,5.157434442851567,5.229731243848693,0.2477000441912366,0.2398807995209602,0.24370287022926138,0.24128595818513005,0.4976947299210999,0.4897762749674184,0.4936627089716838,0.4912086707145244,0.9682199337962152,0.9201430219566441,0.9381601037587806,0.9271144706290433
Normal- (482).jpg,Normal,341.2915134803922,853.593940792003,660.3841911764706,781.6239907727795,0.5564022415100499,0.5390097468660918,0.5485301073113658,0.541222416947293,7.677910539215688,11.5759169550173,9.62282475490196,11.019207996924258,5.091456244164944,5.25662216045348,5.161337656500793,5.234652265840978,0.24796995099165597,0.24002583550732629,0.24395277751495828,0.24146277705570013,0.497965813075211,0.4899243161012998,0.49391575953289674,0.4913886212110534,0.9678266364624871,0.9196097145709556,0.937749205919158,0.9263877439686232
Normal- (483).jpg,Normal,343.83814338235305,856.3849134948093,663.6269761029412,787.2651903114183,0.5580374139491572,0.540501526215657,0.5490735956750387,0.5425243758387673,7.701746323529413,11.574209919261818,9.630989583333333,11.053825451749322,5.084712094671232,5.24734284181957,5.151645632410661,5.227506774133395,0.24900040101106713,0.24115314995075515,0.2450372921050122,0.24245342339421963,0.49899939981032754,0.49107346695861626,0.4950124161119721,0.49239559644072733,0.9675471170411142,0.9192495879557345,0.9373676027897869,0.9257670382745022
Normal- (484).jpg,Normal,343.55998774509806,854.3436831987696,662.0695772058822,785.9365167243365,0.557814272165084,0.5390113693071054,0.5495021360897349,0.5417857877672959,7.707077205882353,11.560107650903497,9.615624999999998,11.061622452902725,5.0860987907990705,5.247269988078095,5.1530907273917155,5.229413922240623,0.24921196761199124,0.2411361011742296,0.24505116123549978,0.24246573534178786,0.49921134563628583,0.49105610796957777,0.4950264247850813,0.4924080983714503,0.9674869822073082,0.9192280485857061,0.9373481005049511,0.92569544623319
Normal- (485).jpg,Normal,340.61904105392165,846.0728796616686,656.2182904411765,777.3686274509805,0.5575565596652015,0.5398983826197721,0.5497889926077142,0.5414060536558335,7.690333946078432,11.49051903114187,9.565625,11.030388312187622,5.080218394988364,5.2394301153931035,5.145052018363962,5.223318300427958,0.249986143423841,0.24194798788683436,0.24572909333530835,0.24317287317849093,0.499986143231831,0.49188208738155365,0.49571069519963795,0.49312561602343363,0.9676934812823366,0.9198319713632644,0.9377629236373749,0.9263419122809953
Normal- (486).jpg,Normal,339.5987132352942,844.891795463283,653.2625765931373,771.6417531718566,0.558342478956593,0.5405519103637964,0.5501230048376323,0.5426756359355469,7.679993872549021,11.450011534025371,9.528354779411766,10.967243367935406,5.076078147747696,5.232314422073797,5.136643236897342,5.215258751007176,0.25053202252532825,0.24245798745669175,0.2462377454500297,0.24374620094805732,0.5005317397781366,0.492400230967342,0.4962234833721896,0.493706593988836,0.9677480662942161,0.9198393222785398,0.9379614895008972,0.9267890560370345
Normal- (487).jpg,Normal,339.75531556372556,847.7944636678203,653.978707107843,772.1379623221839,0.5583488300327499,0.5408138088805415,0.5512518260673327,0.5436134490440371,7.675566789215687,11.445244136870436,9.5172181372549,10.964290657439447,5.063910645292349,5.221380250763296,5.124199462791097,5.201015272984422,0.25102618976081165,0.24282483030437685,0.2466961097350628,0.24437140927520112,0.5010251388511475,0.49277259492018916,0.4966851213143623,0.4943393665036208,0.9677260795123265,0.9195466765248358,0.9378797708508557,0.9267262669050635
Normal- (488).jpg,Normal,338.94949448529417,848.5862360630528,657.5626685049018,775.9180007689351,0.558739230853819,0.5417889207491955,0.5509987538552932,0.5439701370549948,7.706541053921571,11.465374855824685,9.574341299019606,11.037324106113033,5.063900999792017,5.219539569734334,5.1253878440656635,5.203312203896415,0.2510677231169352,0.24298279918068957,0.24685623679331561,0.24440769993382316,0.5010665855122802,0.49293285463710934,0.4968462909123058,0.4943760713604808,0.9677837341503214,0.9194245779283985,0.9375029791523289,0.926324611750756
Normal- (489).jpg,Normal,339.21165747549037,848.7201999231064,659.145894607843,780.0870280661283,0.5587161110193164,0.5435594185995013,0.5519350807455982,0.5441524849707111,7.717723651960788,11.448381391772394,9.56951593137255,11.065390234525182,5.065336644444,5.216858381742547,5.12421815852247,5.204687373093948,0.2511640547092766,0.24330363931537288,0.2470138793851449,0.24445701678338888,0.5011627028314024,0.49325818727657517,0.49700490881393206,0.49442594671334644,0.9677522652166103,0.9193957232413426,0.9373400140450525,0.9259139222658098
Normal- (490).jpg,Normal,340.68203125,849.6398923490965,660.2851868872549,784.5771318723569,0.5595051901435352,0.5426548778658047,0.5519636251382039,0.5443059427270066,7.747104779411767,11.492502883506344,9.601026348039216,11.126366782006922,5.059498042965644,5.2154587895420885,5.119899871422244,5.199402200299254,0.25170296076122306,0.2437466412010522,0.24749191911896132,0.24505515043825007,0.5017000705214452,0.4937070398536486,0.49748559689599187,0.49503045405131396,0.9675800758569343,0.9192280521235318,0.9371693526863117,0.925413314780393
Normal- (491).jpg,Normal,343.2942555147059,852.4177777777782,662.2832567401961,789.361568627451,0.559943203701432,0.5439608769709559,0.5522334484375254,0.5443635661733073,7.775689338235296,11.525413302575936,9.64811580882353,11.187389465590158,5.061487473184867,5.214603278394144,5.123199301966848,5.202492507216077,0.2519517902519464,0.24396322947389154,0.24764581594500168,0.24513281127936926,0.5019479955652243,0.49392634012967107,0.49764024751320274,0.4951088883057638,0.9673156288461104,0.918924859477032,0.9369489301221748,0.9249222602246281
Normal- (492).jpg,Normal,346.02316176470595,855.9290272971933,660.9431525735292,788.5675201845443,0.5602712463810842,0.5438894830818193,0.5544096390471991,0.5457192571041334,7.7774816176470605,11.540838139177238,9.616222426470586,11.166981930026912,5.052560249090199,5.2078660193424,5.113376131576633,5.193542504362341,0.25210715652107957,0.2443404165522946,0.24799893506441326,0.2454824733810569,0.502102735026488,0.49430801789197654,0.4979949146973423,0.4954618788373702,0.9670371953481269,0.9185453145214748,0.9370412120222178,0.9249557880540135
Normal- (494).jpg,Normal,338.24463848039227,843.0073048827376,651.0351715686274,776.1314878892734,0.5626228311595403,0.5465547439678133,0.5537539284032126,0.5464547035840885,7.679718137254905,11.390880430603616,9.504901960784313,11.05119569396386,5.041401264502957,5.193157108008382,5.1033112940337535,5.182736995724056,0.2529660243027396,0.24517466724196366,0.24879025257994966,0.24633432224704044,0.5029572788048102,0.49515115595337517,0.4987887855394803,0.49632078562865006,0.9675735108390798,0.9192667918545049,0.9375915764897044,0.9256713618053953
Normal- (495).jpg,Normal,335.2569852941177,840.6972549019606,649.2136488970586,772.678615916955,0.5632229162058315,0.5471667610557256,0.5552834938784398,0.5473514004041267,7.609436274509805,11.317939254133023,9.437147671568624,10.965674740484427,5.031856599146861,5.18376571667959,5.0940423473603,5.172037955907297,0.2536521370142341,0.24595928593991506,0.24959130627061252,0.2470742478752663,0.5036388954541082,0.49594282527315087,0.4995911391033797,0.49706563739134724,0.9677451553707995,0.9192009926450319,0.9375443094496504,0.9257382312045478
Normal- (496).jpg,Normal,334.75813419117645,840.3443291041908,650.4076746323531,773.7322568242985,0.5644073061137409,0.5476569825367305,0.5556058008822831,0.5481858982982531,7.580683210784313,11.306728181468667,9.453753063725493,10.95760092272203,5.027680941182494,5.178892092913707,5.09116566699914,5.170757275033395,0.25384333603568177,0.24608734954068626,0.24962492957843005,0.24718715769124971,0.503828677266074,0.49607191972604764,0.4996247887949817,0.49717920078302724,0.9677086713712977,0.919023507418622,0.9372654029751216,0.9254423190771153
Normal- (497).jpg,Normal,334.11798406862744,839.6387543252596,650.9119485294118,775.619223375625,0.5644803336869344,0.5481375274551837,0.5570691621871053,0.5493914154611047,7.574295343137255,11.285351787773935,9.44889705882353,10.963936947327952,5.014208281225283,5.168923434128306,5.079741145957307,5.157191970557732,0.2546529050810159,0.2468097911059849,0.2503363288195944,0.24794238551079273,0.5046314547083008,0.4967995482143526,0.5003362157785447,0.4979381342202992,0.9677128069808106,0.9189472728454819,0.9371044026777813,0.9251272610224102
Normal- (498).jpg,Normal,334.59407169117657,843.1195232602843,655.8598958333337,779.9772549019606,0.5654022864974537,0.5482831751512519,0.5575953515446808,0.5495267926792746,7.588526348039218,11.335963091118796,9.521200980392162,11.052871972318338,5.00597979401056,5.164647443864449,5.0772130511889255,5.154695563693456,0.25494508525492,0.24714209082627392,0.25069988915114527,0.24832087407306883,0.504920870290504,0.49713387616041005,0.5006993999907982,0.4983180451007858,0.9676130154266349,0.9184763690746309,0.936520977333009,0.9245817750573191
Normal- (499).jpg,Normal,335.4928155637256,848.4709880815071,659.8179381127452,784.4883967704726,0.5661097665493052,0.5507410374579796,0.5575689288442551,0.5504776549164198,7.599617034313729,11.363291041906958,9.55390625,11.073556324490575,5.004684256380438,5.1579271261690876,5.074625489033864,5.151605411277615,0.2555246866908912,0.2477140005152839,0.2512864386453302,0.24883119777224635,0.5054944971915037,0.49770875069189197,0.5012847879652146,0.4988298284708387,0.9675038465819368,0.9179036288294801,0.9360943360241805,0.9240944575537471
Normal- (500).jpg,Normal,336.62334558823545,852.2358477508651,660.9442401960786,786.484152249135,0.5668300381575386,0.550263123907676,0.5588407130217714,0.5510249147874869,7.598314950980395,11.408904267589389,9.572120098039218,11.084475201845445,5.001193216852639,5.159304709872229,5.07318289543946,5.152335295013502,0.25575016243189236,0.24787315522480416,0.25147963298370823,0.2490399531366474,0.5057174729351285,0.49786861241175284,0.5014774501248368,0.4990390296726774,0.9673558454097488,0.9174426110542881,0.9359094328982527,0.9238120782782993
Normal- (501).jpg,Normal,337.12509191176474,852.5508958093037,660.2213848039216,784.6074894271433,0.5668613126122198,0.5505417069490373,0.5580053030357306,0.5503513634014561,7.605269607843139,11.419361783929252,9.614246323529413,11.13193387158785,5.00608918613947,5.164839155148474,5.079729332162482,5.1560529284580685,0.25653231012504957,0.2485844101306079,0.2522046699802586,0.249861742880958,0.5064901875900949,0.4985824005423857,0.5021998307250397,0.49986172376063964,0.9672419439214137,0.917247449116721,0.9358512218216898,0.9238423518040099
Normal- (502).jpg,Normal,338.95197610294133,850.7709496347559,656.4657475490199,780.741084198385,0.5661575977211658,0.55011778424452,0.5574251185278284,0.5495598311051549,7.62354473039216,11.410088427527874,9.596936274509805,11.126505190311416,5.009940154463598,5.170086384614656,5.082096199686298,5.162173241352666,0.2568814007129545,0.24898177281059353,0.25255677970818763,0.25019638092053714,0.5068346877562293,0.49898073390722564,0.5025502758015238,0.5001963423702108,0.9669699965509896,0.9171839423772512,0.93603316331917,0.9240008152074548
Normal- (503).jpg,Normal,338.41397058823543,846.2960861207226,652.3926930147061,777.6585159554019,0.5665098654758481,0.549509340865035,0.5582271035667374,0.5504811153712976,7.598897058823534,11.37271818531334,9.538465073529416,11.061084198385238,5.004064659013173,5.159962284182673,5.075283248879668,5.152381489844554,0.2577174458985877,0.24988659914169578,0.2534471793873225,0.25101067359269863,0.5076587888519095,0.49988658627902366,0.5034353775682858,0.501009654191113,0.9668400662706116,0.917164374281469,0.9360786800778764,0.9238826330158394
Normal- (504).jpg,Normal,337.30799632352955,844.8771088043059,651.6194852941179,776.7485736255287,0.5671398198896134,0.5490142819989406,0.5577344810834948,0.5507416179899313,7.601930147058827,11.365074971164935,9.51053921568628,11.031172625913111,4.998582273199927,5.153808708116782,5.068603722586634,5.145710482287921,0.2583537802280075,0.2504847005137022,0.2540478735032426,0.25168855997035405,0.5082851367372525,0.5004844658065845,0.5040316195470703,0.5016857183240859,0.9667301002724723,0.916757221562345,0.9357329879602032,0.9234696871979629
Normal- (505).jpg,Normal,338.02935049019607,844.8582545174932,649.8705882352942,776.0084890426756,0.5665044278780996,0.5486713992331496,0.5568681129402844,0.5510513128737612,7.611550245098039,11.3839292579777,9.502450980392158,11.005613225682424,4.995566566880038,5.1519430228547165,5.0641593314610995,5.139974838867839,0.2585441660340222,0.25076782800688385,0.2542840707581669,0.25191061232326994,0.5084723847309922,0.5007672393506627,0.5042658730849896,0.5019069757666952,0.9664053203133658,0.9161255694844042,0.9354176646050907,0.9229607218184852
Normal- (506).jpg,Normal,340.0576286764707,843.5257977700883,647.4459712009805,774.5213840830447,0.5634453172455991,0.5468056708658411,0.555971263000218,0.5492577949066213,7.661764705882356,11.390711264898114,9.476577818627453,11.010426758938864,5.005297670712551,5.159792089278346,5.070613028565258,5.146883935750563,0.25849681298396365,0.25072535677801727,0.25425586575776143,0.2518832235731058,0.5084258185654655,0.5007248313974625,0.5042379059112488,0.5018796903373415,0.9659576067140361,0.9156471855041589,0.9351896436155195,0.9225476460739782
Normal- (507).jpg,Normal,341.7940257352941,840.1864052287578,645.3956648284313,775.2520876585927,0.5638094698004082,0.5469647827085837,0.556323410067245,0.5490486075765825,7.715839460784313,11.379054209919257,9.476424632352941,11.055578623606303,5.010065104102726,5.160482728269901,5.069964357505388,5.1476994111338525,0.2592968175082147,0.2515325517157581,0.2551106876430489,0.25275479820924746,0.5092119573499966,0.5015302101725858,0.5050848321253063,0.5027472508221675,0.9655611598059252,0.9154345592231947,0.9349744190624086,0.9219702507705569
Normal- (508).jpg,Normal,340.3589154411767,836.1085890042292,644.8453890931374,776.4476278354477,0.5623030710146745,0.5450797455594477,0.5552142813768389,0.5481749506176471,7.730055147058828,11.372379853902345,9.491590073529414,11.091995386389849,5.017667402080637,5.16661369061668,5.079153796104407,5.156669643938071,0.25975349200408965,0.2518961772754423,0.25545640029525907,0.25319374558124735,0.5096601730605302,0.5018925953582521,0.5054269485249664,0.5031836102072954,0.9654989276711972,0.9153374638947567,0.9346379540866011,0.9213786029829714
Normal- (509).jpg,Normal,337.1794577205883,830.4189926951169,642.8375,774.597600922722,0.5625854098043379,0.5464396737907411,0.555013151295364,0.548128432802664,7.674708946078433,11.295363321799304,9.441544117647059,11.046289888504418,5.016566310098918,5.165967417554086,5.077090990895796,5.159471858459105,0.25987422651256414,0.2520958969881307,0.25556295287100367,0.2532696289733296,0.5097786053892063,0.502091522521672,0.5055323460185349,0.5032590078412205,0.9656195478923892,0.9154175593120544,0.9344574508788442,0.9211032548467672
Normal- (511).jpg,Normal,334.0449448529413,826.9583698577469,643.5423713235297,779.27630911188,0.5641919008998255,0.5481426398751355,0.556836368254103,0.5494311286577975,7.625337009803924,11.232202998846596,9.410600490196082,11.045966935793924,5.010456865696162,5.1606595389168515,5.070088225050352,5.153549687800134,0.26076600059735144,0.25288438265174973,0.25652323451879994,0.2541377811538782,0.5106525243229014,0.50287611063934,0.5064812281998218,0.5041208001599202,0.9659820899317553,0.9158776645282605,0.9344677654888164,0.9207281218865163
Normal- (512).jpg,Normal,337.22368259803943,830.5071895424835,647.3793504901962,786.2579008073817,0.5654643321308092,0.5498094587616483,0.5581657001207659,0.5510305021825421,7.64742647058824,11.258469819300267,9.436213235294119,11.099607843137253,4.999513873913893,5.148433318203565,5.060271815552463,5.140239217854207,0.26149727568723585,0.25386730132630203,0.2575261858654498,0.25513801419943016,0.5113680432792372,0.5038524598791814,0.5074703792985851,0.505111882853126,0.9658046916720204,0.9158776688632463,0.9343574094976305,0.9203596930605212
Normal- (513).jpg,Normal,339.1641390931373,834.1052979623219,649.0009191176473,789.8908266051517,0.5659793351406948,0.5520161407105648,0.5595305249416428,0.5516235932345487,7.659666053921571,11.261468665897727,9.443596813725495,11.125151864667433,4.991439549664721,5.140635412546999,5.053520088571735,5.136731807349881,0.26235379510547324,0.25449707868251037,0.25804989120677013,0.25570548138924454,0.5122048370578642,0.504477034841538,0.507986113202684,0.5056732951118188,0.9657250564023776,0.9158017923920357,0.9344166494591275,0.9202649929588013
Normal- (514).jpg,Normal,338.35454963235304,834.4987004998079,649.4862591911766,788.9038369857748,0.5683523385968421,0.5512805105135418,0.5604730876813381,0.5529267540189992,7.638403799019609,11.265605536332181,9.47293198529412,11.129381007304882,4.982669869111637,5.134415195094048,5.047871150451829,5.129490512369616,0.2626977488610526,0.2547278200898983,0.2583299555149687,0.2559525987180573,0.5125404850946437,0.5047056766967242,0.5082616998308732,0.5059175809537135,0.9659987632332664,0.9162357992520279,0.9347354226415633,0.9208124598246307
Normal- (515).jpg,Normal,336.83100490196085,833.7774394463665,649.2021139705882,787.033202614379,0.5695969470935431,0.5537970408600965,0.5615231259489709,0.5534659332689154,7.6238051470588255,11.233371780084582,9.472518382352941,11.123998462129947,4.9687898934536125,5.120111249184244,5.036703314278802,5.118021212497549,0.26312043820285463,0.2552296493777494,0.25877630389960427,0.2563939267436401,0.512952666630026,0.5052025825129454,0.5087006034000788,0.5063535590312762,0.9664554988210936,0.9170603088796468,0.9353488564795548,0.9217101739168635
Normal- (516).jpg,Normal,337.8957261029412,832.3947097270278,647.70709252451,785.4703267973858,0.5718736884119962,0.5556989552310729,0.5649339478552187,0.5551638952269019,7.607919730392157,11.177731641676274,9.410186887254905,11.085643983083433,4.960075602720561,5.109652033587177,5.025384713117079,5.108974876029075,0.2631304799057528,0.2553202842605857,0.2588214079648977,0.25643467350046223,0.5129624546745627,0.5052922760745365,0.5087449340926136,0.5063937929126523,0.9665108572089193,0.9175956080956703,0.9358072095052808,0.9222409706810127
Normal- (517).jpg,Normal,339.4668504901961,832.0252056901193,646.8643535539218,786.0588235294115,0.5720584979767988,0.5558726519218372,0.5645781302189122,0.5567154305115888,7.611488970588237,11.160276816608997,9.394286151960786,11.086428296808915,4.957076953537516,5.104405086037154,5.0187234819056314,5.102243898147977,0.26365365643998107,0.25574354334778804,0.2592932625212885,0.2569050918073237,0.5134721574145779,0.5057109286418359,0.5092084666630048,0.5068580588363213,0.9663778031721413,0.9176878416833324,0.9359341594661539,0.922235290606491
Normal- (518).jpg,Normal,340.51496629901953,831.990895809304,646.5184283088238,787.7915570934256,0.570725453714488,0.5563766174961287,0.5635682083300989,0.5554295605366111,7.61986825980392,11.163398692810457,9.393060661764707,11.112033833141098,4.957634812469817,5.105466475928048,5.019470611242358,5.106164886901549,0.2635524429737808,0.25561417542509074,0.2591778001268291,0.2568200204546768,0.5133735900626178,0.5055830054749574,0.5090950796529359,0.5067741315957995,0.9663304486874313,0.9178290103815018,0.9360753520449666,0.9221943266620772
Normal- (519).jpg,Normal,342.710830269608,834.7564782775858,647.6922640931375,791.452087658593,0.5707943109686819,0.5545355965990154,0.5628691968977737,0.5550685138447624,7.649371936274513,11.215901576316805,9.41306678921569,11.143098808150711,4.961194138374635,5.107935440865187,5.022768842340437,5.107566995247613,0.26382992226359764,0.2559988849998693,0.2595657498815436,0.2571603473717927,0.5136437698089967,0.5059633237694895,0.5094759561368363,0.5071097981421703,0.9661932283667275,0.9177498379137929,0.9361099692110969,0.9220167028500262
Normal- (520).jpg,Normal,343.6763020833334,834.7856978085349,647.0197457107846,793.5847135717031,0.5694021992286291,0.5549245761132664,0.563440827422701,0.5541932570910524,7.6581648284313735,11.186774317570162,9.393550857843142,11.171180315263358,4.959015118931464,5.109488173585526,5.025201086356153,5.107028743151193,0.26402699788411454,0.256254180415334,0.25979225988802374,0.2573109939527293,0.513835574755305,0.506215547386026,0.5096982047133615,0.5072583108759573,0.9661405555744417,0.9178504443978148,0.936256781177401,0.9219049491099985
Normal- (521).jpg,Normal,341.9944087009804,833.5625528642827,644.9905024509806,789.2914878892734,0.5709886830198037,0.5564350769966067,0.5640083292509155,0.5553101282695587,7.638311887254902,11.177377931564779,9.372763480392159,11.126566705113419,4.959415826552281,5.108887762088148,5.021945875581675,5.106326161545354,0.26435595191565436,0.2565498444170394,0.2600580361970155,0.257670654870417,0.5141555717053491,0.5065074969011213,0.5099588573571553,0.507612701644095,0.9663032105726813,0.9179630911056771,0.9364507420675865,0.9223201262334304
Normal- (522).jpg,Normal,341.93273590686283,835.616855055748,645.8814491421571,787.672802768166,0.5708417078855336,0.5554094048404667,0.5638374826519419,0.5552896632207615,7.641406250000002,11.223560169165708,9.383072916666668,11.116216839677044,4.960216134725261,5.108861813385334,5.022599017580011,5.107208600837849,0.2646743376664775,0.2568474727062803,0.2603870541735,0.25795388760806937,0.5144650985892799,0.5068012161649578,0.5102813480556584,0.5078916100981284,0.966296599590054,0.9177294757806838,0.9363389205794158,0.9224497998036292
Normal- (523).jpg,Normal,342.399555759804,834.634894271434,643.3445006127454,786.9115570934255,0.5703373442529249,0.555347947095671,0.5642184962513571,0.5553465077255552,7.66919424019608,11.237124183006536,9.381112132352944,11.120953479430987,4.961999749896437,5.108681367579688,5.0217342898733115,5.1070433578678305,0.2647709101376649,0.25701939628992543,0.260559092825626,0.2582187381572252,0.5145589471942597,0.5069708041790232,0.510449892570883,0.5081522785122834,0.9662426027267847,0.9178066968102835,0.9365737745982575,0.92250640293187
Normal- (524).jpg,Normal,342.863924632353,832.9100192233757,642.0957873774513,786.9952787389468,0.5697565159231385,0.5538526732104674,0.5640320378109944,0.5551649275949424,7.683318014705884,11.25201076509035,9.381878063725495,11.119015763168015,4.965611674845026,5.113186047430681,5.024950678836418,5.112557334174141,0.2648268503484612,0.2570149777959293,0.26052350306410105,0.2581053027101484,0.5146133017601286,0.5069664464202037,0.5104150302098294,0.5080406506473162,0.9662615698265965,0.9181338381165789,0.9368181965795946,0.9226467668730831
Normal- (525).jpg,Normal,343.54678308823543,830.8908266051517,640.0628676470591,784.8513341022679,0.570379251905896,0.554994220864809,0.5637706644401731,0.5556993693804148,7.694638480392159,11.234386774317567,9.360937500000004,11.105328719723175,4.963694481118013,5.108039705006526,5.021362310157675,5.107667568068864,0.2652952346303106,0.25760352415249715,0.26101885639030814,0.25860199701383557,0.5150681844477589,0.5075465733826771,0.5109000454005735,0.5085292489265839,0.9662778681754401,0.9185343769635822,0.937173747739292,0.9230483706447403
Normal- (526).jpg,Normal,343.83000919117654,828.7911880046137,638.3554840686274,783.7179700115341,0.5704460577086143,0.5544030398410456,0.5641537684676184,0.5552515874085295,7.731326593137256,11.24956555171088,9.361182598039216,11.1361322568243,4.96854520713428,5.113423804872162,5.024909346841533,5.1123575676257715,0.2655734967470445,0.2577548312903046,0.26129729285967973,0.2589273263573395,0.515338235285375,0.5076956088940543,0.5111724688005798,0.5088490211814695,0.9663243210722671,0.9189193207258777,0.9374797040399884,0.9233288356734823
1.jpg,kidneyStone,242.81868872549026,624.0746789696275,542.7435049019609,606.4510572856595,0.7257680965637306,0.7115481181744137,0.7168646620829081,0.7108702802064613,5.04577205882353,7.888166089965401,7.069699754901963,7.853102652825839,3.279873907819583,3.3987687885461626,3.3496604965739825,3.3978953213156107,0.46824201338202265,0.45769531577849676,0.46107542032830684,0.457592202448974,0.6842821153457269,0.6765318290949043,0.6790253458659012,0.6764556175012326,0.9330623195212967,0.8284988387699983,0.8503822275636678,0.8333419636166417
10.jpg,kidneyStone,249.87702205882357,636.5154940407538,554.4711090686274,616.1531718569779,0.7257753903832139,0.7115975898620991,0.7171763657803956,0.7118255991325932,5.145251225490197,8.031034217608614,7.182261029411765,7.967089580930409,3.2648421874628353,3.3780263965749975,3.3305414924315677,3.379236867636034,0.47189141941913865,0.46152820375920844,0.4648229558080125,0.4613611356114916,0.6869435343746519,0.6793586709236944,0.6817792573905519,0.6792356996002872,0.9306461832155482,0.8238874483896925,0.8461055466654122,0.8295213419084985
100.jpg,kidneyStone,147.0777573529412,380.58272971933866,327.0829656862745,377.01490196078424,0.7671936931048218,0.7507378531687566,0.7548212265905929,0.74977113626572,3.570710784313726,5.728811995386389,5.1746936274509805,5.791095732410611,2.807223836304367,2.926326888501159,2.8851239396483184,2.927299719022381,0.5188018297828285,0.5044683416797224,0.5095938192482689,0.5052292309422887,0.7202789944062151,0.7102593481818613,0.7138584028000713,0.7107947882070385,0.9336801947470048,0.8289181388570243,0.8525128545859478,0.8305219704697232
11.jpg,kidneyStone,248.78103553921574,635.8613456362938,554.2470894607845,614.627512495194,0.7255344078620257,0.7118216680825771,0.7167799594299737,0.7111192012019147,5.165808823529412,8.066743560169167,7.217187500000002,7.986497500961164,3.2665432914249184,3.383012367183088,3.33399151403749,3.3825798420060993,0.4722264375433652,0.4614641790539556,0.4649260715483152,0.4613391799593238,0.6871873380260766,0.6793115478585328,0.6818548757237974,0.6792195373804583,0.9303893291654622,0.8226385237612697,0.8449177943896224,0.8285612992499158
12.jpg,kidneyStone,247.83550857843144,636.639108035371,555.6060968137253,615.858392925798,0.7243788239266067,0.7105200309051992,0.7165654038230548,0.7110320636882422,5.160998774509805,8.075386389850056,7.2220588235294105,7.987174163783163,3.2668083496571434,3.3842395082960626,3.3329368451862886,3.3832564121587594,0.4720990751707201,0.46156722734476013,0.4651749662746147,0.4614428756810036,0.6870946624525037,0.6793873912170877,0.6820373642804437,0.679295867557726,0.929922775674871,0.8205488796402539,0.8428984881700146,0.826406393828783
13.jpg,kidneyStone,247.060631127451,634.8928565936178,555.0958639705883,615.1080661284122,0.7248778802594061,0.7106904493901249,0.7152414304836182,0.7102598435601469,5.142003676470589,8.0640369088812,7.234160539215688,7.9784390618992695,3.264048187091569,3.37994499058154,3.3326480054050376,3.3840487862773267,0.4720152554334194,0.46163005462808865,0.4652167103557301,0.46146323268148265,0.6870336639739129,0.6794336278313642,0.682067966082362,0.6793108512908377,0.9293145266517753,0.8189212244628389,0.8411838676225132,0.8245640752123661
14.jpg,kidneyStone,247.45143995098033,633.8034909650137,554.6562806372549,615.4431064975012,0.7247388778528888,0.711387221523328,0.7158479711960959,0.711865873280071,5.167310049019607,8.05850057670127,7.208210784313726,7.96736639753941,3.2620554920727702,3.3797752942146695,3.3289315741878935,3.3793027885293183,0.4726251935243878,0.4617564811452019,0.46525981417622564,0.4617353558600849,0.6874774131012508,0.6795266596280104,0.6820995632429518,0.6795111153322548,0.9285503719160023,0.8175663920031707,0.8398474263320681,0.8228512338040849
15.jpg,kidneyStone,261.89284620098044,617.4587158785083,514.838388480392,567.0879969242599,0.6482596277869893,0.6342945168139132,0.6406635682254869,0.6351344036095867,6.053354779411766,8.885151864667437,7.829258578431371,8.626881968473665,4.087353655433904,4.211790510850067,4.152144560829928,4.202646724961901,0.36319353982880687,0.3551214746169405,0.35884438508476274,0.35600127215732397,0.6026554072011691,0.5959206949057404,0.5990362135002881,0.5966584216763591,0.9438554494714774,0.8679411336934104,0.8896088734539225,0.878714161701739
16.jpg,kidneyStone,263.600643382353,620.8125182622067,519.7385110294117,572.3076662821992,0.648661047524724,0.6341922041279117,0.6393848576012168,0.6338967901638843,6.068106617647059,8.924321414840444,7.910416666666667,8.70003844675125,4.087137289397056,4.212826511190456,4.158323307124186,4.2091408363951235,0.3633967112211575,0.35535851224523823,0.3590271664875737,0.35609264658950984,0.6028239471198515,0.5961195452635639,0.5991887569769427,0.5967349885749199,0.9433228913012868,0.8668335329197013,0.8882311729192434,0.8772379941449862
17.jpg,kidneyStone,264.8718596813726,622.0925182622066,521.2596966911764,573.4424298346789,0.6490737333598587,0.6328321369628087,0.6390448516412213,0.6339497062902386,6.0808670343137265,8.97088811995386,7.941835171568625,8.708835063437139,4.0943731532712695,4.2209242032733325,4.162812667887719,4.213328883620559,0.3634802792852358,0.35553470698062023,0.3592399407679736,0.3563240052734573,0.6028932569578431,0.5962673116821181,0.5993662826419031,0.5969288108924358,0.9428878462944992,0.8661796487513009,0.8875867689033101,0.8766449279992148
18.jpg,kidneyStone,264.5311580882354,622.5427758554401,521.6897977941176,573.9935717031913,0.6472685525942985,0.6336509403581089,0.6380339152882536,0.6340748808565684,6.07233455882353,8.957047289504034,7.931985294117645,8.682137639369476,4.097017345082713,4.224113712384296,4.168074301306162,4.217052743286608,0.3634573341965079,0.35545715717833065,0.3591062605174765,0.3562281694217216,0.6028742275106043,0.5962022787429873,0.599254754271901,0.5968485313894318,0.9427904669606899,0.8656806557962895,0.8871570922873844,0.8761555942523361
19.jpg,kidneyStone,265.7123314950981,626.2286812764322,524.3018841911764,578.3138485198,0.6467118308218551,0.6319486560447466,0.6376631090309091,0.6326555883724259,6.0952052696078445,9.01846981930027,7.97296262254902,8.748635140330641,4.107368227266664,4.236984925403999,4.178459918851141,4.227740911353118,0.3635066500630392,0.3552327312669646,0.3589369128328796,0.3561870977078136,0.6029151267492293,0.5960140361325097,0.5991134390354464,0.5968141232476102,0.9423246373837572,0.8643897410382604,0.8861762069475422,0.8747657315869379
2.jpg,kidneyStone,243.78514093137247,628.6433525567088,544.1480085784315,608.3151095732408,0.7253572205645905,0.7123290492512118,0.7173608027220659,0.7115280706098625,5.059650735294117,7.907912341407149,7.056740196078433,7.843352556708956,3.2759120109572804,3.395148425286597,3.34818341357895,3.392762940388033,0.46899525397101605,0.4584440863176125,0.4615533894293586,0.45852732286889863,0.6848322816361799,0.6770849919453337,0.6793772070281417,0.6771464559967058,0.9327432361090858,0.8271078787337126,0.8498775028090277,0.8326986370495912
20.jpg,kidneyStone,266.2114889705882,627.1548635140334,522.394776348039,575.7438062283736,0.647240393297656,0.632471676182038,0.6374281036347955,0.6335168097431825,6.092830882352942,9.024544405997698,7.974004289215684,8.728258362168395,4.103634670506499,4.234632514285977,4.176596940664055,4.225879430426414,0.36365470548906204,0.3555448805733935,0.3591934214661274,0.35635196151599924,0.6030378972245957,0.5962758426880914,0.5993274743127729,0.5969522271639492,0.941963605426819,0.8635935575599818,0.8860931537188439,0.874775483802446
21.jpg,kidneyStone,267.44653799019613,626.987358708189,520.5315410539214,573.9179546328335,0.647265730025236,0.6319669533062366,0.6382379212624689,0.6328669132021446,6.0973345588235315,9.024359861591694,7.956571691176469,8.72628988850442,4.099603114737482,4.229464216365407,4.172790302413269,4.22258909058162,0.3640799372583937,0.35589394585615397,0.35957942881981964,0.3567559386336042,0.6033903688810368,0.5965684754126336,0.5996494215955016,0.5972904976923743,0.9415670335383226,0.8633325560853963,0.886251595349265,0.8749003488077142
22.jpg,kidneyStone,269.2447457107843,629.527289504037,521.2671721813725,574.4776009227219,0.6473534974613971,0.6322340650411876,0.6379230170395533,0.6328062842512161,6.1256893382352935,9.061191849288734,7.985186887254901,8.747281814686659,4.098006881217511,4.227710599446453,4.170339380789562,4.218532210611758,0.3643011360799106,0.35611355003347284,0.35980026708571344,0.3568662271527482,0.6035736376614792,0.5967525031648152,0.5998335328119906,0.5973828145776778,0.9410458490838434,0.8624807460182197,0.8858426799983764,0.8745062645808795
23.jpg,kidneyStone,271.31282169117645,632.2606997308728,521.5412224264703,576.2172702806613,0.6472169241165656,0.6318995872055267,0.6378274071860552,0.6331519091128406,6.1301011029411745,9.070203767781623,7.985707720588232,8.770565167243369,4.1010049398478134,4.228792590942668,4.171494872848896,4.221441715865872,0.36407895344488883,0.35592990339828784,0.35972623597012665,0.35679245267065973,0.6033895536424946,0.5965986116295342,0.5997718199199814,0.5973210633073806,0.940478357390829,0.8616166330128325,0.8855611655476713,0.8738828998678329
24.jpg,kidneyStone,274.99664522058833,637.8166858900422,525.5329503676469,582.0940253748557,0.6466799564287278,0.631545028035668,0.6380913779890625,0.6332903523461537,6.179120710784315,9.09108804306036,7.998820465686273,8.792064590542097,4.099167199547421,4.227548032322506,4.169529248814547,4.2190889249372105,0.36415293117524655,0.35600338485138855,0.3597451059472691,0.35688440535617505,0.6034508523278814,0.5966601921122178,0.5997875506771286,0.5973980292536752,0.939629575063753,0.8603064338780483,0.8846076921878826,0.8725107197385021
25.jpg,kidneyStone,275.8335937500001,639.3684582852749,527.5603094362748,585.1947097270281,0.6475820161963055,0.6313296527723997,0.6372179043782635,0.6338235937986763,6.191590073529413,9.109142637447135,7.995603553921573,8.789388696655132,4.100609610745777,4.22858578789533,4.170305514784672,4.218389800076186,0.36446637192857767,0.35633322161455355,0.3600383666147411,0.35715997972565783,0.6037105034108464,0.5969365306417036,0.6000319713271461,0.5976286302760753,0.9394700058699528,0.8600221389321571,0.884208166565704,0.8718824760365986
26.jpg,kidneyStone,274.81609987745105,639.5448981161092,527.0007046568628,584.8952710495961,0.6469594359712578,0.6310370162196139,0.637714161783301,0.6324974240932418,6.182552083333334,9.130841983852363,7.973437500000001,8.794294502114568,4.103669689568039,4.230904536410812,4.16974888815948,4.2227732042955735,0.36431964268550565,0.35624226094686606,0.359984161951871,0.35695855517079234,0.6035889683265473,0.5968603362151534,0.5999868014813917,0.5974600866759154,0.9396205823587457,0.8598139252618373,0.8841906863971042,0.8717929383489967
27.jpg,kidneyStone,274.3075827205883,640.6812456747405,528.0252910539214,585.0354786620533,0.6475272227872266,0.6315685164033948,0.6385873225507261,0.6334169166628582,6.187392769607845,9.124644367550943,7.978232230392153,8.772687427912345,4.101686598308952,4.228957580892777,4.168152357817708,4.217636539545591,0.36498448683912144,0.3566453007974192,0.36027703871501454,0.35743561948861535,0.6041394597600139,0.5971978740730908,0.6002308211971579,0.5978591970427614,0.9396710262065107,0.8594205237082126,0.8838469865781409,0.8716304219022201
28.jpg,kidneyStone,232.53037683823536,572.0998077662437,449.7645067401962,541.3296424452133,0.6006531612903313,0.5852271840574985,0.5950000611841385,0.5878902259053638,6.182061887254903,8.831372549019607,7.4210324754901995,8.544744329104189,4.513437162020543,4.635359891614466,4.558818063426282,4.621768680298793,0.29805135384471254,0.28965806999673765,0.29418632862247995,0.29080114083823944,0.5459407970143947,0.5381989130393499,0.5423894621233712,0.5392598082911793,0.9576793456992595,0.8961390448847906,0.9181765378381795,0.9017251659005854
29.jpg,kidneyStone,233.88575367647064,574.3245520953479,452.67981004901975,545.1972933487122,0.5996111687008423,0.5849630155094532,0.5964528436432157,0.5862364078852722,6.198743872549021,8.85121107266436,7.41933210784314,8.592879661668588,4.519259143273138,4.639290293282371,4.56262295802229,4.629020200292,0.29807799835381077,0.29018053122146703,0.29469402074172196,0.2910269774985251,0.5459651988486178,0.5386840736660654,0.5428572747432994,0.539469162694704,0.9573651980139792,0.8955696271009645,0.9175150163448257,0.9008658842108865
3.jpg,kidneyStone,243.9832107843137,633.5347327950789,547.3704656862745,609.852518262207,0.7258116039106176,0.7122420439756089,0.7168981106055933,0.711984743286038,5.057751225490197,7.916955017301039,7.06844362745098,7.838123798539024,3.2707625100482893,3.389541038999427,3.3414979068602553,3.3887445816161574,0.46973041949479294,0.4590281165038556,0.4623862757347308,0.45898597058683105,0.6853688200485873,0.6775161374490319,0.6799899085535982,0.6774850334781065,0.9327274326874189,0.8258632983245641,0.8490756131152355,0.8323727168515168
30.jpg,kidneyStone,235.1068780637255,575.29568627451,454.03515625000017,549.1582314494426,0.5990708420252888,0.5848168305434562,0.5944976886181687,0.586652694322256,6.206081495098041,8.86489811610919,7.448606004901964,8.618746635909266,4.523879450601715,4.643839779232462,4.568366933959772,4.631707004478286,0.29865752106123533,0.2904902939617021,0.2949038278593647,0.29142038345941224,0.5464956734149277,0.5389715149817308,0.543050483711565,0.5398336627697575,0.9570795858653602,0.8952388838096692,0.9171468347993164,0.8999985039618389
31.jpg,kidneyStone,236.1779258578432,576.1992464436753,455.74716605392155,553.2285428681275,0.599103354593897,0.5840316352044644,0.5951519630888453,0.5859563710931931,6.235033700980393,8.89507112648981,7.472686887254902,8.638800461361013,4.531648702362331,4.649032663778859,4.577664678486887,4.638544955575635,0.29867191524424963,0.2906207278098609,0.2949359514529042,0.2916838452545606,0.5465088427868754,0.5390925039451587,0.5430800598925578,0.5400776289151038,0.9568409719415014,0.8949692578562162,0.9167516694201262,0.8991564032907088
32.jpg,kidneyStone,236.38939950980398,573.6472279892347,454.6697457107844,553.1643983083429,0.5978283773841316,0.5844010882894516,0.5937814630375562,0.586516093362185,6.243933823529413,8.852887351018836,7.469132965686277,8.645336409073431,4.537683745961101,4.652189544679329,4.58025062888341,4.643557965126244,0.2986855832708198,0.2906523394648583,0.29471597204388034,0.2916484343924148,0.546521347497808,0.5391218224713764,0.5428774926665134,0.5400448447975545,0.9566644643594104,0.8951003025341927,0.9166834296729639,0.8988458843690441
33.jpg,kidneyStone,237.37596507352941,572.3335332564399,456.2075520833333,556.1821453287198,0.5986611807940988,0.5842839839191292,0.5936252732229047,0.5859339118294993,6.2519761029411764,8.855424836601308,7.480131740196078,8.675494040753557,4.541948136512096,4.656419388137383,4.586621170335423,4.648210482959794,0.298183259007015,0.2904186792380594,0.29453127851123206,0.2916465645883988,0.5460615890236329,0.538905074422258,0.5427073599199038,0.5400431136385305,0.9563322602691842,0.8949761368871975,0.9161109280811004,0.8979399351905246
34.jpg,kidneyStone,239.44047181372548,574.6593310265283,458.0968290441176,559.9062668204535,0.5982520400619833,0.5843977384985575,0.593533229819835,0.5847708850389267,6.302604166666667,8.88973471741638,7.515517769607843,8.735363321799309,4.544339595628863,4.661723728782636,4.591247027478408,4.6537480997931535,0.29839821598063226,0.2904675051044307,0.29439627383773664,0.29154630066423737,0.5462583784077204,0.5389503735080167,0.5425829649350749,0.5399502761034921,0.9557837513778973,0.894145048906528,0.9154408193143573,0.8968626327091319
35.jpg,kidneyStone,242.01513480392163,576.0964705882352,458.39214154411775,562.9144636678201,0.5973127540818911,0.5834787881835619,0.5912333380327798,0.5856870476837894,6.340992647058826,8.965336409073432,7.583685661764706,8.781499423298731,4.549633280546737,4.668134725395097,4.593356776726535,4.656418609656875,0.2985456401703222,0.2907298728300901,0.29492461477688126,0.2918085600708682,0.5463933017253434,0.5391937247688349,0.5430696224029486,0.5401930766595109,0.9551531497045305,0.893511398631235,0.9150930947230925,0.8959480278276527
36.jpg,kidneyStone,244.83046875000008,579.8032449058056,460.6178462009804,567.0941022683583,0.5982510048903272,0.5832138758885498,0.5925578941370198,0.5846124895288632,6.3629442401960805,9.015670895809308,7.613158700980391,8.843183391003459,4.55137196540021,4.673484969286389,4.6027228080857,4.663480393326809,0.2987785588682088,0.290926605610092,0.2949225711199192,0.29190656585074104,0.5466064021471106,0.5393761262885964,0.5430677408205344,0.5402837827019621,0.9544301206866836,0.8923496877071614,0.9143029809779915,0.894709355725435
37.jpg,kidneyStone,244.87977941176476,581.028712033833,461.48544730392155,567.6676047673973,0.5978463388509057,0.5840835852489704,0.5917499746614358,0.5842008888663723,6.3546568627451,9.031572472126104,7.654013480392157,8.870926566705116,4.5530167754186115,4.675805957236977,4.60651606141099,4.669150961378764,0.2990791334293751,0.29110864980951767,0.29517002761295236,0.29195506616876576,0.546881279099381,0.5395448543073298,0.5432955251177322,0.5403286649519584,0.9541932786676779,0.8915828082972109,0.9137117602474818,0.8940759273081387
38.jpg,kidneyStone,245.00703125000013,582.4061514801999,464.3284160539216,570.8749250288352,0.5978856061853702,0.5836409499397729,0.5920637433137997,0.5838895636499574,6.333992034313729,9.033079584775086,7.684145220588237,8.897716262975779,4.5582099279668595,4.677699921855585,4.608920926041213,4.670712116149672,0.2988114445212253,0.29097586037724515,0.29507034683080874,0.2919875526536461,0.5466364829767817,0.539421783372942,0.543203780206663,0.5403587258975708,0.9540251141037925,0.8909831957908186,0.9129063868901168,0.893141650767891
39.jpg,kidneyStone,246.06718749999993,582.9873433294886,467.5677083333335,575.280153787005,0.5986461890763167,0.5832038645871332,0.5916546644616623,0.5845790093938205,6.32049632352941,9.042091503267972,7.727757352941178,8.935670895809304,4.557263639012483,4.683306675753466,4.613724030144327,4.675052220767809,0.2992450026263184,0.2910902971840745,0.2952015543478997,0.29208669389128267,0.5470329081749273,0.5395278465325719,0.5433245386947838,0.540450454612893,0.9536383772091939,0.8904302884262565,0.9119425550141508,0.8918788182183298
4.jpg,kidneyStone,244.74788602941177,638.7849288735101,552.9787990196078,612.9905420991927,0.7264643306696138,0.712273209869695,0.7172631093643649,0.7120594100204749,5.076378676470588,7.9579853902345254,7.1046875,7.868512110726645,3.263892564909483,3.385532188715693,3.3377230640904694,3.3846906465934503,0.470948346470558,0.4600695470836715,0.46330304114647164,0.4597990875954758,0.6862567642439367,0.6782842671650814,0.680663676970111,0.678084867546442,0.9326879932710153,0.824866265737103,0.8479165101506915,0.8319382348375235
40.jpg,kidneyStone,245.74669117647065,582.5551249519416,468.55071997549027,575.5624913494811,0.5976277994114593,0.5829242633058251,0.5899317896437941,0.5837952272498118,6.34794730392157,9.048350634371396,7.758226102941178,8.97047289504037,4.562401091161673,4.687909203393089,4.619610408447679,4.681900690529676,0.2992431207676662,0.29117120629527476,0.2950989129734884,0.2920514116875462,0.547031188112402,0.5396028227273044,0.5432300737012711,0.5404178121486617,0.9535364974597808,0.8901273277240667,0.9114493360805297,0.8914461717394073
41.jpg,kidneyStone,244.8947303921569,586.0192848904268,472.8785232843139,577.5078815840062,0.5970887354780116,0.5829810645997379,0.5909438476925594,0.5833528401529603,6.3712316176470605,9.114925028835064,7.824846813725493,9.022499038831219,4.56745505370151,4.69155260120561,4.626145564623209,4.688485788220824,0.29937498897096376,0.2916173772220515,0.2953633005625468,0.2922650165752649,0.5471517056273916,0.5400160897807134,0.543473366930291,0.5406154054179967,0.9535852814948034,0.8892055872681613,0.910413571496148,0.8908147765135889
42.jpg,kidneyStone,246.80124080882354,592.838216070742,478.1605698529412,582.6376163014226,0.5967543014662647,0.5827616551593208,0.5900704096225055,0.5828906672175174,6.400076593137254,9.167781622452901,7.8651654411764715,9.082798923490966,4.572097788465262,4.697085031949828,4.632069321291118,4.690706343926247,0.29940686511516756,0.2915005222756868,0.2953288659165795,0.2922813101931487,0.54718083401666,0.5399078831390469,0.5434416858473221,0.5406304747173883,0.9531532126162207,0.8877467317100307,0.9092752688090019,0.8896782041279411
43.jpg,kidneyStone,248.6137408088236,596.1001614763553,480.56718750000016,584.1752095347944,0.5972121379960486,0.5822797804145736,0.5901972074470413,0.584315493427113,6.399984681372549,9.189311803152634,7.880882352941178,9.05763936947328,4.568525417946204,4.697494797857952,4.6292231203433944,4.689375112437639,0.29967501020303206,0.29181460890814614,0.2956938080455837,0.2926959022207914,0.5474258033770714,0.5401986754039166,0.54377735153791,0.5410137726720008,0.9527596156931525,0.8870104946922328,0.908722078609672,0.8892708437204213
44.jpg,kidneyStone,249.54848345588235,599.8539023452518,483.4825214460785,586.5005767012688,0.5979707634003707,0.5828113051874482,0.5902273102360794,0.5845656598228476,6.388066789215687,9.19904652056901,7.870235906862747,9.02455978469819,4.569648226855717,4.697877546136609,4.629733417166158,4.687466054362781,0.2995071984877362,0.2915657002947878,0.2955602495838065,0.2924141226846029,0.5472725084340855,0.5399682400797178,0.5436545314662672,0.5407532918851284,0.9525285754749937,0.8861707605865299,0.9080651863898168,0.8887047090959121
45.jpg,kidneyStone,251.27305453431373,604.5667051134178,487.56885723039215,589.1491580161473,0.5970442217920419,0.583433251994549,0.5915378905775399,0.584507447145095,6.394929534313725,9.20864282968089,7.871522671568627,9.000199923106493,4.569470766085823,4.697925242789355,4.630439863141532,4.684745621646189,0.29968972282013684,0.29179705389389,0.2958088850104227,0.29274529605254845,0.547439241213248,0.540182426494874,0.5438831538211334,0.5410594200756036,0.9521699390174899,0.8852029723035485,0.9072295866664871,0.8881305046439288
46.jpg,kidneyStone,253.56665134803927,608.885505574779,491.07648590686284,592.7206459054208,0.5974425940930099,0.5824546148555401,0.5895442741034985,0.5829247242001981,6.414751838235294,9.263667820069205,7.940119485294119,9.048458285274894,4.573618645687005,4.704808136694032,4.638328063660842,4.6932804088751485,0.2993551357669677,0.29139858638346466,0.29524292109517675,0.29221342088727276,0.5471335630053851,0.5398134736957431,0.5433626055362816,0.5405676839094923,0.9517719716180457,0.8844752876709003,0.9066356490557513,0.8875422694696868
47.jpg,kidneyStone,254.3350030637255,611.1294425221068,491.2864123774511,591.8142868127641,0.5968605931064817,0.5818075662407404,0.5906157397386593,0.5836753478719869,6.417999387254902,9.296855055747788,7.955621936274512,9.051872356785848,4.5755226921196215,4.70712538670337,4.637785616956789,4.696032758002342,0.2994043794754422,0.29144728122638175,0.2953919839180693,0.2923785883671452,0.5471785626972626,0.5398585752087132,0.5434997552143601,0.5407204345751556,0.9516462364402566,0.8840984194003358,0.9066349578863934,0.8877615665512939
48.jpg,kidneyStone,252.58515625,609.6868896578237,490.72342218137277,588.4632064590544,0.5970360688350295,0.5825729948432331,0.590173167966265,0.583737402563942,6.409635416666668,9.30048442906574,7.958103553921571,9.05054978854287,4.575387525920658,4.706248589473958,4.638945059165515,4.692697406581958,0.2995882222470023,0.2916124040069168,0.29555772229186955,0.29277682812380607,0.547346528487212,0.5400114850694536,0.5436522071065927,0.541088558485398,0.9520277479543447,0.8844897410531966,0.9068375869953761,0.8885107445939987
49.jpg,kidneyStone,250.5685508578432,609.4865359477125,490.58295036764724,584.5844521337949,0.5972069366435679,0.5811282097334994,0.5911027114003611,0.5828159985197082,6.3829503676470605,9.295532487504806,7.936626838235297,9.017424067666285,4.576134147102726,4.709101657605325,4.637870734829969,4.693411468984135,0.2992710820733013,0.29131437791722653,0.2952428694699005,0.2924115910229423,0.5470567448385051,0.5397354703159933,0.5433625580309159,0.540750951014367,0.9524992658727979,0.8847428024078958,0.9070383100314782,0.8894519210271169
5.jpg,kidneyStone,246.27950367647054,643.1527258746637,555.7621936274509,614.3485121107267,0.7261941918417788,0.7122614207884567,0.7176223570712025,0.7129372407772079,5.087254901960783,7.998861976163017,7.130606617647057,7.868604382929641,3.2631847596925954,3.383316839736674,3.3325124085659397,3.380324040602467,0.4709066836992529,0.46017460353358336,0.4635330089904946,0.4599251696438878,0.6862264084828366,0.6783617055329578,0.680832585141527,0.6781778303984051,0.9324059352969328,0.8240313422235053,0.8474650747838032,0.8319122679048104
50.jpg,kidneyStone,251.3734221813726,614.2282199154171,495.29888174019635,587.4321568627452,0.5973703164888741,0.581682781848242,0.5910356077586988,0.5835355386659735,6.418213848039217,9.333241061130334,7.975965073529416,9.024375240292196,4.580073296927419,4.711955685907785,4.640161860382186,4.696737616811868,0.2992712189976136,0.291248197001094,0.29534260199465073,0.29227894349332695,0.5470568699848432,0.539674158174258,0.5434543237427141,0.5406282858797965,0.9525120830704942,0.8842499020781196,0.906470476190865,0.8892995673681556
51.jpg,kidneyStone,251.9389552696079,617.3042214532871,497.1643688725491,589.7922491349482,0.597340474504412,0.5815331603021794,0.5905350966980614,0.5837860863284297,6.427558210784316,9.373979238754323,7.987040441176473,9.010734332948868,4.579344416221115,4.711603041805091,4.640642636474875,4.6947769062526294,0.29902148101935716,0.29111708935181657,0.2950285696625848,0.29204835001946,0.5468285663892818,0.5395526752336759,0.5431653244294823,0.5404149794551035,0.9525516720995088,0.8840288624046155,0.9064070307626961,0.8891974561325815
52.jpg,kidneyStone,252.71030943627454,618.5196770472894,495.7080116421571,587.8925643983084,0.5972352930367599,0.5822799793794099,0.5906339613480243,0.5853937170848087,6.428906250000001,9.388419838523644,7.971706495098043,8.996447520184546,4.573701550052793,4.70572715174508,4.632269601549059,4.687691644112639,0.2993749914348973,0.29141681685436954,0.2955132278741577,0.2926315859055776,0.5471517078789916,0.5398303593300117,0.5436112837995157,0.540954328853719,0.9524369552061903,0.8838757952107151,0.9067413196265611,0.8896258937659189
53.jpg,kidneyStone,255.37429534313725,618.7194771241828,494.7919730392156,588.3558323721645,0.5978506446046654,0.5821580945642116,0.5906592963164538,0.5855701951586424,6.448008578431372,9.38801999231065,7.95487132352941,9.00232218377547,4.572903335106208,4.707422749048278,4.632917400835766,4.69031436176816,0.29922615728851276,0.29123561212741483,0.2950493945950774,0.2922338838417365,0.5470156828542604,0.5396624983519004,0.5431844940672343,0.5405866108605877,0.9520800979978988,0.8841890370072009,0.9071940951186822,0.8898724574727193
54.jpg,kidneyStone,255.82484681372543,619.0007689350251,494.4945618872548,587.9775009611687,0.5983650785575422,0.5826031595345982,0.5911207214820767,0.5865013948303225,6.445098039215685,9.39757016532103,7.9621170343137235,8.9918800461361,4.573085180674807,4.705527916840923,4.629859440573337,4.688474222092416,0.2989954929725796,0.29110598097528795,0.2951529958476381,0.2922209068437137,0.5468048033554384,0.5395423810742656,0.5432798503972314,0.5405746080271563,0.9520725571929688,0.8843233755570701,0.9073988842923054,0.8901208916483317
55.jpg,kidneyStone,255.84416360294122,618.158123798539,492.6442861519609,586.5104805843907,0.5983772367227793,0.5828393574596997,0.5919743001824334,0.5860277478490106,6.434390318627452,9.338562091503269,7.913985906862747,8.985836216839678,4.564888252430029,4.696102652849902,4.622594907830804,4.682198161181681,0.2991175150623784,0.29105944932013095,0.2948747724498616,0.2919592849347713,0.5469163693494449,0.5394992579421504,0.5430237310190611,0.5403325688266175,0.952046205686486,0.8844272942714894,0.9077019819137536,0.8903442330212612
56.jpg,kidneyStone,257.89520526960786,618.7534640522877,490.63154105392175,585.0017685505574,0.5988864869984504,0.5832826370854489,0.5931215975658174,0.586340671006309,6.446614583333334,9.323552479815456,7.874984681372552,8.963444828911955,4.560496495800672,4.690703273900244,4.6144081805124175,4.675448650049195,0.29898670940113176,0.2910782028205812,0.2952596114296862,0.2920608349700178,0.5467967715716067,0.5395166381313752,0.5433779636953326,0.5404265305941389,0.951697947846206,0.8844035583373396,0.9081466424207261,0.8907091002482159
57.jpg,kidneyStone,258.7644914215688,619.6057054978855,488.8696844362746,581.2887504805844,0.5996195646555004,0.5842546017903647,0.594477086638241,0.5870152041015311,6.4805453431372575,9.353156478277587,7.873023897058825,8.97754709727028,4.560317411648372,4.688537051441031,4.609461951191509,4.671239090081926,0.2987951694182002,0.29078805221012644,0.2951372459144696,0.291968843970785,0.5466215961871614,0.5392476724197578,0.5432653549734877,0.5403414142658186,0.9515788982840534,0.8843494062423302,0.9085585399933555,0.8915013394143726
58.jpg,kidneyStone,235.13737745098038,529.8866897347174,443.4069240196079,526.9719031141868,0.732553180239244,0.7171981884822182,0.7250184724620337,0.7155992443137391,5.02264093137255,7.280492118415993,6.42950367647059,7.30638985005767,3.057703654050803,3.1702647932579207,3.110399416020549,3.1742049975888778,0.4921479812029554,0.4757784366199911,0.48542103698096895,0.4740856834852355,0.7015325945406637,0.6897669436990954,0.6967216352180897,0.6885388031805001,0.9193709660288426,0.8181627597636867,0.8473747675071792,0.8191630052222401
59.jpg,kidneyStone,239.63042279411775,534.6813994617455,442.2408394607844,528.4872895040372,0.7330448890234588,0.7171983072264169,0.7255905576995756,0.7164489837023943,5.047671568627453,7.309803921568628,6.429595588235296,7.318169934640527,3.046961384644046,3.16180733628681,3.1011774149428004,3.1653931216637816,0.493503730184342,0.47705213678056296,0.4867460876957632,0.4756967054193959,0.7024982065346089,0.6906896095791242,0.6976719054797629,0.6897076956359092,0.9178754634366992,0.8166230900530048,0.8478624955055282,0.8187474518599799
6.jpg,kidneyStone,247.98875612745098,646.9773471741639,558.6962928921569,616.9017762399078,0.7269344383635408,0.7124710009633742,0.7178584766472442,0.7126355388924025,5.08514093137255,8.020945790080741,7.167248774509804,7.893640907343331,3.2638494303202736,3.3841546677705314,3.336234767818627,3.3818232083318667,0.47076030257480583,0.4602994714865087,0.46355389845458317,0.4602379384736684,0.686119743612444,0.6784537357009015,0.6808479260852479,0.6784083862052919,0.9318710004424485,0.8228138965228472,0.8465115109021589,0.8310506195657281
60.jpg,kidneyStone,242.53177083333338,533.7944175317188,440.81985294117663,530.4835063437139,0.7336034133932959,0.7180625003661996,0.7260248836224209,0.7162876217081402,5.057628676470589,7.302975778546715,6.418382352941178,7.350711264898115,3.044480972518899,3.1587911650972593,3.0990634331663043,3.1641413977173167,0.49453584042570786,0.4777531898313148,0.4874722785172394,0.4760356428729907,0.7032324227634189,0.691196925507713,0.6981921501400882,0.6899533628246121,0.9165994751170488,0.8163085246984259,0.8478375556827051,0.8174478887321097
61.jpg,kidneyStone,244.67941176470595,531.3484967320262,439.9195465686274,534.7400230680507,0.7347887235966183,0.719794614658286,0.7275915887685374,0.7181090581513515,5.079381127450982,7.284859669357939,6.411151960784314,7.352802768166088,3.033919313048709,3.1443809729786825,3.0882734990175553,3.1517154587027383,0.4961973006832559,0.47939360087009963,0.4890581626554766,0.47767316879424543,0.704412734611787,0.6923825538458488,0.6993269354568552,0.6911390372379825,0.9156267503383478,0.8166389743426083,0.8477224468389799,0.8154686054578888
62.jpg,kidneyStone,241.53109681372555,527.278800461361,438.91087622549003,532.0087966166859,0.7367241426505295,0.7215904322503828,0.7298388825082757,0.7193114019264354,5.024080882352942,7.256101499423299,6.381556372549018,7.308512110726644,3.015888860225851,3.128068005927992,3.0680672936120836,3.1334604923438665,0.49859529629435645,0.48197148684865393,0.491994718898493,0.4801619062020477,0.7061128070601442,0.6942416631466697,0.7014233521194551,0.6929371589127312,0.9164572746280647,0.8174850552018179,0.8476044331034615,0.8158477904636391
63.jpg,kidneyStone,235.92469362745098,520.7700884275278,437.8399356617648,526.4834909650134,0.7383432950703154,0.721973209542068,0.7298901136557413,0.7206149723334837,4.981709558823528,7.236955017301036,6.369776348039217,7.260084582852748,2.9998925951266493,3.115737153861811,3.0554208725969194,3.118604968208889,0.5016876307527455,0.4842990694289791,0.493800637238945,0.4831669271023875,0.7082991110771956,0.6959159930832018,0.7027094970462154,0.6951020983297256,0.9183958841230667,0.8197363355464538,0.8479741742640055,0.8177586511502258
64.jpg,kidneyStone,282.75261948529413,817.5837139561705,735.1931678921567,776.9417454825065,0.646313352139282,0.625957005625163,0.6300903696918383,0.6285310734656013,5.753017769607843,9.593925413302575,8.759099264705881,9.272326028450593,4.104887653189296,4.269487313418365,4.213631853512145,4.255815736952235,0.3508969536252957,0.3407728149984012,0.3441867487818309,0.3414395707681114,0.5923655574265739,0.5837574967385012,0.5866743123589364,0.5843283073479424,0.9597669866875168,0.8839002819070567,0.8953969751671419,0.8896715821445605
65.jpg,kidneyStone,281.12568933823525,812.5115570934257,731.203569240196,771.7317031910802,0.6474508623295142,0.627065646257551,0.6321443250766239,0.6284233906554806,5.702527573529411,9.509757785467128,8.68442095588235,9.192587466359091,4.092634323059274,4.2584364116957145,4.202803975828705,4.245886368793981,0.35059433235658294,0.3405261179379593,0.34392194255871367,0.3410844922419894,0.5921100677716795,0.5835461575042366,0.5864485847529293,0.5840243935333432,0.9598342017743007,0.8841468355880324,0.8955376281789046,0.8899614914875071
66.jpg,kidneyStone,279.56277573529417,810.2129334871202,727.7316482843138,767.3444675124953,0.6478926039900467,0.6277401457147511,0.6322603535060267,0.6282399088286131,5.6824754901960794,9.452948865820836,8.61170343137255,9.122891195693965,4.090775979248967,4.2497655527357985,4.195563329122287,4.240532604557805,0.35016158312570583,0.34018874176835245,0.3434582117088754,0.34067393876397756,0.591744525218194,0.5832570117609839,0.5860530792589315,0.583672801117182,0.9599543082704483,0.8841764017051243,0.8957651005063304,0.8903046425382997
67.jpg,kidneyStone,278.4540441176472,809.38339100346,726.6057444852943,765.2654671280276,0.647368471677854,0.6271927565672929,0.6331207029963009,0.6295993983309468,5.670465686274513,9.439492502883505,8.573851102941179,9.070588235294116,4.085576592605008,4.247709185215615,4.190900799676831,4.233135982900691,0.3498741732446657,0.33990279112180105,0.3433342819477859,0.34046091756918967,0.5915016257329017,0.5830118276002649,0.5859473371795335,0.5834902891815679,0.9600611591327467,0.8841448508012331,0.8957909423969105,0.890459891003122
68.jpg,kidneyStone,279.05208333333337,812.0648212226068,729.7720435049021,767.8470280661284,0.6480646361241952,0.6288442558918265,0.6350329007593697,0.6311200013108483,5.6741727941176485,9.456070742022298,8.586075367647059,9.076647443291042,4.0729702269256265,4.234377312723881,4.178581399663614,4.218086840680856,0.3497981504493838,0.3397918235984414,0.34329566647574683,0.3404563076248584,0.5914373597004029,0.5829166523598733,0.585914384936696,0.5834863388502411,0.9599609053484197,0.8837200371785244,0.8952991930204338,0.890051604819322
69.jpg,kidneyStone,287.13196997549034,828.1254594386775,741.0373008578433,783.2596078431374,0.6475199614273194,0.6259074404218169,0.6313269500780911,0.6285785171490007,5.799586397058826,9.684459823144945,8.835707720588237,9.336378316032297,4.105017395632991,4.2730154345955125,4.217625724193185,4.25816564170026,0.3518228813502845,0.3416880023520365,0.34510287415747554,0.34222977179835457,0.5931465934743995,0.5845408474623792,0.5874545719946994,0.5850040784459153,0.9595476086201239,0.8835656843237143,0.8956072027071486,0.889873816344316
7.jpg,kidneyStone,250.12135416666672,648.2351403306419,560.7667892156862,622.0823683198767,0.7268623496936101,0.7118706686000338,0.7177726757550599,0.7121427407480708,5.121936274509804,8.046474432910417,7.2046874999999995,7.9440522875816955,3.2654780940693198,3.385212427026312,3.334685718597412,3.3815662319554205,0.4710533890069697,0.4604443998633595,0.463906869503316,0.4605918050328434,0.6863332929466337,0.6785605351502249,0.6811070910681492,0.6786691425376901,0.9312012491812198,0.8222530004729816,0.8457546548664937,0.8294241278386726
70.jpg,kidneyStone,285.47648590686276,825.4232218377547,739.490900735294,782.2385390234524,0.6475135025026777,0.6260939618490838,0.631075974111345,0.6281746465271872,5.76968443627451,9.660146097654748,8.808118872549018,9.317078046905035,4.10283544330654,4.270653144025723,4.218476524085862,4.256416126893855,0.35145965364977544,0.3413646874350076,0.3448147646366104,0.3419958287122584,0.5928403272802681,0.584264227413426,0.5872093022395085,0.584804094301894,0.9595942436830256,0.8834071284248496,0.8953417893842774,0.8895070612158984
71.jpg,kidneyStone,295.3645220588236,632.6430296039985,511.26971507352954,626.7677201076508,0.5404850599978802,0.524062623286715,0.5342410989587864,0.524559612555869,7.515870098039216,10.48715109573241,8.941743259803923,10.404136870434447,5.134230046845114,5.2715043814724165,5.18689584293816,5.27006647358203,0.23555987260195901,0.22868359157399745,0.23213481206428274,0.2280535610397975,0.4853451067044552,0.4782087322226534,0.48180370698478725,0.4775495377861835,0.9327516585913774,0.8562282072590545,0.883571405202566,0.8575634053718459
72.jpg,kidneyStone,291.5656862745098,627.349634755863,510.12052696078433,622.7045905420991,0.539221038945264,0.5235419292436925,0.533312527190644,0.5252043819694505,7.506832107843137,10.466897347174163,8.96513480392157,10.396955017301037,5.134535194798208,5.272542146509379,5.18767855159471,5.268947511068607,0.23564738624511164,0.22871215906223613,0.23213336045537633,0.22831694124091792,0.4854352544316406,0.4782386005564964,0.4818022005505748,0.47782522039017356,0.933089979785674,0.8562968217222132,0.8829102987946983,0.8573608338452433
73.jpg,kidneyStone,296.5151501225491,631.4361399461745,506.3588541666668,622.4571011149557,0.5414435928278576,0.5253311649579961,0.5337996025573346,0.5251064088562789,7.5148131127451,10.478908112264511,8.9234068627451,10.366489811610919,5.13130731325327,5.267964692842032,5.181692902163438,5.265860276590633,0.23575735148628246,0.22889303232823371,0.23231516660978505,0.22843853112420442,0.48554850580171954,0.47842766676712345,0.4819908366450394,0.4779524360479863,0.9332185003370442,0.8580539354056456,0.8859353183406976,0.8600724122480388
74.jpg,kidneyStone,296.9428921568626,632.5211226451365,508.1825980392158,624.9862668204537,0.540755993537249,0.5236207998012651,0.5338884130602571,0.5245915240864784,7.522579656862742,10.501253364090736,8.930300245098042,10.391018838908114,5.13440351951609,5.271691437719412,5.187682960107876,5.269763342134549,0.23575240672345077,0.22888908589707824,0.23216362929353349,0.2283909710295378,0.48554341384005073,0.4784235423733642,0.4818336116270154,0.47790267945423553,0.9328954011968889,0.8573271209320213,0.8851365751342368,0.8590266998636685
75.jpg,kidneyStone,175.24122242647064,804.8166551326412,671.2937499999999,655.4420453671662,0.7498827155286824,0.7297764221130077,0.737729402819895,0.7337201921709122,3.91827512254902,7.838662053056517,6.796507352941177,7.058685121107263,3.0921764709863346,3.2455516136960654,3.184602197074527,3.222742672534108,0.4980160933116546,0.4825228558914953,0.48798823678186404,0.48616180302699014,0.7057025530006638,0.6946386513083586,0.6985615483132922,0.6972530408875892,0.9632627891602427,0.831781884230439,0.8593718265150666,0.863003299988069
76.jpg,kidneyStone,174.38913909313726,800.7189388696656,668.4316482843136,652.1959400230679,0.7515437504497099,0.7303208361015064,0.737846985100569,0.7349478473940856,3.908440563725491,7.816301422529799,6.791574754901959,7.033402537485581,3.0864953337184593,3.238205747380222,3.177753995311331,3.215079469622617,0.4984528520665504,0.4827832093089326,0.4883559035521567,0.486444102518166,0.706011934790447,0.6948260280882781,0.6988246586606376,0.6974554484109835,0.9633046470417052,0.8320131215372774,0.8594487493481007,0.8631725131102843
77.jpg,kidneyStone,172.3847579656863,794.6216993464052,665.3145680147061,648.8069511726259,0.7513065479305637,0.732047580145139,0.7388407752444065,0.7349212388529057,3.8927849264705894,7.765597846981928,6.765088848039218,7.01354863514033,3.0782411291815452,3.2288418374025207,3.1703746959681944,3.2053552553391187,0.4994923363919901,0.4841738540510474,0.48925547504828387,0.487625589483594,0.7067477176418684,0.6958260228326096,0.699467994298727,0.6983019328940698,0.9635529849136136,0.8324957017839684,0.8594357727496442,0.8632330917677635
78.jpg,kidneyStone,169.09087009803923,791.2397078046904,663.9181985294117,644.9143252595155,0.7524038192207275,0.7328676222498894,0.7400871827730894,0.7363563065516274,3.850030637254902,7.727243367935409,6.715747549019608,6.956370626682045,3.0648945325531347,3.214602637850563,3.1547764105758547,3.1932856997191,0.5007719901853779,0.4857384446079279,0.49092928583188417,0.48904462965697526,0.7076524501373381,0.6969493845380222,0.7006634611793912,0.6993172596590015,0.964044427108439,0.8322528988798799,0.8589293224336448,0.8632746720544695
79.jpg,kidneyStone,167.20219056372554,791.040030757401,664.3578278186276,643.4971164936562,0.75314546678941,0.7334040895725664,0.7416050847493783,0.7383280330002527,3.8181219362745105,7.702206843521723,6.6854626225490215,6.912110726643598,3.0532291728588703,3.202308818590152,3.1420793490278123,3.178640498775575,0.5024027725917842,0.48722144799541073,0.4925011201511665,0.49079205918641566,0.7088037616941548,0.6980124984521486,0.7017842404551177,0.7005655281174029,0.9642025560333904,0.8311478204827232,0.8578696720174691,0.8626417293584983
8.jpg,kidneyStone,250.39402573529418,643.9095732410613,558.779074754902,621.5827450980391,0.7261810707007091,0.7125184896546544,0.7181227999778701,0.7122520510990378,5.123713235294119,8.034602076124568,7.182659313725492,7.955278738946557,3.2612877680579166,3.3807494482485074,3.33278185326344,3.3796838659351733,0.471579456556673,0.4610285781013749,0.4642818256452974,0.46082092969595434,0.6867164309645379,0.6789908527376307,0.6813822903813229,0.6788379259410557,0.930945649459752,0.8229765378691853,0.8458983756127155,0.8291146239926508
80.jpg,kidneyStone,165.75629595588242,793.0833525567091,665.7000919117647,643.1445597846979,0.7541051679347028,0.7340036371139362,0.7412992841838938,0.7379135210162389,3.7978400735294136,7.717139561707036,6.700612745098039,6.916247597078044,3.0508089861342502,3.200901827029779,3.1417215587312515,3.179106419152012,0.5031825310906192,0.4879496570759686,0.49305714444076476,0.4912420310941235,0.7093536008864826,0.6985339340905126,0.7021802791596791,0.7008866035915678,0.964130122413051,0.8288903277219772,0.8560505864649305,0.8612399888392767
81.jpg,kidneyStone,165.50219056372558,794.2033217993081,667.3615196078433,645.0324798154554,0.7532476960984386,0.7334284432883791,0.7401084598204617,0.7368104011783869,3.807337622549021,7.723783160322952,6.723284313725491,6.952018454440598,3.0561900487567275,3.206525418554371,3.1500688809891875,3.186104380310514,0.5040827342924001,0.48860536678806743,0.49354066924286183,0.4920723171417965,0.7099878409468715,0.6990031235896357,0.7025244972546237,0.7014786647801888,0.9634643792351588,0.8252003173853814,0.8527904088086382,0.8580319804097295
82.jpg,kidneyStone,164.53753063725495,793.9612149173396,668.1105698529414,644.0892272202998,0.7520391531387359,0.732158596287008,0.7395089669984156,0.7357151851725261,3.8042585784313734,7.720476739715494,6.74246323529412,6.960399846212994,3.0619952644268533,3.2135047131331476,3.1576651577701838,3.1928332753246527,0.5049879863288761,0.48924412835627507,0.4943948089705207,0.4926919543706089,0.7106250673378164,0.6994598833073096,0.7031321418983211,0.7019201908839843,0.9624753260823654,0.8194691829808921,0.8477528933241021,0.8535470596817599
83.jpg,kidneyStone,163.34618566176474,792.8074279123416,666.8632352941179,640.0653748558249,0.7524358861815222,0.7329299325562495,0.7391966289622554,0.7350243986950418,3.7833180147058836,7.683306420607462,6.712714460784316,6.920061514802001,3.062740823364444,3.212656698068181,3.157940602287503,3.1936787674258755,0.5055742707741991,0.4897814577866942,0.494674088339859,0.49325247211428014,0.7110374608796636,0.6998438810096822,0.7033307105052778,0.702319351943459,0.9617599578474337,0.8149535162251771,0.84401682827416,0.8506045190381594
84.jpg,kidneyStone,163.91717218137262,793.6521184159938,665.920588235294,639.5420991926181,0.7534200930734849,0.7345227896691573,0.7403089988466532,0.7363374404382592,3.7834405637254913,7.665620915032679,6.6825674019607835,6.899638600538253,3.0547539896350875,3.203132895604141,3.14756135230376,3.1836463461282607,0.5063595155146162,0.49100923907508426,0.49609726427335626,0.49435503435891986,0.711589429035182,0.7007205142387971,0.704341724075293,0.703103857448471,0.961476024333072,0.8140311058446014,0.8436298274280212,0.850142229582844
85.jpg,kidneyStone,165.44580269607846,798.5778700499807,668.3808210784314,642.3411610918877,0.7544579401006208,0.7338932411512172,0.7410689278099053,0.737223983766123,3.812867647058824,7.7132487504805844,6.7077205882352935,6.938992695117262,3.046570438493076,3.1959111176823094,3.135970036955949,3.1758742232514168,0.5075819132393118,0.4918075675800319,0.4972425394670544,0.49545886083798524,0.7124478319423196,0.7012899311839803,0.7051542664318599,0.7038883866338365,0.9613291741832779,0.8139001011605432,0.8439115440191182,0.850309369213878
86.jpg,kidneyStone,166.2747855392157,802.5115570934258,670.7526041666667,644.0380161476354,0.7546364312101097,0.734523644693146,0.7414420158325082,0.7373594847282214,3.8329044117647064,7.7510803537101145,6.736274509803923,6.973871587850827,3.043334904901425,3.1918282414076535,3.1339952240991495,3.1719159632412874,0.5076486739906978,0.4919595186011475,0.49717881334327546,0.4955898382915746,0.7124946834824087,0.7013982596222688,0.7051090790390345,0.7039814189959666,0.961711339058855,0.8157572952198628,0.8456782668174199,0.8521400657380686
87.jpg,kidneyStone,167.14580269607845,805.577208765859,672.559466911765,645.0623913879275,0.7560448443677961,0.7351628577809138,0.7418908453471696,0.7387936212335029,3.8135110294117656,7.773471741637829,6.754013480392159,6.963567858515953,3.028456628687377,3.1804068120004594,3.1231727661271975,3.1602655346860336,0.5082247284181945,0.4921806348695327,0.49752981289310333,0.4957898570641133,0.7128988206037338,0.7015558672476003,0.7053579324662786,0.7041234672016786,0.9623933408352154,0.8192977323484423,0.8488089527076726,0.8553034574065081
88.jpg,kidneyStone,169.48126531862752,809.1595386389847,674.0529411764704,647.0959938485198,0.7576909135714378,0.7378300300486043,0.7436929773511539,0.7413294507296998,3.815211397058825,7.767212610534407,6.75517769607843,6.944421376393695,3.0114790711453385,3.1645074061833056,3.1065757459556225,3.1405884413698346,0.5095906958017203,0.49357115296352577,0.4987503957546747,0.4973163550351275,0.7138562150753612,0.7025461927613912,0.7062226247824935,0.705206604503338,0.9625907243047278,0.8219371862817253,0.8513435955508252,0.8576007228385414
89.jpg,kidneyStone,170.95934436274513,812.4157631680123,675.1897518382352,649.4529642445216,0.7576117035652716,0.7376558450685561,0.7432690592358911,0.7403978298766825,3.8021139705882363,7.769580930411379,6.762791053921568,6.945866974240678,3.0138565508869775,3.1649965372757496,3.1114862820120264,3.1447499682082816,0.5091697437677967,0.49337182265538015,0.49835598509662726,0.497115968261697,0.7135613104476705,0.7024043156582825,0.7059433299469776,0.7050645135458861,0.9627105142386745,0.8233349975767245,0.8528515672562547,0.8587723002140548
9.jpg,kidneyStone,250.39059436274516,639.1117570165321,555.7273590686275,618.7103729334872,0.7266654609349963,0.7131816919140307,0.7173388081387162,0.7123023039475378,5.1155637254901976,8.014671280276817,7.175245098039216,7.951926182237601,3.2577082393765533,3.3758719243790143,3.330281609100855,3.3766193887579767,0.4718529666840505,0.4613632686449374,0.46453270888337717,0.46109209987995936,0.6869155455251035,0.6792372697702456,0.681566364254705,0.6790376277349874,0.930725480985036,0.8237335349167255,0.8462492347170084,0.829360218850552
90.jpg,kidneyStone,172.41055453431375,812.2295271049597,673.460140931373,648.7842983467896,0.7559363478569735,0.7356482809811186,0.7433709004579041,0.7393718036062547,3.8139246323529425,7.800184544405998,6.767708333333336,6.945467128027682,3.023066890070163,3.1766529980106313,3.1213427544921846,3.1532753100124027,0.5076595352448581,0.4920093749173156,0.49712215295987444,0.49564019469635834,0.7125023054312583,0.7014337993833172,0.7050688994416605,0.7040171835234977,0.9625196677462365,0.8239658976738237,0.8537200759654161,0.859389300989994
91.jpg,kidneyStone,174.14984681372553,808.9096501345637,669.835355392157,646.3507881584007,0.7558197515594421,0.7353500484070636,0.7420532974266367,0.7385702492946079,3.828707107843138,7.786974240676663,6.758884803921571,6.947820069204154,3.0253946594160577,3.179457906079991,3.1221665508414227,3.155090571418473,0.507286476331782,0.49179271439237365,0.49677510391698815,0.4953575983921245,0.712240462436516,0.7012793411989074,0.7048227464526015,0.70381645220336,0.9621737522246838,0.8248341816545234,0.8546300015307763,0.8600355865118237
92.jpg,kidneyStone,176.8637867647059,805.8837370242213,664.8986213235295,645.6121799307956,0.7558640396818777,0.7352335030503989,0.7414647585174706,0.738819877293059,3.8457107843137264,7.770826605151864,6.717126225490197,6.932718185313339,3.0291832551270996,3.183525573270716,3.124271123308191,3.1589345659756978,0.5061739028173884,0.49052130217564843,0.49556801566798986,0.4940824280017692,0.7114589958791641,0.7003722597131103,0.7039659193938226,0.7029099714769803,0.9616222443863076,0.8256619023670767,0.8558431712210846,0.8603337006484391
93.jpg,kidneyStone,176.02467830882355,800.8433217993079,660.650643382353,643.0485351787773,0.754022494965481,0.7340836417618092,0.7405351445177348,0.7379963417702152,3.8434895833333345,7.745805459438676,6.700214460784315,6.920307574009994,3.036280839930166,3.18833805789094,3.1312109243163824,3.165587468349856,0.5041522668518044,0.4888451447931849,0.49382633489354283,0.49233482558759156,0.7100368066880789,0.699174616811269,0.7027277815011606,0.7016657506160547,0.9616456476093564,0.8260326164295005,0.8561666108151941,0.8603104151227114
94.jpg,kidneyStone,175.21697303921573,796.0113494809684,656.4192708333337,640.798246828143,0.7535976497352062,0.7331565719463033,0.7402216173824978,0.7375095015443642,3.8413602941176483,7.747266435986154,6.676776960784316,6.903806228373702,3.0455594047149033,3.1977769932632376,3.1377697516598615,3.1733675096792147,0.5035389321696434,0.48821949313848867,0.4933072545903321,0.49177205111865835,0.7096047718058577,0.6987270519584087,0.7023583519759212,0.7012646084885921,0.9616737361974107,0.8264119943466891,0.8565318572821862,0.8602596687025067
95.jpg,kidneyStone,148.8085171568628,381.32309111880056,327.4550857843136,379.0419377162629,0.763215241183733,0.7468995848227817,0.7513179895923503,0.7469372092731834,3.61170343137255,5.806905036524414,5.221691176470587,5.852948865820837,2.8424217065088135,2.964515595573854,2.9206566539139844,2.963506346887153,0.5126292813076327,0.4989172123636828,0.5034293809866548,0.4992373854376239,0.7159813414521587,0.7063407197406099,0.7095275759170004,0.7065673254811773,0.9365817853349988,0.8379859478477765,0.8604473902422842,0.8389551493331667
96.jpg,kidneyStone,148.73452818627453,382.0672664359861,329.291850490196,381.54008458285267,0.7637378100308764,0.7474621108536329,0.7521389117271592,0.7471446719808914,3.60968137254902,5.814778931180314,5.234528186274509,5.857470203767781,2.8295396635353494,2.9521728487892602,2.9115606688841154,2.9546772935864585,0.5148605810133875,0.5007613081119098,0.5047979962775361,0.5007155103299958,0.7175378603344826,0.707644902554883,0.7104913766384051,0.7076125425188532,0.9352443718297407,0.834164002296931,0.8566338234311383,0.8343928251673141
97.jpg,kidneyStone,147.44108455882355,380.41633217993086,327.45422794117644,378.41811610918876,0.7653610363063159,0.7484589832462949,0.7539737444599682,0.7474100100234052,3.5923100490196083,5.78482122260669,5.197579656862746,5.822437524029218,2.821369111936288,2.9449851403545892,2.900487112820442,2.945412181534417,0.5165095768172852,0.502153503613566,0.5066907114911107,0.5026295801706409,0.7186860071110924,0.7086279020851254,0.7118221066327672,0.7089637368516396,0.9342398554298567,0.8308483624209713,0.8539522587347401,0.8317368666517592
98.jpg,kidneyStone,145.8069699754902,378.08259900038445,325.5317095588235,375.1245674740484,0.7661035158707367,0.7484803273110299,0.7535779621472926,0.7487292117761958,3.5657935049019605,5.741560938100731,5.167616421568626,5.768781237985389,2.817003059208052,2.9400219399360767,2.896583583942739,2.939155312974655,0.5164499304982983,0.5021782858484175,0.5068891494322721,0.5024195578520135,0.7186445091269384,0.7086453879398479,0.7119614803009163,0.7088156021505265,0.9336956573504176,0.8285957576973336,0.8519674983994073,0.8299367851707469
99.jpg,kidneyStone,144.7164828431373,377.02520569011926,324.5193014705883,372.67863129565546,0.7661221544118222,0.7500374398719764,0.7545743771711121,0.7488430617828075,3.547610294117648,5.698239138792772,5.141636029411766,5.7438831218762,2.813634446299957,2.936375450960615,2.8943277504401865,2.9366203766222645,0.5174590345219162,0.5031578744223567,0.5076967920334876,0.5034611739695539,0.7193462549578723,0.7093362209998562,0.7125284499818149,0.7095499798953939,0.9334776135950252,0.8272221321562537,0.8508269552701982,0.8292140198204354
Stone- (328).jpg,kidneyStone,254.29586397058827,606.9947097270283,471.6549785539218,566.357108804306,0.5962049362726557,0.5827259700721005,0.5934506998646024,0.5847057426904075,6.528308823529412,9.293579392541332,7.768887867647064,9.004306036139946,4.57177082528947,4.6956999965501645,4.615595143264171,4.68370557342305,0.2980509866012696,0.28995542867092944,0.2942811664843829,0.2908511203732156,0.5459404606743025,0.5384750956831054,0.5424768810598134,0.5393061471680214,0.9490400511699452,0.8786680273414821,0.9055280610800035,0.8867910640089367
Stone- (329).jpg,kidneyStone,251.4321537990196,600.9747020376776,469.21793811274506,564.5207227989235,0.5964506080883806,0.5835126444692886,0.5925575876080249,0.5856708197405269,6.493336397058824,9.253517877739329,7.758164828431372,8.999707804690505,4.568064876798008,4.694929857713001,4.616120929232963,4.683190443786389,0.29803417764595486,0.29007034120641767,0.29427999740653366,0.29103231150116604,0.5459250659623122,0.5385817869241566,0.5424758035217181,0.5394741064232518,0.9488248140488525,0.8779900406878054,0.9045444895914733,0.8853909321206846
Stone- (330).jpg,kidneyStone,247.9853553921568,595.5593694732795,467.66501225490197,563.2183314109959,0.5966023457603339,0.5830515903366148,0.5923438428367042,0.5850840541819476,6.4629901960784295,9.201384083044982,7.733884803921567,9.004413687043446,4.57125839070504,4.695742856833459,4.61747197250655,4.684182329698456,0.2975146026787322,0.2896222977558241,0.29391328194928756,0.29076515775362755,0.5454489918211713,0.5381656787234058,0.5421376964842858,0.5392264438560368,0.9488628606312367,0.8775000226317908,0.9036095872247718,0.884152216575441
Stone- (331).jpg,kidneyStone,247.03779105392152,592.2283737024222,467.52403492647056,566.1799615532486,0.5983383030484871,0.583118655918575,0.5925440757973552,0.5849205914638064,6.445297181372547,9.141930026912727,7.722931985294117,9.009150326797382,4.567460229531648,4.68859377580153,4.613449684234818,4.684487204258812,0.29779676179984843,0.289869806617719,0.2940771623997906,0.29092958497463667,0.5457075790199807,0.5383955856224296,0.5422888182507459,0.539378888143239,0.9485263995063622,0.8769131833153891,0.9026314587993732,0.8823270004736021
Stone- (332).jpg,kidneyStone,244.55799632352947,589.597385620915,467.9681985294118,567.9368858131488,0.5963535657023081,0.5836477869719852,0.5916756776068197,0.5840888178065522,6.454840686274511,9.120461361014996,7.734099264705882,9.051472510572857,4.566772837780654,4.688179132394683,4.616035505259202,4.685261398448545,0.2977122829016333,0.2896713276072654,0.2938105902402322,0.29061376677500034,0.5456301704466435,0.538211229544001,0.5420429782224212,0.5390860476538049,0.9485055886924437,0.8761677380618293,0.9015105807226762,0.8807170606187505
Stone- (333).jpg,kidneyStone,241.75310968137256,583.1772702806613,465.7054381127452,565.2026451364859,0.5967149111073691,0.5829490799813352,0.5915776450891326,0.5836560833691447,6.405744485294118,9.077431757016534,7.698452818627452,9.0078892733564,4.567575777501156,4.688506340856859,4.61332497741879,4.683746485572558,0.29726202613158836,0.28935806483798476,0.29361326048255904,0.29031719211299095,0.5452174118015568,0.5379201286789562,0.5418609235611653,0.5388109057108913,0.9485035028810544,0.8760902175185811,0.9008468404742257,0.8799093510913416
Stone- (334).jpg,kidneyStone,238.46513480392167,576.2277893118032,461.20747549019615,560.0845828527489,0.5960251459983871,0.5836837463427622,0.5921990934596087,0.5828398274809623,6.362285539215689,8.985221068819685,7.663112745098038,8.973594771241828,4.561401963313267,4.68268111231755,4.609093344306517,4.679673615852289,0.2978453833064132,0.2895894850130837,0.29377832631980466,0.2906806799088452,0.5457521262500158,0.5381351921339875,0.5420132160010535,0.539148105726845,0.9487096416515931,0.876375676534248,0.9008493162528138,0.8798390516336194
Stone- (335).jpg,kidneyStone,237.082643995098,574.7809611687812,460.1721660539217,559.1884044598232,0.596518494526103,0.5836430989487607,0.5923063707624732,0.5837834483600526,6.32234987745098,8.95449442522107,7.667356004901963,8.95123414071511,4.561027220183294,4.68553408326686,4.612544300514949,4.68082634126945,0.2975791447165377,0.2894903531173721,0.2937775738814024,0.2905977583814582,0.5455081527498353,0.5380430773807726,0.5420125218861668,0.5390711997328907,0.9487548336047574,0.8760771213722749,0.9005826301613443,0.8794388794037362
Stone- (336).jpg,kidneyStone,236.14154411764702,576.9859592464437,463.1182291666667,562.1912802768165,0.5968391661834712,0.5826804267281687,0.5914849318886634,0.5833574626736034,6.322947303921567,8.987097270280662,7.715747549019607,8.96393694732795,4.559843163471525,4.684788844482462,4.615495856107982,4.679791908279389,0.297646533184352,0.2893416177287266,0.2936444488372859,0.2903832640005817,0.5455699159451078,0.5379048407745803,0.5418897017265468,0.5388722149086754,0.949024108023012,0.8757631435200737,0.9000750766812141,0.8789487399429341
Stone- (337).jpg,kidneyStone,235.14113051470594,579.7285505574778,467.0426776960785,565.4157170319107,0.5970598197040192,0.5842990139789075,0.590854425769015,0.5830048889756024,6.312055759803923,8.977301038062283,7.734895833333334,8.962845059592464,4.556420947369922,4.6775344684367965,4.612592173689955,4.674932826843443,0.2974484336234111,0.28929406248240064,0.29318245717260943,0.29016977653731185,0.5453883328633012,0.5378606348138899,0.5414632556070721,0.5386740912066514,0.9493282423416449,0.875390520817308,0.899402935339703,0.8784669860518295
Stone- (338).jpg,kidneyStone,231.8998774509804,577.8491195693962,466.6086856617648,564.9980622837368,0.5972761213660995,0.5848082166844427,0.5917322127850483,0.5836128945490534,6.272120098039217,8.930795847750861,7.723054534313727,8.956662821991538,4.550675363423203,4.671647544558239,4.605932462273849,4.670693852616025,0.29726852763116196,0.2893137015736854,0.2933835230749967,0.2902386046475187,0.5452233740689791,0.5378788911768944,0.5416488928032593,0.5387379740166074,0.9500674928596893,0.8758973565156286,0.8995784051305282,0.878657333344715
Stone- (339).jpg,kidneyStone,231.48351715686275,579.4676816608996,466.39635416666687,564.8761553248748,0.5982047862463535,0.5843945372614855,0.5914924761451256,0.5836375585645953,6.2588848039215685,8.968858131487888,7.73324142156863,8.96621299500192,4.540431771652219,4.664824050873228,4.60000077292058,4.660559331896951,0.2971746747560658,0.28923520610843606,0.29333897069617926,0.2902595592946903,0.5451372989954603,0.5378059186253309,0.5416077646195439,0.538757421568084,0.9504259359611874,0.8762227353528467,0.9001642834898106,0.8793395601112582
Stone- (340).jpg,kidneyStone,232.2003523284314,582.5355171088044,467.15791973039234,564.8975317185697,0.5993032191636527,0.5838645195538266,0.5921295896186004,0.5847890246706835,6.262607230392159,9.019638600538254,7.744898897058826,8.954925028835062,4.53281570583696,4.662582798510783,4.592545875853936,4.655202396447744,0.29737927945381576,0.28927067243087085,0.2936075759529839,0.2902138042018262,0.545324930159823,0.537838890775733,0.5418556781588469,0.5387149563561663,0.9506987467137031,0.8766361850872902,0.9008584148163754,0.8803713893816364
Stone- (341).jpg,kidneyStone,231.56433823529412,583.2211303344867,466.5374080882354,564.2515032679738,0.6007548757677282,0.584463322952283,0.592973447331886,0.5854456958319327,6.216911764705882,9.01179546328335,7.739552696078434,8.965905420991925,4.523782508044263,4.653087781735177,4.583511756426519,4.647279352892129,0.29760244191311624,0.28944068162941466,0.2937122539445466,0.29036739301611275,0.5455295059968033,0.5379969160036279,0.5419522616841327,0.5388574885961155,0.9514515234138282,0.8780448821293118,0.9022340173391956,0.8820115475749427
Stone- (342).jpg,kidneyStone,230.9090073529412,583.7600768935026,466.83328737745114,565.2099192618223,0.6022765321945627,0.5861869637110582,0.5925108724422123,0.5859797913807548,6.187928921568628,8.975640138408306,7.747870710784317,8.941960784313725,4.509045259538476,4.640426546646335,4.5736262843047495,4.636729444465547,0.2979637502093169,0.28974549137564426,0.2938017801521651,0.2906221668210595,0.5458605593091673,0.5382801235190133,0.5420348514183984,0.5390938386042448,0.9520762588717351,0.879163464457634,0.9031559349628829,0.8830032898768465
Stone- (343).jpg,kidneyStone,228.833930759804,581.9251826220684,465.554411764706,561.8810149942332,0.6020153668977537,0.5868677156963725,0.5943289197799693,0.5860935319695662,6.178875612745099,8.976993464052287,7.718933823529413,8.906743560169168,4.50443280797269,4.634807573222679,4.568795616785593,4.629822873270531,0.2981037227596884,0.2898023860636218,0.29385959048859667,0.29071187791759623,0.545988756990186,0.5383329695120129,0.5420881759350564,0.5391770376393975,0.9526789471421481,0.8799811907014032,0.9037696588201855,0.8841151879985036
Stone- (344).jpg,kidneyStone,227.13025428921577,580.6250057670127,463.91323529411784,558.6317108804308,0.6025762219407296,0.5855526521013452,0.5943622068240749,0.5884299228276395,6.1715226715686295,9.00409073433295,7.718841911764709,8.873310265282587,4.500600608838222,4.635523264284797,4.566436928369223,4.626877235340263,0.298074600941307,0.28972260188573845,0.29402872862150387,0.291063802184148,0.5459620874578262,0.5382588614093952,0.5422441596011006,0.5395032920975997,0.9527199052072357,0.8794561183281948,0.9034723717805665,0.8840221585607868
Stone- (345).jpg,kidneyStone,228.40718443627452,581.1394540561323,463.79093137254904,559.8726182237599,0.602697221254068,0.5858285008651763,0.59349419366818,0.5875603304277159,6.180530024509804,9.017408688965785,7.710079656862745,8.889796232218375,4.502354173094044,4.635262512095957,4.565591532362436,4.628966974525808,0.29808743721427766,0.28981931162133984,0.294158456839767,0.29094540132658286,0.5459738429762708,0.5383486896253578,0.5423637680005616,0.5393935495782118,0.952125775704847,0.8785165088857794,0.9028309601918979,0.8829622050845788
Stone- (346).jpg,kidneyStone,229.28298100490204,581.8145482506727,462.1599877450982,559.7728412149172,0.6015297486969533,0.5857634224280022,0.5945930205302671,0.5866230959099473,6.198606004901963,9.036970396001536,7.692708333333336,8.89428681276432,4.502588930761839,4.633029518748986,4.564557870391884,4.626150375267304,0.2985658387943491,0.2905749718892311,0.29458569988293276,0.29118888535610377,0.546411785006829,0.5390500643625146,0.5427574963857549,0.5396192040282701,0.9515618802466002,0.8774132152394807,0.9024063577044535,0.8820573445488467
Stone- (347).jpg,kidneyStone,227.79324448529417,580.3778392925799,459.56645220588246,556.7910034602074,0.6022970345018577,0.5847703108768737,0.5934780134915579,0.5862891325122358,6.148299632352942,9.023129565551711,7.666115196078433,8.857562475970777,4.499985197187357,4.6347268810919156,4.564997903119016,4.627256736926506,0.2987124353369947,0.2904378534798892,0.2947634206007006,0.2912842658185614,0.5465459132927395,0.5389228641279652,0.5429211918876445,0.5397075743572267,0.9514181254921987,0.8765514580140523,0.9020296015426474,0.8815684664117497
Stone- (348).jpg,kidneyStone,229.1298866421569,583.3381776239908,461.21556372549003,559.8588081507113,0.600895412491558,0.5835527999765178,0.5929804175410015,0.5859112830318728,6.187699142156864,9.080276816608997,7.686458333333331,8.900376778162245,4.510729861276304,4.649014436775777,4.575141725253483,4.638320673513052,0.29829070657732293,0.28992228624101496,0.2940972305526643,0.29070224509220044,0.5461599642754154,0.5384443204649993,0.5423073211313528,0.5391681046688505,0.9507070020103854,0.8748403293278781,0.9008221196457137,0.8798780077511119
Stone- (349).jpg,kidneyStone,231.5889705882353,586.6075970780468,463.41536458333337,564.4648827374087,0.6017627485073526,0.5838802236795385,0.5927725974067058,0.5857039360096858,6.232046568627451,9.122629757785464,7.713495710784314,8.950941945405614,4.514894629430585,4.647764957642842,4.575655984215949,4.641171138704501,0.29843833187092994,0.2901689192087563,0.29439484534287436,0.29103092534870734,0.5462950959609009,0.5386732954293876,0.542581648549667,0.5394728216960585,0.949788354821191,0.8731551102849227,0.899570539061834,0.8779431324184939
Stone- (350).jpg,kidneyStone,231.56121323529422,586.001168781238,462.20609681372565,565.1003460207612,0.5999527390959918,0.5834559932765647,0.5920652491699997,0.5850015974059832,6.244546568627452,9.115755478662052,7.696936274509806,8.972210688196846,4.518293760534657,4.654091144037298,4.5791264762696,4.6452071905338235,0.29775309409053924,0.28942466129239913,0.2939949999511907,0.29038530810836205,0.5456675673801213,0.5379820269232042,0.5422130577099659,0.5388741115588705,0.9493281784303982,0.8721098618577473,0.8989026294580842,0.8766713017533084
Stone- (351).jpg,kidneyStone,232.64390318627454,586.9837600922722,462.3238511029413,563.8410611303343,0.5999255650356901,0.5824423606792535,0.5918046638876674,0.5858180018780028,6.263020833333334,9.1518492887351,7.718367034313727,8.971518646674353,4.519316254078538,4.654543561170032,4.578680286286254,4.644257523461254,0.2977187800599905,0.28945693728833766,0.29361454782922275,0.29025367636526955,0.5456361242256514,0.5380120233678218,0.5418621114538483,0.5387519618203441,0.9485468696434718,0.8705257557967655,0.897796377607714,0.8756304685003141
Stone- (352).jpg,kidneyStone,233.08330269607842,585.6531795463281,460.62392769607857,561.2914417531716,0.5998152643044584,0.5832093806904488,0.5922616953000801,0.5852492639113146,6.288020833333334,9.137808535178774,7.691666666666668,8.958462129950016,4.519645480904945,4.651045568885592,4.57474486699499,4.640740197021056,0.2977682120833933,0.28927651669181703,0.2936660492048956,0.29030362468166115,0.5456814199543478,0.5378443238445647,0.5419096319543468,0.5387983154035109,0.947793710376755,0.8691761359652453,0.896877752495572,0.87461808827424
Stone- (353).jpg,kidneyStone,234.15703125,586.6111034217607,460.0177389705882,560.7252748942713,0.5989443456578182,0.5826159107224768,0.5919571836796397,0.5857830837045732,6.310033700980392,9.13994617454825,7.666666666666666,8.957585544021526,4.517824260018116,4.649193295105203,4.568267228865311,4.637003695660603,0.29788551245502015,0.28931028526720765,0.2939313998400178,0.2904699371977268,0.5457888900069514,0.5378757154466147,0.5421544059029842,0.5389526298272668,0.9469647677224979,0.8674924968450233,0.895860172837902,0.8733397549096379
Stone- (354).jpg,kidneyStone,234.82337622549022,587.8938562091503,458.8833026960785,560.2564244521338,0.5992159528034561,0.5840118891460153,0.5924985243330422,0.5857357093402529,6.277818627450982,9.111418685121105,7.634620098039217,8.939577085736257,4.510783258906935,4.646517619311883,4.567736240491418,4.6356930970575085,0.29802073618394975,0.2897897493954724,0.2940150876982036,0.2905197267013944,0.5459127551028183,0.538321232532651,0.5422315812438478,0.5389988188311682,0.9462584687226818,0.8658167209017088,0.8950335439605829,0.8721248004637653
Stone- (355).jpg,kidneyStone,235.3156403186275,591.5223836985772,461.7484987745101,561.7227374086891,0.5999730630293288,0.5830443119214764,0.5926594740592831,0.5845509372898069,6.299249387254903,9.169842368319873,7.670618872549023,8.97859284890427,4.514662367725156,4.651110908806986,4.5717246294676945,4.638616154585316,0.29815273157315536,0.28954091882857536,0.2937489348766852,0.2904858094829705,0.5460336359356952,0.5380900657218783,0.5419861021065809,0.5389673547469925,0.9456340320905737,0.8637057743256398,0.893375065273319,0.8705719890765591
Stone- (356).jpg,kidneyStone,233.43857230392163,586.5319492502884,458.6148284313726,558.9857439446366,0.5993640930590799,0.5830006915725238,0.5916982574021786,0.5843067446630367,6.302420343137257,9.136547481737793,7.646262254901961,8.974732795078815,4.518773428945474,4.651224981895942,4.572548362971306,4.63993648980637,0.29783324198006034,0.2895074285006462,0.29369783324491333,0.2904513930036963,0.5457410026560771,0.5380589451915526,0.5419389571205537,0.538935425634367,0.9454232532478861,0.8632405530225933,0.8928339254502355,0.8696633980334105
Stone- (357).jpg,kidneyStone,232.6881740196079,582.9157554786623,457.2427236519609,558.4116416762785,0.5984074440636129,0.5831038506742928,0.5924332352477506,0.5850338637253736,6.32748161764706,9.10660515186467,7.6285692401960805,8.980622837370243,4.519437140235581,4.645309899560114,4.567627475046286,4.639637739707952,0.29809888054342837,0.28988766199260013,0.2941128342924371,0.29066663757662203,0.5459843226168938,0.5384121673890739,0.5423217073771224,0.5391350828657157,0.9449273004384325,0.8624064238134167,0.8918373119540226,0.86819046484793
Stone- (358).jpg,kidneyStone,233.25447303921575,584.6626682045367,459.49831495098033,559.4549788542869,0.5985626221679387,0.5824499124464514,0.5920582634855477,0.5842580431593104,6.355238970588237,9.112864282968088,7.623314950980392,8.99291041906959,4.520515971051748,4.648392968537942,4.5675374442288375,4.639145673811034,0.29841503878090747,0.2896555135021118,0.29424520924475406,0.2908479801856589,0.5462737763987097,0.5381965379878543,0.5424437383220071,0.539303235838298,0.9442901299011256,0.8607364304139851,0.8903126756871287,0.8667407693103127
Stone- (359).jpg,kidneyStone,232.69888174019619,585.1852210688196,460.6990808823531,560.3586774317569,0.5982481450748354,0.5827883286227503,0.5931777596769564,0.5850391248046712,6.3542126225490225,9.107773933102651,7.626470588235297,8.994432910419068,4.52186216311662,4.647917982403266,4.57014863221306,4.64204794497582,0.2979635508653524,0.2896056068104995,0.29404482151076966,0.2904827245191974,0.5458603767130863,0.5381501712445138,0.5422589985521399,0.5389644928185876,0.9440306857617097,0.8596286764197025,0.8892507197465802,0.8655839443669916
Stone- (360).jpg,kidneyStone,233.40718443627458,587.3645674740482,465.7289828431373,566.1176009227217,0.5991061856555964,0.5830264927319052,0.5936876005457487,0.5838684600297879,6.372778799019608,9.134871203383312,7.687867647058825,9.069357939254129,4.520976059895979,4.646026996911467,4.5684453794913145,4.642094547897488,0.29833092724346555,0.28998594081683576,0.2943933082002716,0.29097873958216436,0.5461967843584082,0.538503426931376,0.5425802320397156,0.5394244521544832,0.9435632221643824,0.8583607624090549,0.8874490183273243,0.8634843335437457
Stone- (361).jpg,kidneyStone,233.66988357843132,588.8218838908113,469.9853707107843,569.9963244905806,0.5975266286721196,0.5819993959040088,0.5907582282545897,0.5827351248484971,6.390349264705881,9.164306036139948,7.741498161764706,9.125028835063437,4.526737481780538,4.653513042864201,4.57350364027747,4.648787574767269,0.29754492079556233,0.2892077410855938,0.29348063432634075,0.2900181826378846,0.5454767830032387,0.5377803836935611,0.5417385294829423,0.5385333626042909,0.9431854912666199,0.8572202935960135,0.8857893612601208,0.8617851848094557
Stone- (362).jpg,kidneyStone,231.26954656862753,589.3751480199924,472.51493566176487,569.8463206459055,0.5960739329802266,0.5819432638236033,0.5912686801855206,0.5823866439725052,6.395281862745099,9.188358323721648,7.787423406862748,9.15126489811611,4.533277405182507,4.658037496082716,4.581501810421306,4.65322497443412,0.297260753568527,0.28892632186390305,0.2931148996320151,0.2898851058527307,0.5452162447768105,0.5375186711770141,0.5414008677791485,0.5384097936077414,0.9434548906832768,0.856287662849476,0.8845342673167923,0.8610495423300881
Stone- (363).jpg,kidneyStone,230.42412683823534,589.2361091887738,473.59523590686274,569.2018762014609,0.5959461354919331,0.5814585875746896,0.590760254235885,0.5813220666917547,6.37951899509804,9.18086889657824,7.801700367647058,9.1598615916955,4.5279565608396535,4.653825492762804,4.578067522186718,4.652433607209931,0.2972622288781284,0.2892254912160038,0.2934136617939915,0.2897371141522623,0.5452175977333531,0.5377968865808018,0.5416767133576922,0.5382723419908014,0.9433237116828539,0.8554600452819522,0.8835768312966744,0.8603744540964149
Stone- (364).jpg,kidneyStone,234.99753370098045,594.5191234140716,476.8532322303922,575.1564782775855,0.5962497821116123,0.5811862232739781,0.5906283793804548,0.5817705274399538,6.4076746323529425,9.20891964628989,7.802772671568627,9.203260284505959,4.532189918366644,4.656993904897099,4.582734033184501,4.654827871289525,0.2964464706661426,0.2883187024894015,0.2924714799680785,0.2891100088230931,0.54446898044438,0.5369531660111536,0.5408063238980092,0.5376895096829518,0.9419958839569927,0.8536524066863113,0.8823659796631941,0.8584187403571932
Stone- (365).jpg,kidneyStone,237.20494791666664,600.3865897731642,481.3436734068627,580.6714648212227,0.5967455832441318,0.581065783623012,0.5903676575951077,0.5814984116094919,6.4112591911764705,9.23675509419454,7.835462622549019,9.242137639369474,4.5265421166626965,4.656393609327595,4.578954917990263,4.652700459569684,0.29659697418623543,0.2879727648594626,0.29233935891825696,0.2887807565806249,0.5446071741964436,0.5366309391560112,0.5406841581905808,0.5373832492557103,0.9413966949518483,0.8520712582999064,0.8811490183020095,0.8569288511846889
Stone- (366).jpg,kidneyStone,236.13965992647064,600.6368473663975,483.47512254901966,581.7060053825451,0.5963010595829912,0.581440737573884,0.5907009098411087,0.5816476248515948,6.407490808823531,9.235078815840062,7.854105392156864,9.232987312572087,4.5292816304731005,4.653553382600101,4.579270631004519,4.650605005109755,0.2964633888558489,0.288055479563726,0.29230594246353575,0.2888961042842627,0.5444845166355503,0.5367080021424369,0.5406532552972707,0.537490562042035,0.9415712272965523,0.8517852276732897,0.8804397052266483,0.8564566534222962
Stone- (367).jpg,kidneyStone,235.7926317401962,600.8956247597079,485.5593596813726,584.6408919646291,0.59612230158839,0.580261621619147,0.5901615888232153,0.5802765450060683,6.420909926470591,9.242106881968475,7.889169730392158,9.298946559015763,4.529992199086999,4.657105849733199,4.577673980356553,4.65362624284941,0.2962637520349746,0.28764327256499844,0.292091359303851,0.2885326985554457,0.5443011593180512,0.5363238504532485,0.5404547708216211,0.5371523978867131,0.9416291772169203,0.8516517704512886,0.8798653079705174,0.8556647150169967
Stone- (368).jpg,kidneyStone,236.15193014705892,602.6322952710495,489.9117187500001,590.0920415224914,0.5943219788626073,0.5807888985367964,0.5886374366293773,0.5794770240551593,6.425398284313728,9.223175701653208,7.922686887254905,9.317723952326029,4.533087882053288,4.656306946561205,4.585068976866011,4.660881743076402,0.295001537259933,0.2869870589802134,0.2911179406658497,0.28747868026389745,0.5431404397206426,0.5357117312325851,0.5395534641403479,0.5361703836131734,0.9414626361325977,0.8510266367592569,0.8786276852836967,0.8541266428350593
Stone- (369).jpg,kidneyStone,234.7412071078432,599.8136562860437,488.5928462009804,588.186651287966,0.5950440597868721,0.5800477664682957,0.5890818588960396,0.5805418209737859,6.405729166666668,9.184575163398693,7.893949142156862,9.263744713571704,4.534951624717,4.658821736086269,4.583950463118176,4.6559979678460435,0.2945042495111558,0.28651063499813223,0.29078953151563547,0.28728282243203096,0.5426824573460577,0.5352668820300134,0.5392490440563019,0.5359877073516062,0.941573151864797,0.8511153026481444,0.8784564578769448,0.85400133750598
Stone- (370).jpg,kidneyStone,235.15038296568625,598.2143021914646,488.0031250000001,587.3892656670511,0.5957934295241817,0.5808009697678367,0.58837571559919,0.5808304094163257,6.411933210784315,9.195340253748556,7.897395833333334,9.266728181468665,4.536436089018788,4.660605112387542,4.5861379242816085,4.663404574215485,0.2942213896942432,0.2859674712399527,0.29050745769355524,0.28680414893807277,0.5424217820978829,0.5347592647537326,0.5389874374171955,0.5355409871691174,0.9411912150284124,0.8508024303492641,0.8780225267284636,0.853502247346127
Stone- (371).jpg,kidneyStone,233.9638939950981,599.2931026528257,488.7864430147061,585.2693886966551,0.5963832847949432,0.5803897741343849,0.588484571086996,0.5806468492348633,6.393550857843138,9.230080738177623,7.926853553921572,9.26480584390619,4.529938408885165,4.657059576984503,4.584654160030464,4.656444440422638,0.2945059102024312,0.28639572518244444,0.2904916121362954,0.2867725897870588,0.5426839874203322,0.5351595324596624,0.538972737841438,0.535511521619338,0.9413196352241128,0.8501043927453902,0.8774756449079346,0.8536120138244916
Stone- (372).jpg,kidneyStone,232.16003370098045,599.148173779316,488.1914062500001,581.6867051134182,0.5974842915688254,0.5805719753769388,0.589397986273693,0.5801548954024452,6.336596200980393,9.226912725874667,7.911075367647061,9.198000768935028,4.518877283815654,4.653020547096698,4.581641583267701,4.65285929524981,0.2948890358097322,0.286264515363254,0.29016213915339806,0.28668995951487625,0.5430368641351453,0.5350369289715,0.5386670021018534,0.5354343652726039,0.9417278348719987,0.8500276610711186,0.8775324450417146,0.8543984284564877
Stone- (373).jpg,kidneyStone,233.66709558823527,601.1966935793926,490.44882046568625,582.5403921568627,0.596449299190935,0.5807302639495145,0.5884887140017884,0.5801780328513381,6.354442401960785,9.242891195693964,7.9433363970588236,9.199800076893501,4.52225390398753,4.653683336692057,4.584143773057086,4.651007522908541,0.2943269820398478,0.28585554138007124,0.2897845761696221,0.2861995889848652,0.5425191075343317,0.5346546000737965,0.5383164275494684,0.5349762508606015,0.9413002358316852,0.8493890736557076,0.8768651576044892,0.8540628233110429
Stone- (374).jpg,kidneyStone,230.79079350490196,596.434648212226,487.46283700980405,578.5723490965013,0.595809743521869,0.580062679968035,0.5878847292921149,0.5798804709823674,6.319071691176471,9.216378316032294,7.924785539215687,9.158861976163012,4.520675645868239,4.6557031190200435,4.587294689235045,4.650403895740782,0.29427538891197946,0.28560721965245356,0.2895192264731414,0.2863129742930032,0.5424715558552167,0.5344223233103699,0.5380699085371169,0.5350822126486763,0.9419543268599972,0.8504064954620156,0.8774717088286056,0.8548865905266408
Stone- (375).jpg,kidneyStone,227.8475490196078,591.5748250672818,485.47195159313736,573.4896885813148,0.5943773441780649,0.5793259490562792,0.586841699270843,0.5790235032337651,6.319087009803921,9.208658208381394,7.94949448529412,9.151757016532102,4.525019965870534,4.658179083796666,4.589754483001393,4.654040509856338,0.2938761894229007,0.2852946886278765,0.2894682338411008,0.28591815261660347,0.542103485898127,0.5341298424801563,0.5380225216857569,0.5347131498444783,0.9423775868623552,0.8508048201167608,0.877297531942993,0.855365891813701
Stone- (376).jpg,kidneyStone,226.11639093137256,589.6114109957708,484.4213848039218,567.9691503267973,0.5957812303687055,0.5789492894918111,0.5867536292850806,0.5785211439978333,6.291911764705883,9.202983467896962,7.952604166666669,9.120123029603995,4.525793436129608,4.660704417600666,4.592549151228578,4.65551797432285,0.29341318672411887,0.2848684756003553,0.2889096572682383,0.2855244318683213,0.541676274839612,0.5337307144996953,0.5375031695425044,0.5343448623017922,0.9422960989603956,0.8499501675924835,0.876451359918192,0.8554578927242187
Stone- (377).jpg,kidneyStone,223.53737745098044,585.5151557093425,481.56475183823545,561.8993464052287,0.5951675348821791,0.5784161713812164,0.5856887622157015,0.5793678009335833,6.25107230392157,9.17747020376778,7.93935355392157,9.038569780853516,4.523476164098743,4.65864180774754,4.589614662390987,4.649841430784118,0.29243793104759136,0.28423147599014403,0.2884342928970379,0.2851491011131818,0.5407753055082964,0.5331336380215977,0.5370607906904376,0.5339935403290772,0.9425272731396256,0.8498780466653431,0.8762609942684391,0.8559329734895982
Stone- (378).jpg,kidneyStone,220.90409007352946,580.311264898116,476.122349877451,555.3598462129949,0.5961130430608077,0.5789826468543572,0.5881530841674885,0.5796915132506827,6.202282475490197,9.136639753940791,7.879457720588237,8.97116493656286,4.510546478112169,4.648344878916009,4.576434683430493,4.640541145688683,0.2927269424854999,0.28415577872704734,0.28840862258037003,0.284876628972295,0.5410424590413399,0.5330626405283411,0.5370368912657398,0.5337383525401702,0.9427478577519924,0.8500169979992543,0.8766736588991588,0.8564657590434313
Stone- (379).jpg,kidneyStone,219.39699754901966,572.268127643214,469.31377144607853,547.960369088812,0.5970239022311218,0.5809377856707744,0.588926972243229,0.5816061820689298,6.1609068627451,9.072064590542098,7.796308210784315,8.882691272587465,4.498449727337006,4.636350606327799,4.563187411581478,4.6259668883823455,0.29240704165014664,0.2838550450164007,0.2881395245368368,0.2845592438125635,0.5407467444656016,0.5327804848306671,0.5367862931715347,0.5334409468840609,0.9427291032211638,0.8510320075070357,0.8775633016473735,0.8573595973533646
Stone- (380).jpg,kidneyStone,216.3895833333334,567.0026451364861,463.7867493872549,540.9890503652441,0.5971996444375286,0.5811298733838649,0.5893907327772583,0.5816190482390514,6.1172487745098065,9.02968089196463,7.747043504901962,8.818039215686273,4.493292267394048,4.631510321153796,4.5574802119938,4.621498790977546,0.2920642495806152,0.2834672708172306,0.28771871775766816,0.28441645485477796,0.5404296897660372,0.532416444916224,0.5363941813234631,0.5333070924474734,0.9431516730885914,0.8514554621668711,0.8782287901072809,0.8582705580854135
Stone- (381).jpg,kidneyStone,215.67276348039218,567.9042983467897,465.3256280637257,540.6334332948866,0.598114226814262,0.5812996222540502,0.5893401027583367,0.5812496268171935,6.080729166666667,9.023621683967702,7.76058517156863,8.799769319492501,4.490244914991886,4.629383777726052,4.557182176490844,4.618599353279135,0.2917540011466445,0.2830287477341767,0.28742557946556774,0.28405942694089936,0.5401425748324645,0.5320044621374681,0.5361208627404531,0.5329722571962816,0.9431826042246647,0.8508063432056314,0.8774831728543715,0.8579706490453359
Stone- (382).jpg,kidneyStone,216.22823223039222,571.1246289888504,467.92815563725503,543.0234063821607,0.5971476819059871,0.578674388168825,0.5880703036750092,0.5827248538528789,6.080530024509805,9.060007689350252,7.780514705882357,8.783498654363708,4.492149360539918,4.633402467578354,4.560295693917327,4.62075375175913,0.2917660253774841,0.2829738764598419,0.28724029165559084,0.2840057541527592,0.5401537053260711,0.5319528893237088,0.5359480307414057,0.5329219024892476,0.942646554380043,0.848934299810044,0.875956226414513,0.8563672324026886
Stone- (383).jpg,kidneyStone,218.4697610294118,578.727043444829,473.64090073529445,547.7168473663976,0.5959379923416064,0.5786176837900736,0.588110770392806,0.5802990290547081,6.103155637254903,9.120492118415994,7.800061274509808,8.810765090349866,4.495726023859605,4.640300689905778,4.566747065982057,4.622422499687696,0.2916606935048645,0.28275691510126594,0.28710432311472006,0.28382129134078926,0.5400561947657526,0.5317489211096398,0.5358211671021592,0.5327488069820422,0.9412506485570219,0.8448057216727346,0.8727063655111506,0.8531215677277806
Stone- (384).jpg,kidneyStone,218.70660232843142,580.2907035755477,474.5877757352942,547.0109803921567,0.5942398653961377,0.5777175946477572,0.5864562622869957,0.5802729619700607,6.129886642156863,9.138869665513262,7.816789215686277,8.808412149173394,4.501775046177155,4.644064911255434,4.571274203433383,4.629206015338151,0.2914431747442388,0.2826242046614726,0.2868726977473358,0.283622336838181,0.5398547719009612,0.5316241197137999,0.5356049829373657,0.5325620497539991,0.9398329005845809,0.8408021252628519,0.8695183676030003,0.8499321374618957
Stone- (385).jpg,kidneyStone,216.80775122549022,573.9439907727797,468.9659620098039,540.4117800845829,0.5940654682014195,0.576580147870984,0.5864874281164248,0.579896731192092,6.125337009803923,9.120000000000001,7.7753676470588236,8.76555171088043,4.512030994641999,4.656246485478685,4.580666154433957,4.6393514884853015,0.29084608970445563,0.2816262862847681,0.28601864062011895,0.28281956618879467,0.5393014831283663,0.5306847334197283,0.5348071059925429,0.5318078282507646,0.9391921989483037,0.8394713439387544,0.8685531834720617,0.8488501000596977
Stone- (386).jpg,kidneyStone,215.35683210784316,570.3035447904653,466.50137867647084,537.3917108804305,0.5937647062192304,0.5758877210169473,0.5858588637558534,0.5784257907540313,6.123131127450982,9.097977700884277,7.755545343137258,8.748173779315648,4.52059053116485,4.66151889482278,4.5878051232230295,4.645900007978497,0.2898722843462025,0.2809570020462068,0.2851346950391678,0.2820510831237682,0.5383978866472291,0.5300537727874474,0.5339800511621832,0.5310848172596992,0.9388006473910149,0.8383800097128169,0.8675169113444903,0.8477069906258103
Stone- (387).jpg,kidneyStone,215.4519914215686,567.1336716647443,462.8345128676471,532.923229527105,0.5929087874525742,0.5760180000046916,0.5836192376355399,0.5777669342024762,6.154044117647059,9.090949634755864,7.7467371323529415,8.749296424452137,4.53380829797307,4.671315321962327,4.59930850457352,4.656138835976577,0.28889696190880604,0.279978129607679,0.2843799644743007,0.28126552278343253,0.5374913598457245,0.5291295962310925,0.5332728799351235,0.5303447207085524,0.9380228693387287,0.8373067646058183,0.8669489742922453,0.8471206899530831
Stone- (388).jpg,kidneyStone,215.77634803921575,564.7263821607075,460.51076899509815,528.5371933871589,0.591154661723794,0.5739308987117403,0.5839623837045156,0.5759974026761817,6.175827205882354,9.126874279123417,7.746185661764708,8.739853902345255,4.543295398046668,4.677435555977885,4.6048350864787855,4.661042263301107,0.28841905276347285,0.2799436989381396,0.28408581972397196,0.28084206266746553,0.5370466020407101,0.5290970600354339,0.5329970166182658,0.5299453393204487,0.9372368318177077,0.8361883301093961,0.8661437899129858,0.8466858234659118
Stone- (389).jpg,kidneyStone,216.56132046568635,565.2046597462513,460.2865196078432,529.4727720107651,0.5899698137231376,0.5725082863333265,0.5825943695992171,0.5751987333258926,6.185033700980395,9.133118031526333,7.749632352941177,8.760953479430986,4.542503282796618,4.681534632298281,4.605841840175728,4.6667618409286025,0.28759812428006215,0.27890398396145183,0.28318971017194405,0.2797029554036901,0.5362817582950796,0.5281136089530849,0.5321557198526988,0.5288695069709447,0.9363643717900889,0.8343727684405065,0.8648442437537711,0.8448436192057501
Stone- (390).jpg,kidneyStone,217.40431985294123,562.2451672433681,455.68017769607843,525.527289504037,0.5894308565163051,0.5729288584202197,0.5822761369880981,0.5751222777402608,6.201317401960784,9.094133025759326,7.71204044117647,8.739008073817763,4.54729117567831,4.68486743497015,4.607441740546964,4.66657932295337,0.2869588020204444,0.2781433465761034,0.28241030354629965,0.2793143777989744,0.5356853572951611,0.5273929716787127,0.5314229046120421,0.5285020130510142,0.9355398059540844,0.8337514002071201,0.8649883838077286,0.8446084001729156
Stone- (391).jpg,kidneyStone,216.9956495098039,557.9930642060745,449.8149969362747,518.7089119569397,0.5898290182146306,0.5729546391840561,0.5828403224921195,0.5753143416002114,6.184313725490196,9.0640061514802,7.648115808823533,8.688796616685892,4.553131103021143,4.686630172258346,4.606903250544074,4.668631079021138,0.286533261320766,0.27796676870354625,0.28234676045759155,0.27920124046573036,0.535288017165307,0.5272255387436635,0.5313631154470467,0.5283949663516206,0.9350779429823475,0.8335129662853412,0.865518404209159,0.8452340832659961
Stone- (392).jpg,kidneyStone,216.3675245098039,550.317354863514,442.7711090686274,510.4126720492117,0.5891254387223782,0.5728282219239232,0.5819999330008545,0.5758220957710627,6.203860294117647,8.998785082660515,7.58486519607843,8.622406766628218,4.55489072507468,4.684817114164619,4.6073975669811835,4.667527052057348,0.2861742925882247,0.27751496767058353,0.28207239769184295,0.2789280046520421,0.534952607796452,0.5267968941352859,0.5311048838900306,0.5281363504361749,0.9343453904111637,0.8334666665410643,0.8657401244570643,0.8455423530353332
Stone- (393).jpg,kidneyStone,217.87496936274513,548.5842675893887,439.73017769607856,507.3307189542483,0.5882426707957911,0.5722410093654807,0.5828094123928901,0.5746289285472254,6.229227941176472,8.978546712802768,7.539859068627453,8.604936562860438,4.558309478294623,4.686654997926889,4.607340729330689,4.667895187130517,0.2857145162345539,0.27702848692891724,0.2814698643081237,0.2784242418222311,0.5345226994567713,0.5263349569702902,0.5305373354516378,0.5276592099283695,0.9334439512370603,0.8328768733452635,0.8657667622566556,0.8454445360378222
Stone- (394).jpg,kidneyStone,219.51648284313728,548.0598692810456,438.7223805147059,508.6556708958094,0.5876972062061944,0.5718683451052294,0.583041078106402,0.5745971586027128,6.256525735294119,8.978193002691272,7.531602328431373,8.630019223375628,4.555316659345513,4.687592172995692,4.6026573532512804,4.6718065652611935,0.28561682502016217,0.27669005358451254,0.28158505003803375,0.2780040447578719,0.5344313099175255,0.5260133587510041,0.530645880072609,0.5272608887048914,0.9329509907871529,0.8330592463510322,0.8660934995689241,0.8450618886608842
Stone- (395).jpg,kidneyStone,219.959849877451,545.0910111495579,434.6893075980393,507.1154632833527,0.587667751417067,0.5711663412137733,0.5820796702253402,0.5742579278962476,6.273973651960786,8.975732410611304,7.4962316176470605,8.631741637831606,4.557927021981564,4.686732023266373,4.60421124686676,4.671323968318292,0.28538841285690897,0.2765779030659987,0.2810671606360834,0.2776964650717695,0.5342175707115117,0.5259067436970158,0.5301576752590529,0.5269691310425777,0.9328422592041892,0.8340299340830946,0.867377024779773,0.8455927814859395
Stone- (396).jpg,kidneyStone,220.5736825980393,543.7387466359094,434.4595281862745,508.5831603229527,0.5876330091897988,0.5724574695476597,0.5824028381956294,0.573945223118755,6.279534313725492,8.956001537870051,7.507843137254902,8.64559784698193,4.557120265597918,4.685412467290774,4.604688303943616,4.671620722977976,0.2852270652128614,0.27648336739736196,0.2809063211490171,0.2774875138817013,0.5340665363162734,0.5258168572776666,0.530005963314581,0.5267708362103024,0.9332013364402706,0.8357877042511644,0.8685230232439572,0.8464048978437937
Stone- (397).jpg,kidneyStone,223.21665134803922,548.876432141484,437.70589767156866,514.1874048442907,0.5880152928099731,0.5723650322094506,0.5830335375002762,0.5748430925558404,6.286289828431373,8.984236831987696,7.5474417892156875,8.688012302960399,4.550100799807483,4.678080940293118,4.596293076715425,4.663665586320329,0.28565499686681484,0.2767285589888606,0.2812179744944854,0.27773429632024227,0.5344670213089062,0.526049958643531,0.530299891094167,0.5270050249478104,0.9339129069491846,0.8379478775048834,0.870503092485789,0.8481895825073533
Stone- (398).jpg,kidneyStone,225.1563265931373,550.7737331795465,438.34241727941185,517.6244213763937,0.5892040510276018,0.5732583900652816,0.58476868771376,0.5752083503635762,6.291773897058825,8.973533256439833,7.537791053921571,8.718677431757015,4.542259277094323,4.6705437430681505,4.59089849351042,4.658242549425875,0.2857091916739506,0.27679662697383267,0.28109383952292233,0.27775338175465875,0.5345177187651974,0.5261146519284866,0.5301828359376813,0.5270231320868741,0.9345287871577843,0.8402944959646379,0.8726282148543708,0.8499066601457177
Stone- (399).jpg,kidneyStone,223.66176470588238,547.4961014994233,437.60762867647065,518.7308573625528,0.5890833259510072,0.5737754744923456,0.5842307057532261,0.5752161781411913,6.278492647058823,8.936901191849287,7.5508884803921585,8.761983852364477,4.539630044997442,4.668632027561342,4.5900193790380115,4.661621343428436,0.2853040688883931,0.2761223276588529,0.28057772028129957,0.2770922967698964,0.534138623288368,0.5254734319248242,0.529695875273066,0.5263955706214637,0.9359147789081331,0.8435704482340984,0.8747008387009231,0.8517891994442789
Stone- (400).jpg,kidneyStone,219.21112132352948,542.5133871587852,436.0024356617648,516.4141945405612,0.5898831655810624,0.5734199955379882,0.5832506444112364,0.5747448150430817,6.22686887254902,8.923690888119955,7.571216299019609,8.764275278738946,4.540433537961755,4.665364103408685,4.588879556393163,4.6619859147532345,0.2843141551532915,0.275643556133809,0.28003195264347697,0.2762245817677848,0.5332111731324575,0.5250176722109542,0.5291804537617362,0.5255707200442057,0.9380309318094437,0.8470726598190323,0.8768320863851788,0.8544296766271862
Stone- (401).jpg,kidneyStone,214.77259497549016,535.6487658592848,433.2564031862746,513.5055901576316,0.5906894762965238,0.5753267904779467,0.5849047825970454,0.5761728172082705,6.164322916666666,8.842091503267973,7.540012254901963,8.738193002691272,4.52547383095766,4.652595065661595,4.576798183306388,4.649256346987924,0.2850061132540293,0.2760366531016593,0.28075136741277407,0.2768599341246473,0.5338596381578489,0.5253919042977911,0.5298597620246078,0.5261748132746829,0.9400383836818261,0.8508824632443243,0.8791269135203338,0.8570468306937324
Stone- (402).jpg,kidneyStone,212.16933210784316,529.9037447135717,431.7645067401961,514.7808842752786,0.5915915277279723,0.5769174875288925,0.5859286226266628,0.5768656619160798,6.089552696078432,8.734379084967319,7.489414828431372,8.696301422529796,4.5099974152838245,4.636391188053412,4.561462995635768,4.633714607545827,0.28488757270246867,0.2761587904926992,0.2807456770166897,0.27675633761657625,0.5337486044032983,0.5255081260006349,0.5298543922783784,0.5260763610129011,0.9416828422706437,0.8547702094890939,0.8814090604592815,0.858914905342425
Stone- (403).jpg,kidneyStone,210.42896752450986,526.0428296808918,430.40303308823536,515.5547097270281,0.5930583973403792,0.5771452726946235,0.5872752015755365,0.5785897009124642,6.041222426470589,8.664928873510187,7.464276960784316,8.66166858900423,4.497197953414634,4.624521099385265,4.553846904513215,4.6247586281128,0.28452627015544657,0.2757680068929213,0.28012620537980437,0.2764121883148779,0.5334100394213129,0.5251361793791409,0.5292695016528011,0.5257491686297544,0.9431453770125854,0.8582845482213604,0.883794638936649,0.8611100380364615
Stone- (404).jpg,kidneyStone,210.2242493872549,525.3018992695118,429.86741727941177,515.6862129950018,0.5938139347496038,0.5786008609151563,0.5871517666461102,0.5773509502207589,6.026240808823529,8.634033064206074,7.468397671568627,8.666082276047673,4.488202588683702,4.615671245771428,4.548555973811302,4.619531550291891,0.28446933428079807,0.27529331329549545,0.2799079751290068,0.27606532737164785,0.5333566670444817,0.5246840128072281,0.5290632997373819,0.5254191920473098,0.9432458254450105,0.8585981668904963,0.8840310638218803,0.8611865368691929
Stone- (405).jpg,kidneyStone,208.8888020833334,524.4159477124183,429.87472426470595,515.6359707804689,0.5923197152409434,0.5769326143417343,0.5856807609416578,0.5774230899209144,6.00654105392157,8.598646674356017,7.457812500000002,8.63500192233756,4.488480309164252,4.615146443972534,4.549830619846545,4.618296005330211,0.2837691331487213,0.27468291795025745,0.27909988385720796,0.27524416176252553,0.5326998527770787,0.5241020110152769,0.5282990477534556,0.5246371715409855,0.9432897593751648,0.8580454762712023,0.883377088475175,0.8604221344357021
Stone- (406).jpg,kidneyStone,205.31015625000003,520.8128873510188,427.6346660539217,512.1354555940025,0.5943796858326548,0.5767643389259292,0.5872591177496758,0.5778266776970311,5.94358149509804,8.550126874279124,7.41306678921569,8.602783544790466,4.483665294168906,4.611484586839492,4.545891142237427,4.615981992522061,0.28390001143734545,0.27493972569329417,0.27942292925854095,0.27529360975379746,0.5328226829230767,0.5243469516391739,0.5286047003749975,0.52468429531843,0.9437837496154621,0.8578139603604183,0.8829912435317268,0.8601829678979398
Stone- (407).jpg,kidneyStone,201.39834558823537,517.7721799307959,426.6194852941177,508.70157631680115,0.5938813013182178,0.5772161925050476,0.5859157662332675,0.5771237973864316,5.914246323529414,8.523029603998461,7.407567401960785,8.576485966935794,4.477628353404647,4.608943919399813,4.542924598757898,4.611381390169913,0.2853286008677177,0.2758837437645976,0.28017615400796103,0.2761736751354466,0.5341615868515048,0.5252463648275899,0.5293166859338189,0.5255222879530863,0.9441316411776274,0.8567905613593264,0.8817377393699338,0.8592993791406639
Stone- (408).jpg,kidneyStone,199.4099264705883,516.7110034602076,426.8251378676471,506.1511264898119,0.5929049426606193,0.5779443307887987,0.5851858557079023,0.5768106480881412,5.911060049019609,8.502683583237214,7.433134191176472,8.583114186851216,4.479569532625741,4.60781977529508,4.544026984289341,4.611550235671224,0.28642779627839954,0.27729392105275225,0.28147621151851904,0.2777290098549918,0.5351894956727006,0.5265870498338828,0.5305433172875887,0.5270000093500871,0.9439030313822357,0.8550683645675985,0.8800122759432327,0.8580302915036141
Stone- (409).jpg,kidneyStone,198.67383578431375,516.0354017685505,426.17729779411775,504.2365859284889,0.5939253637502028,0.5772864146366447,0.5859455831660255,0.5771558664563728,5.8682291666666675,8.479538638985003,7.409068627450984,8.525643983083429,4.477253346205667,4.6087195052498116,4.542946771920411,4.607552881668348,0.2866093047661582,0.2772627531983157,0.2816226272553677,0.2779234018324066,0.535359042854567,0.5265574547932217,0.530681285947948,0.5271844097015831,0.9433210029699581,0.8532144053751717,0.8785031412124481,0.8565705630981044
Stone- (410).jpg,kidneyStone,197.62722120098044,514.1139100346022,423.31795343137264,502.24444444444435,0.5944327774968053,0.5767948018953696,0.5855104275519311,0.5764555503917642,5.851179534313726,8.474725105728567,7.381770833333334,8.490073048827373,4.478926768480949,4.610558051559309,4.546587197605628,4.612264405596943,0.2867544812617142,0.2775348500066739,0.2815873510000662,0.2778882601123011,0.5354946136626532,0.5268157647666534,0.5306480481449698,0.5271510790203328,0.9427308819744031,0.8514553448174982,0.8774155406572021,0.8548848292933643
Stone- (411).jpg,kidneyStone,197.37954963235293,514.2834294502113,423.17051164215695,503.3375163398692,0.5933279845247279,0.5756490893590612,0.5842743459818018,0.5755808875621469,5.819929534313726,8.506758938869664,7.403017769607845,8.517062668204536,4.476357366946074,4.613611331311542,4.55027644352829,4.61445898426471,0.28703176179421674,0.2776601303050714,0.2818249968133126,0.2779334382526104,0.5357534524333154,0.5269346546822209,0.5308719212892246,0.5271939285050715,0.9418568757303625,0.8489490688291249,0.8754322902465821,0.8521640088274839
Stone- (412).jpg,kidneyStone,196.75701593137254,517.0105651672433,425.30796568627466,505.6413379469434,0.5939079740814384,0.5763998647581589,0.5847902760618123,0.5757987271923972,5.805974264705883,8.513248750480583,7.408425245098043,8.533856209150326,4.478046003532159,4.61735980352222,4.555415789880301,4.619414177613068,0.28683288785413064,0.2772055977642052,0.2812880390288967,0.2778669816905661,0.5355678181651047,0.5265031792536539,0.5303659482177345,0.5271308961639093,0.9412909693564677,0.8461850554539421,0.8731865051415106,0.8495674951413328
Stone- (413).jpg,kidneyStone,194.40346200980395,516.5638600538255,426.33751531862765,505.3915417147251,0.5932837156309636,0.574927962814515,0.5836069923900895,0.5757218317705467,5.792371323529413,8.527812379853904,7.407245710784317,8.52569011918493,4.485081636446084,4.628007944442996,4.563215285037086,4.628681458385665,0.2861767357544275,0.2760904116226553,0.2803314558628293,0.27673522214639296,0.5349548913267618,0.5254430622081286,0.5294633659308539,0.5260562918038267,0.941219925690156,0.844269399084566,0.8711875829061633,0.8476375631841321
Stone- (414).jpg,kidneyStone,190.40853247549023,513.7189850057669,426.6803002450981,504.35775470972715,0.5940349244836743,0.5760027901374281,0.5839545885060137,0.5749154666361602,5.737913602941179,8.507604767397153,7.408792892156864,8.522337562475972,4.481365989521439,4.625563458771905,4.56007632382093,4.626853533641455,0.28629272085480945,0.2764287532033414,0.2806378733493053,0.27681624123215237,0.535063286775321,0.5257649219977892,0.5297526529893978,0.5261332922674181,0.9416565912005106,0.8430521633368231,0.8693583319611402,0.8459121410412728
Stone- (415).jpg,kidneyStone,187.21433823529412,508.9959861591697,425.0789828431374,499.993110342176,0.5930424821105974,0.5734110823096255,0.5816508395042504,0.5744869210094437,5.718566176470588,8.488581314878894,7.4150735294117665,8.485444059976931,4.483564064284466,4.629799321065751,4.566105300553942,4.627724166484472,0.2859001592029658,0.2756379037962065,0.2798919111029638,0.27634733265131356,0.5346963242841358,0.525012289185888,0.5290481179467174,0.5256874857282733,0.9418565874686964,0.842383753463502,0.8680810534465715,0.8451715937076194
Stone- (416).jpg,kidneyStone,185.07840073529417,505.9617839292579,422.9825214460785,496.204705882353,0.5930923918291677,0.5724126187448434,0.5820345421823129,0.5754377973063858,5.691452205882354,8.476047673971548,7.392294730392158,8.43538638985006,4.480121633406041,4.626221597178684,4.562988911721061,4.6229559445962884,0.28578698228295607,0.2756562767610302,0.2797008382114527,0.27620548214310264,0.5345904809131529,0.5250297865464685,0.5288675053465213,0.525552549364098,0.94182803721261,0.8414376291513753,0.8671512760919886,0.8444953806986515
Stone- (417).jpg,kidneyStone,183.473131127451,505.10109957708573,421.75871629901974,492.74422145328725,0.5931930307425081,0.5728018127656248,0.5811735067971795,0.5740296462725917,5.680269607843139,8.49194925028835,7.408501838235296,8.424375240292196,4.481831744637227,4.632106585507931,4.566648638182493,4.624306516678486,0.28544233135148583,0.2751383079379313,0.27910141196538746,0.2758173410073107,0.5342680332487485,0.5245362789530685,0.5283004940044893,0.5251831499651438,0.9416369469457148,0.8397977467603073,0.8659387889457829,0.8437169615869988
Stone- (418).jpg,kidneyStone,181.84529718137262,503.22045367166487,419.4884037990197,488.3009304113803,0.5916595891030281,0.5735425354541129,0.580266629123689,0.5736520100149128,5.676455269607845,8.476831987697041,7.402833946078433,8.393663975394082,4.486680003564475,4.63218516727526,4.5685833503577005,4.626066128030928,0.28448078934296606,0.27444675195903273,0.2787296434495597,0.2753500522453065,0.5333674055873363,0.523876657199987,0.527948523484591,0.52473807966004,0.9415080363268725,0.8386100613408113,0.8651723317004527,0.8433949641130122
Stone- (419).jpg,kidneyStone,180.85353860294123,502.479292579777,418.1191329656864,484.6582391387928,0.5912894027802251,0.5712121758534936,0.579738192797836,0.5734423216422624,5.678630514705884,8.50805074971165,7.399770220588237,8.368350634371396,4.488022821307592,4.640276008338309,4.571510540535727,4.628473704791779,0.28374699963280353,0.2735789853989555,0.27794062478411247,0.27470706162315056,0.5326790775249236,0.5230477850053047,0.5272007442939667,0.5241250438808954,0.9413060973058879,0.8374043187541146,0.8644089601902376,0.8431709769379365
Stone- (420).jpg,kidneyStone,180.0330729166667,501.0958093041139,416.62873774509814,481.1237677816224,0.5909381490917944,0.5717651285385923,0.5791917942068326,0.573725881458046,5.67403492647059,8.502006920415225,7.37935049019608,8.315186466743558,4.489995624347503,4.639967448527698,4.569083914618725,4.6253698985330685,0.28368076510724555,0.2734173583903863,0.2780998557918304,0.27501252755091826,0.5326169027614929,0.5228932571666862,0.5273517382087883,0.5244163685001816,0.9411370738088879,0.836643565977426,0.8638855897836625,0.8431544196359226
Stone- (421).jpg,kidneyStone,180.63702512254903,502.33188773548625,416.9760723039217,479.67380238369867,0.5905053479939472,0.5700795128792141,0.5798402389485053,0.5733144884358187,5.699126838235296,8.551064975009611,7.388174019607844,8.302391387927722,4.49652982126413,4.6449515068957705,4.574146648640697,4.630114903623725,0.28317495930520264,0.27317477130391227,0.27779236637688925,0.27459349905494307,0.5321418601324299,0.5226612395270117,0.5270601164733386,0.5240166973054801,0.940595445060618,0.8352860716047061,0.8629790420176988,0.8427156263260539
Stone- (422).jpg,kidneyStone,181.81587009803926,502.12976547481736,416.01519607843136,479.89970011534035,0.5896476491821085,0.5683596870624753,0.5792752624420953,0.5721211243196757,5.728063725490197,8.544529027297191,7.376593137254901,8.308773548635141,4.49857173647241,4.648393622329308,4.575287654090909,4.632391985663743,0.2827837035381899,0.27266073259316315,0.2773728083427571,0.2740466250152802,0.5317741095034525,0.5221692566526328,0.5266619488274781,0.5234946274941895,0.9401682706240122,0.8352439934848337,0.8632034886828864,0.8425379980331109
Stone- (423).jpg,kidneyStone,183.64934129901962,506.83564782775863,419.8891084558825,485.1930795847752,0.5894449409111588,0.5693328524861153,0.5789592282985127,0.5718935190590375,5.756816789215687,8.57381007304883,7.386412377450983,8.341899269511728,4.506163037843441,4.649629620621349,4.578440344713105,4.637122008379638,0.2820022834094383,0.2722919650724345,0.2770995821543998,0.2735317371353783,0.5310388718440847,0.5218160260785736,0.5264024906422838,0.5230026167576777,0.9394198511242596,0.8333007050069631,0.8615985948993513,0.8404189905565426
Stone- (424).jpg,kidneyStone,184.79399509803926,508.8362629757785,421.5572916666668,487.70798923490975,0.5880758787616114,0.5680509654015867,0.5783316528108694,0.5714319788154769,5.789950980392158,8.619546328335254,7.420404411764707,8.374563629373322,4.511236086376018,4.657130100268675,4.585694932662481,4.641047145517112,0.2816753933329804,0.27155372382875237,0.2763419220897611,0.2732562800720924,0.530730999031506,0.5211081690289957,0.525682339526221,0.5227392084702394,0.9389778947681264,0.8324662800090068,0.8609003335594766,0.8394227384109589
Stone- (425).jpg,kidneyStone,185.2436734068628,507.972733564014,420.515625,488.38180699730856,0.5885963170894607,0.5681559973203816,0.577802141740115,0.5706136197963688,5.795113357843138,8.626051518646678,7.38985906862745,8.361722414455976,4.5188030269846875,4.6624318409050725,4.585995055475028,4.647827815291122,0.28094410709672957,0.2711525695097603,0.27579573816448294,0.2723262774897596,0.5300416088353155,0.5207231217353041,0.525162582601315,0.5218489029304935,0.9387748013772004,0.8326015912038215,0.8611203804201177,0.8390576265722948
Stone- (426).jpg,kidneyStone,185.47840073529414,505.3851134179163,417.4545189950981,486.9222145328721,0.588365414671158,0.5690970438278914,0.5783334406983568,0.571584630824853,5.8017463235294136,8.601322568242987,7.338342524509805,8.336009227220304,4.5151887038152925,4.658798239098353,4.578616757367339,4.640726260621634,0.28099306416759046,0.27144109982837183,0.2762635112734586,0.27287053460791494,0.530087789113832,0.5210000958045707,0.5256077541983742,0.5223701126671729,0.9387732867972777,0.833661315190037,0.8623062128601048,0.8397380559502621
Stone- (427).jpg,kidneyStone,187.21462928921576,504.91643214148417,416.63033088235295,487.97740868896574,0.5881852423210799,0.5684300060203811,0.578553775110735,0.5721587183123547,5.817080269607845,8.591080353710112,7.331862745098039,8.337516339869278,4.51742857892441,4.65652036691267,4.582020483004913,4.641579745118756,0.28037974485568223,0.2708838808484774,0.2754792150301641,0.27224786728435696,0.5295089657934814,0.5204650620824394,0.5248611388073651,0.5217737702149822,0.9384397064540615,0.8344602772509201,0.8631128214876023,0.8400138323889002
Stone- (428).jpg,kidneyStone,187.03852634803923,503.84822760476743,416.9888174019608,489.2561168781239,0.588147300688524,0.569082494933622,0.5787203520356001,0.5722290552724834,5.815977328431373,8.58880430603614,7.327849264705882,8.357508650519033,4.513274267363642,4.654583473487038,4.575645264554338,4.6405342039229245,0.28070350585374315,0.2710762008105894,0.27616914930273967,0.2725201080056603,0.5298145957349072,0.5206497871031827,0.52551798190237,0.5220345850666029,0.9385396584449822,0.8349243652567995,0.8630892833699352,0.8397051738584195
Stone- (429).jpg,kidneyStone,186.52582720588236,500.0945482506728,414.4267769607844,488.481199538639,0.5895939227212069,0.5692203719536568,0.578897877320301,0.5718822669930901,5.792830882352943,8.543206459054211,7.288327205882354,8.341960784313724,4.507236787691482,4.6457082660911535,4.568073219733586,4.6351865781210995,0.2809790814614947,0.27157124561413615,0.2761857613780233,0.27239199793176866,0.5300745999022163,0.5211249808003222,0.5255337870946294,0.521911867973673,0.9386660001092421,0.836041856018022,0.8638370256222947,0.8398493422361805
Stone- (430).jpg,kidneyStone,187.64603247549022,494.37708573625537,410.3519761029412,487.52270665128805,0.5888465952267975,0.5693115177043853,0.5795273322406068,0.5710767607738709,5.803354779411766,8.471541714725106,7.233011642156863,8.32172241445598,4.507847656272819,4.645417263410944,4.567097195055854,4.634511652180171,0.2804936744487547,0.27098219372935106,0.2754345130553753,0.27180083217039663,0.5296165352863851,0.520559500661885,0.5248185525068405,0.5213452140092941,0.9379246174295265,0.8369365151164767,0.8643598608561046,0.8391973378215645
Stone- (431).jpg,kidneyStone,188.41966911764706,491.5415609381007,406.719087009804,486.2685736255287,0.5890169015063957,0.5701712815601507,0.5802912759260913,0.5710532984434242,5.786029411764705,8.409381007304882,7.171109068627453,8.278231449442522,4.5074912959144395,4.6409979417665355,4.56046168415993,4.630948254983385,0.2799292676222411,0.2705377998968542,0.275532379326386,0.2713220662032066,0.5290834221767311,0.5201324830241371,0.5249117824229002,0.5208858475743093,0.9372838448396527,0.8368705257504323,0.8647301734114351,0.838620488960833
Stone- (432).jpg,kidneyStone,188.341881127451,487.3996309111879,402.3581341911767,482.3994309880814,0.5872093776524224,0.5699042679418945,0.5806598200756852,0.5715059034486212,5.7875306372549025,8.343052672049211,7.110217524509807,8.234509803921567,4.505821268615435,4.635816947218534,4.559267001019016,4.630818477560138,0.2795905654478971,0.2703974072019441,0.2746864755902554,0.2706538893966344,0.5287632413924942,0.5199975069189698,0.5241054050381997,0.5202440671421774,0.9368796700885557,0.8371353364874635,0.8652647782567877,0.8388061540801028
Stone- (433).jpg,kidneyStone,188.02689950980397,486.8967474048443,402.21692708333336,480.93424067666285,0.5863942506379589,0.5694622954460217,0.5790908020876344,0.5711412294606214,5.791881127450981,8.330472895040367,7.117478553921569,8.22722029988466,4.5099281176744945,4.6371568979151565,4.563382438860404,4.631481456568702,0.27836473546363627,0.26977592642110687,0.27390212889498633,0.27004823478267687,0.5276028198025824,0.519399582615453,0.523356598214818,0.5196616541391879,0.9368328364627783,0.8369104337550974,0.8649884711638758,0.8389076182530723
Stone- (434).jpg,kidneyStone,187.61147365196086,486.9447750865052,402.52048100490185,479.97763936947337,0.5863011580747731,0.5689077782708181,0.5793604311143958,0.5695611664400995,5.777374387254903,8.314709727028067,7.097043504901959,8.224405997693196,4.511310993266581,4.638601667625855,4.56305227865759,4.633900211441483,0.27833165985306874,0.26921728770512504,0.2736608369292683,0.26974354210614,0.5275714736915452,0.5188615303769639,0.5231260239457298,0.5193684069195391,0.9369545815709747,0.83684812985561,0.8648496848966971,0.8391824833181388
Stone- (435).jpg,kidneyStone,188.61594669117645,489.1570934256055,405.390180759804,483.7325951557094,0.586180275780546,0.5697101290497483,0.5791523901520579,0.5688997473566713,5.798789828431373,8.32553633217993,7.113158700980394,8.27906189926951,4.510220606443878,4.638696097282477,4.563800579615774,4.6365052530853985,0.27865342248361497,0.2693607950451139,0.2739328483983399,0.2699172224446842,0.5278763325662696,0.5189998025482417,0.523385945931241,0.5195355834249317,0.9367113258209067,0.836350695926712,0.8640878232998921,0.83816548176698
Stone- (436).jpg,kidneyStone,188.65577512254907,492.1869434832758,409.18736213235303,486.23144944252203,0.5846821173458139,0.5694437034507068,0.5788160435731974,0.5682830708689519,5.812117034313727,8.339346405228762,7.147778799019608,8.298746635909264,4.513457302565531,4.642766713835171,4.566742291881649,4.640068624007905,0.27795986658057453,0.26874087767680527,0.2735802646565098,0.269550298948989,0.5272189930006074,0.5184022354087656,0.5230490078917174,0.5191823369000423,0.9369126710872531,0.8358959298247427,0.8632807112859201,0.8378815997514487
Stone- (437).jpg,kidneyStone,189.74957107843136,493.1367474048442,412.34422487745104,490.78137639369464,0.5856724837316194,0.5687735210891869,0.577753305357768,0.5683069910681632,5.841758578431372,8.348342945021145,7.190242034313727,8.344252210688195,4.519973973247551,4.642528605600199,4.572677824620745,4.640674836168024,0.27734574320498717,0.2683426009072013,0.27279648654326155,0.2693266312708225,0.5266362532194182,0.5180179542324777,0.5222992308468983,0.5189668884146873,0.9367586958333634,0.8361289353027214,0.8626875722919726,0.8369116333218517
Stone- (438).jpg,kidneyStone,188.30960477941176,490.40478277585555,415.4615502450979,495.97051903114175,0.584950277296559,0.5684954338280325,0.5775152939798835,0.5681666527228836,5.822472426470587,8.303375624759711,7.211734068627449,8.379684736639751,4.5176526564508945,4.640438268674054,4.570619122926987,4.641932560761663,0.2772827297446818,0.2682012349965656,0.27257419819375334,0.2686916188890762,0.5265764234607184,0.517881487404759,0.5220863895886899,0.5183547230315126,0.9375073565338733,0.8377352192373348,0.8622426853666139,0.8358936324401284
Stone- (439).jpg,kidneyStone,186.36482843137256,486.835017301038,416.7001378676472,497.9807612456748,0.5853925699294187,0.5687101110638806,0.5789647905584209,0.5681062799116121,5.753799019607844,8.228081507112648,7.181847426470589,8.38232987312572,4.510414384269924,4.638236214927075,4.568245358538368,4.6402933268803155,0.2767889572079022,0.2677278381529239,0.2722895433425169,0.2684702443578541,0.5261073628147607,0.5174242342149465,0.52181370559091,0.5181411432784064,0.9385003158278205,0.8398230953521978,0.8626092503503578,0.8361559582285244
Stone- (440).jpg,kidneyStone,185.48799019607847,486.44289119569385,417.6978707107845,497.65817762399075,0.5869931587893509,0.5694271411597538,0.5783325717508703,0.5685664618995583,5.746109068627452,8.213594771241828,7.200291053921572,8.390203767781625,4.505678555254085,4.629738691045628,4.563396772388827,4.632671553618487,0.27680951052104363,0.26771537354174674,0.272403370975669,0.2686650629892591,0.5261268958350672,0.5174121892087069,0.5219227634197123,0.5183291068320002,0.9393454366649778,0.8414065826018784,0.8635327709547985,0.8377500986981042
Stone- (441).jpg,kidneyStone,185.69152879901964,485.69582468281425,417.0185968137255,494.28359861591684,0.5872045699398974,0.5712271329112816,0.5790732041796326,0.568509522124584,5.742141544117648,8.178008458285273,7.179197303921569,8.358031526336022,4.499262380653917,4.6208939590333165,4.557380991735876,4.626845223373195,0.2767813457648875,0.26800567054844326,0.2723757001795432,0.2685102165626711,0.5261001290295294,0.5176926410027897,0.5218962542302285,0.518179714541848,0.9396762674386537,0.8426875097769977,0.8646441733512104,0.8399060073752201
Stone- (442).jpg,kidneyStone,185.73313419117648,485.51355632449054,417.0861213235293,494.196186082276,0.5884392153914065,0.5714482968078801,0.5782117484534228,0.5704727021944759,5.707981004901961,8.159984621299499,7.17708333333333,8.331303344867358,4.488385018748159,4.6143137010183155,4.548956021271884,4.619760599573366,0.2766621103840393,0.26782161949068456,0.2719521580820398,0.26803906154451274,0.5259867967772949,0.5175148495364018,0.52149032405409,0.5177248898251974,0.939994392416004,0.8436115854228009,0.8653654264860409,0.8408148299367946
Stone- (443).jpg,kidneyStone,186.4013020833334,488.4253287197232,420.7612745098039,498.9423913879278,0.5908238105742305,0.5713843915727684,0.5788829463355533,0.570469555788657,5.68169424019608,8.128765859284892,7.184007352941176,8.329980776624376,4.478022702468442,4.603964751421179,4.542947655869058,4.608470850660343,0.2768168126817211,0.267402354135524,0.2717041761844903,0.2681266735459892,0.5261338353325331,0.517109615203125,0.5212525071253761,0.5178094954189129,0.9400027592230857,0.843260758688271,0.8646862432800858,0.8398857567657393
Stone- (444).jpg,kidneyStone,187.4760110294118,490.98863514033064,424.59276960784314,503.8745098039215,0.5886285474165326,0.572261091183381,0.5787924207598685,0.5697568117568,5.703829656862746,8.151295655517108,7.219056372549019,8.386928104575162,4.478714711226561,4.602593757943553,4.540728071189421,4.610487973525347,0.2766537501398575,0.2677813673828758,0.2720207779300252,0.2682524939022504,0.5259788495175994,0.5174759582655757,0.5215561119668959,0.5179309740711115,0.9393077446530694,0.841526326985702,0.8626672423598877,0.8373672248358988
Stone- (445).jpg,kidneyStone,188.20090379901967,493.30440599769327,426.91360294117646,505.70963475586336,0.5890448024787361,0.5718078017481043,0.5783921580664492,0.5703223487384028,5.712545955882354,8.179730872741253,7.245802696078432,8.398446751249523,4.482119067195818,4.607840137955436,4.54610741035329,4.612766077556582,0.27613630412863294,0.2674595804027108,0.27185717402674153,0.26817014861790517,0.525486730687496,0.5171649450636719,0.5213992462851682,0.5178514735113777,0.9385751650297,0.8394763800158793,0.8607884787078517,0.8354396590728238
Stone- (446).jpg,kidneyStone,188.82717524509812,494.81570165321034,428.0650275735296,506.5504190695887,0.5885896039664091,0.5701421488507323,0.5776113316535538,0.5694522198949629,5.727849264705884,8.22645136485967,7.2683057598039245,8.421422529796233,4.48488324066574,4.615043846240049,4.55308947434598,4.618740783032054,0.2765477931320736,0.2671034190410603,0.27153131058930163,0.2678301839073224,0.5258781162323392,0.5168204901521033,0.5210866632234044,0.5175231240314991,0.9376684934963045,0.8371487878974643,0.8588245420031076,0.8332867177397204
Stone- (447).jpg,kidneyStone,189.2110447303922,492.6549634755864,426.98897058823536,506.94411380238364,0.5871415486105805,0.5689920148101136,0.5764612766040962,0.5682606284040687,5.755958946078432,8.243367935409458,7.279718137254904,8.46168396770473,4.495409428744506,4.623463128884382,4.560958363144067,4.629106533137166,0.27599648223020434,0.2666250599797403,0.27103428272685837,0.26747679626961557,0.525353673471695,0.5163574924214234,0.520609530000036,0.5171815892601124,0.9361751548953818,0.8343101109008871,0.8561010190049799,0.8295043788805195
Stone- (448).jpg,kidneyStone,189.0688112745099,491.46528258362173,427.99411764705894,507.4696501345636,0.5859987850657432,0.5680474297127605,0.5764976006796558,0.5669498291071046,5.762500000000002,8.21367166474433,7.282199754901963,8.4639753940792,4.503760506770831,4.6277757753469455,4.569038083853019,4.634781199018645,0.27536649252991646,0.2667475481068486,0.27071207435898303,0.26704517142949646,0.5247537446554493,0.5164760866747352,0.520299984969232,0.5167641352004766,0.9350869353798563,0.8317626183986391,0.8531959063320608,0.8262840363169066
Stone- (449).jpg,kidneyStone,187.46587009803926,490.39372549019595,428.59923406862765,504.8199615532488,0.5862565976415588,0.5679694535172126,0.575305356002634,0.5672655302832753,5.739920343137256,8.193279507881583,7.277359068627454,8.43770857362553,4.506253398796166,4.6308247621590635,4.5713718283817135,4.6378293165416675,0.27522154412421757,0.26668238794383176,0.2706305911347574,0.2672025007978329,0.524615615593186,0.5164130013311359,0.520221674995148,0.5169163382964722,0.934836859790375,0.8300394088703826,0.8511633897412442,0.8250395659245926
Stone- (450).jpg,kidneyStone,186.92895220588235,492.0374163783159,431.11294424019627,505.147358708189,0.5870615636191739,0.5674584416963431,0.5755854071049248,0.5677404929773334,5.713174019607843,8.214763552479814,7.320021446078434,8.4639292579777,4.50645341576035,4.633825872280989,4.5773376584820555,4.639967031885313,0.2756206221765666,0.2666168221757195,0.2707562545664904,0.2675181923493476,0.5249958306277932,0.5163495155180448,0.5203424397130129,0.5172216085483549,0.9342356706579195,0.8273995251049836,0.8484783148467308,0.8228007238824308
Stone- (451).jpg,kidneyStone,185.5494178921569,492.9637831603229,431.8471507352942,503.83975394079187,0.5857462715327315,0.5662556047758681,0.5745163189716535,0.5669421395095898,5.703707107843138,8.246612841214917,7.330637254901962,8.463821607074202,4.509202966431536,4.63898655499753,4.577627627460197,4.644812080229892,0.2752043551364709,0.2662202679861247,0.27048593359055856,0.2669309970243307,0.5245992328782715,0.5159653747938177,0.5200826218886366,0.5166536528704029,0.9342398579846456,0.8257992979878866,0.8471022233053132,0.8219560100837024
Stone- (452).jpg,kidneyStone,185.6959405637255,495.6095809304114,434.74476102941173,504.2442906574395,0.5839892149414216,0.5667848786680035,0.573707014586527,0.5662408927315843,5.723238357843138,8.266559015763168,7.357781862745098,8.464636678200693,4.50957556626444,4.639609430198039,4.578944595383691,4.642536295521514,0.2754279948949172,0.2663811453939062,0.27085115109347957,0.26716988269823766,0.5248123425519995,0.5161212506707181,0.5204336183352105,0.5168847866771062,0.9336902480817014,0.8235389069912575,0.8449143302567999,0.8204645307586912
Stone- (453).jpg,kidneyStone,184.89378063725493,493.35001922337557,433.9613511029413,501.9125105728565,0.5855239281873058,0.5671540431949702,0.5737092590909979,0.566568936853573,5.673131127450982,8.208888888888888,7.316835171568629,8.384390618992695,4.506227706005999,4.633872714387163,4.576110853306095,4.6396406480683074,0.2751109076371244,0.26611415696296353,0.27048831539308044,0.2669350684480769,0.5245101597082028,0.5158625368864883,0.5200849117145011,0.51665759304212,0.9333511827292303,0.8226788446323048,0.8437264045570826,0.8196012915771614
Stone- (454).jpg,kidneyStone,185.34287683823533,494.1195693963859,434.1984681372551,501.1650442137641,0.5858028549402889,0.566094149545028,0.5733124927435674,0.5671075657654711,5.6668351715686285,8.218085351787773,7.318198529411768,8.338100730488275,4.5043258099313706,4.636216482333764,4.576606363048959,4.6368405171368225,0.27514567127689765,0.26600274351050307,0.27020386739493985,0.26684228373998065,0.5245432978095304,0.5157545380415989,0.5198113767463539,0.5165677920079615,0.9329367946831516,0.8217313925829882,0.8430513553005222,0.8191895240514102
Stone- (455).jpg,kidneyStone,186.21380208333338,496.7468358323722,434.4433823529413,499.7655209534795,0.5863591592957358,0.566527514013834,0.575200363074668,0.5674590230560702,5.678844975490199,8.207320261437909,7.291115196078433,8.3039907727797,4.504407036597363,4.6290611694731725,4.569396740437161,4.631914591941428,0.2747156062083994,0.26605354111429935,0.2702859878393376,0.2665754908982008,0.5241331951025421,0.5158037816013947,0.5198903613641415,0.5163094913888382,0.9326196643203764,0.820778888340434,0.8429589742548913,0.8196897780248174
Stone- (456).jpg,kidneyStone,187.3844515931373,497.63155709342556,432.7247702205883,496.8423529411765,0.5858313476027035,0.5664651709126707,0.5746504103418235,0.5674204274227972,5.688526348039217,8.201399461745481,7.27624080882353,8.273310265282586,4.502884943553281,4.629598805516336,4.571100271687427,4.631196092924947,0.2747937479866142,0.2658325961933724,0.26988957705382255,0.26633819063173436,0.5242077336196159,0.5155895617575791,0.519508976875109,0.5160796359397786,0.9321876732804665,0.8204371089763137,0.8435625077442274,0.820721881469468
Stone- (457).jpg,kidneyStone,189.9911305147059,501.5010995770858,433.40735294117655,496.5556478277586,0.5848762965565464,0.5671127822392426,0.5734905803204897,0.5672177799097851,5.707735906862746,8.229434832756633,7.279289215686276,8.250257593233373,4.502621126908819,4.628324720234558,4.568880845965609,4.627036110414308,0.27437880982806356,0.26562864151412485,0.26976399962510655,0.26626111667635594,0.5238118076447529,0.5153917359777171,0.5193881011585716,0.5160049579959053,0.9313676464888331,0.8193649348082764,0.8435999069209846,0.8211462310006389
Stone- (458).jpg,kidneyStone,191.14589460784313,504.52908881199545,436.2458639705883,498.07750865051906,0.5850816227134477,0.5667393763784716,0.5751025196517385,0.5673441895632243,5.717126225490196,8.252272202998848,7.304136029411767,8.265897731641678,4.498431328520213,4.623087457593827,4.564473763872383,4.625054631567592,0.27445968105810403,0.26596075415941073,0.27028916314582274,0.2665146639693337,0.52388899688589,0.5157138297150957,0.519893415178364,0.5162505825365563,0.9312197913101087,0.8189826849863049,0.8431853862161931,0.8212974132038116
Stone- (459).jpg,kidneyStone,190.79453124999998,506.9816839677046,438.2167432598041,498.5423452518263,0.5851746765394281,0.5677376311680776,0.5748937335636444,0.5682644118623171,5.711289828431372,8.216562860438291,7.2769761029411795,8.24498269896194,4.4973856543608095,4.619801522990764,4.560065401106679,4.619653422262921,0.2743177914500281,0.26588399901200266,0.27002143446274435,0.26653252525682536,0.5237535598447309,0.5156394079315532,0.5196358671827267,0.5162678812949972,0.9318106838812547,0.8193344897135116,0.8435392146567369,0.8223418911321432
Stone- (460).jpg,kidneyStone,189.45274203431376,506.21456362937323,437.0434283088237,496.0911034217609,0.585635669200762,0.568803107535985,0.5759863596701494,0.5690706498637343,5.708226102941178,8.216193771626296,7.247319240196082,8.215824682814302,4.495048365522828,4.615005682952306,4.555277578735101,4.616883324930664,0.2746526501225491,0.2663121302086959,0.2702761582693931,0.26669143743105334,0.524073134326259,0.5160543868708954,0.5198809077754184,0.5164217631268587,0.9330140301392903,0.8215385202138978,0.8456244528160538,0.825107456824993
Stone- (461).jpg,kidneyStone,189.58267463235293,506.74709727028056,436.7356770833333,496.1729488658208,0.5854006270316722,0.5682142734943013,0.5761653649656465,0.5688116987844922,5.716835171568627,8.230834294502113,7.257889093137256,8.228865820838138,4.487056454398383,4.608440552596392,4.549298504095995,4.608162663996759,0.27512135225183815,0.2667281563991963,0.27061392602623535,0.2669974840954466,0.5245201161555562,0.5164573132401131,0.5202056574338992,0.5167179928117915,0.934023795995293,0.8241671788121843,0.8481617276554166,0.8278362325781167
Stone- (462).jpg,kidneyStone,190.4086550245098,507.29951557093426,435.48535539215686,495.53619377162636,0.5873110937627528,0.5688014121948527,0.5776046534550271,0.5711237067774676,5.71294424019608,8.23752402921953,7.236458333333333,8.218485198000769,4.4778375001772925,4.599807566681593,4.537887252041355,4.600659635888278,0.27555905621861193,0.26700064947072505,0.27095403017882236,0.26727136982330607,0.5249371926417596,0.5167210557648344,0.5205324487280523,0.5169829492578126,0.9360560534683651,0.8301427569128104,0.8538902547928404,0.8340814269667904
Stone- (463).jpg,kidneyStone,230.47677696078438,631.3289965397922,545.5588541666666,665.1307650903499,0.6510131284403058,0.6359797164274646,0.6435156200140183,0.6361800510244218,5.625459558823531,8.719846212995,7.625520833333333,8.969627066512881,4.0941192483306645,4.227147996127336,4.162294005851018,4.235277519453488,0.35808406995562864,0.350665526951823,0.35349214054446443,0.3495011098118149,0.598401261659456,0.5921701841124923,0.5945520503239934,0.5911861887864219,0.9589374156283716,0.8877452563576619,0.9027962857183467,0.8817350637574536
Stone- (464).jpg,kidneyStone,230.6462928921569,633.84861207228,545.3065870098042,663.6312802768166,0.651727688194427,0.637264088550726,0.6436309801355863,0.6364575554618656,5.635049019607845,8.734240676662825,7.629105392156866,8.960369088811996,4.087512962395878,4.221092104279842,4.156242741851137,4.228923655676315,0.3580203682365257,0.35062007020929614,0.3533374450519333,0.34930960519872206,0.5983480327004725,0.5921318013831854,0.5944219419334495,0.5910242001802651,0.959047571348244,0.8876834259128882,0.9031742352323403,0.8824060028875851
Stone- (465).jpg,kidneyStone,227.6557138480392,633.8986543637062,546.459574142157,661.2382314494423,0.6520975772942312,0.6369348279133624,0.6436059265522288,0.6363748104746076,5.6048253676470585,8.749957708573625,7.668213848039217,8.968366013071893,4.083112722578894,4.218922718161855,4.153998396600434,4.226507921197864,0.35797497776827863,0.35028319732111407,0.35327456288409187,0.34950005831312303,0.5983101016766127,0.5918472753347049,0.5943690460346096,0.5911852994731204,0.9597238618626478,0.8880787058006935,0.9033179794784021,0.8832516236965855
Stone- (466).jpg,kidneyStone,229.62391237745095,638.5559400230682,550.6670802696078,664.3121876201461,0.652073322474373,0.6369092941418721,0.6432283956526297,0.6362490920533211,5.65108762254902,8.81860822760477,7.742846200980394,9.049688581314879,4.090267560286095,4.223891084826811,4.160035793842105,4.23164507693037,0.3572919831061446,0.3496406542835905,0.3525421259908298,0.3488585443063701,0.5977390593780405,0.5913041977557664,0.593752579776147,0.5906424843391899,0.9595984274759787,0.8878750629502944,0.9031077514383838,0.883352487151603
Stone- (467).jpg,kidneyStone,229.95278799019619,640.9195693963857,551.8565104166668,664.1097885428678,0.651841012130525,0.637056270668187,0.6434328472390412,0.6360301748569279,5.648069852941179,8.846212995001919,7.7601256127450995,9.071203383314106,4.08943824362281,4.226388398235082,4.1628945314204255,4.234615619553195,0.3577047998178287,0.3498312605346092,0.3529316949019382,0.3489945506718867,0.598084274845802,0.5914653502400705,0.5940805458032927,0.5907576073753826,0.9595021462497265,0.887352550028378,0.9028071509483538,0.8832766578636335
Stone- (468).jpg,kidneyStone,228.94264705882352,638.1679507881585,549.0790287990196,661.2319723183391,0.6513343030339642,0.6359951249532536,0.6429838096707151,0.6350415181159912,5.636213235294118,8.820622837370244,7.726210171568628,9.033925413302574,4.1016737451309835,4.2370453172198035,4.173602976334314,4.24213717310225,0.35712545920683286,0.34953009591289297,0.35215763114040405,0.3484587692812083,0.5975997483323038,0.5912107034830247,0.5934287077150919,0.590303963463916,0.9593102541695642,0.8868062493709037,0.902409702290239,0.882715315160925
Stone- (469).jpg,kidneyStone,226.98702512254908,634.3652595155709,546.9269914215688,658.3812533640904,0.6506660282753435,0.6344319076321046,0.6412181271050681,0.633260532303816,5.6429381127450995,8.818008458285274,7.728339460784315,9.032418300653593,4.114655145878049,4.248027512035808,4.185641882124252,4.25497934277434,0.3562556647007762,0.348666822463959,0.35151188012592066,0.3477965013012916,0.5968715646609212,0.5904801626337324,0.5928843733190483,0.5897427416266279,0.9592071778182728,0.8862221340573303,0.9017049901283498,0.8819146968394357
Stone- (470).jpg,kidneyStone,227.38446691176478,633.167843137255,547.3789062500002,660.2135640138407,0.6482962283381506,0.6334028552666414,0.641016908787303,0.6328006101169148,5.661366421568629,8.812718185313342,7.735523897058826,9.053702422145328,4.120564266078224,4.253987470600213,4.192389623549687,4.261487414492933,0.35602960054895494,0.34846251811291334,0.35121482312335556,0.34757308455432445,0.5966821604078296,0.5903071387954861,0.5926338018737672,0.5895532923784961,0.9587112748101703,0.8852558927363705,0.9006016165200678,0.8803546060855691
Stone- (471).jpg,kidneyStone,227.20548406862753,632.1489273356401,547.6276960784314,660.9142637447135,0.6493052848896705,0.6332120563632492,0.6393598100523322,0.631434466250623,5.63952205882353,8.766720492118415,7.716758578431373,9.037231833910035,4.124029597573717,4.254162418420402,4.194562818261053,4.26745497327985,0.3548429248168898,0.34733889881468405,0.35001808820619623,0.3461604875893559,0.5956869352410625,0.5893546460448785,0.5916232654368794,0.5883540495223568,0.9583884761021106,0.8844540289259212,0.8997010252194495,0.8791962192786476
Stone- (472).jpg,kidneyStone,227.20275735294123,632.4757708573622,545.8809589460785,658.499669357939,0.6474758541997528,0.6330497535137708,0.6388322803313993,0.630218901826802,5.6368566176470605,8.755447904652053,7.697349877450982,9.0077201076509,4.132754846792671,4.263510999965603,4.203534513207492,4.271957663041227,0.353601717305431,0.34616142355563384,0.34884110969564,0.34525626730085296,0.59464419387179,0.5883548449325745,0.5906277251328793,0.5875851149415316,0.9581517440821047,0.883734882059338,0.8994515148591282,0.8789510282457064
Stone- (473).jpg,kidneyStone,226.34540441176475,631.6460438292962,542.8173713235293,654.4718492887353,0.6466631930085707,0.6313843223350245,0.6374767152135012,0.6292694867694376,5.618014705882354,8.76235294117647,7.6765318627450965,8.974732795078818,4.1372109840568205,4.271606210198229,4.208477460390738,4.279384759973991,0.35234861263171013,0.34484323703020797,0.3475058016250883,0.3438688467053679,0.5935895994975907,0.5872335455593524,0.5894962269812152,0.5864033140300009,0.9583381997764635,0.8839671624362385,0.9000852240687442,0.879774081512181
Stone- (474).jpg,kidneyStone,226.20309436274516,631.0115032679738,543.3432138480393,656.7098039215688,0.6461024486367857,0.6297678952848622,0.6364344509066633,0.6285602248103573,5.63262867647059,8.776824298346789,7.702190563725492,8.995786236063056,4.155258442264245,4.288836520937231,4.224486770597535,4.293212581270806,0.35080639526414115,0.343328836970254,0.3460816164174386,0.34224906914073955,0.5922891145919712,0.5859426908582903,0.5882870187395253,0.5850205715534622,0.9585379693931729,0.8845667150269519,0.9004048823223249,0.8798656291556068
Stone- (475).jpg,kidneyStone,226.0802236519609,630.4501038062284,543.9385263480392,659.0475355632451,0.6446546051397026,0.6298497733073541,0.6358573181287426,0.6283836781164679,5.625965073529414,8.75761630142253,7.699065563725492,9.0161937716263,4.1627635720058525,4.29614197957402,4.234489718988421,4.306513710701227,0.3493229482284835,0.34199980115890116,0.34451902137999796,0.340849280309632,0.591035488129506,0.5848074906829607,0.5869574272296058,0.5838229871370534,0.9588256845640982,0.8854067874109744,0.9009325891183039,0.8802088001998579
Stone- (476).jpg,kidneyStone,224.96948529411773,628.6944559784699,544.9458486519609,661.494855824683,0.644941611844606,0.6298137846443903,0.636436927221739,0.6285463973110048,5.612285539215689,8.745021145713189,7.707368259803923,9.055916955017302,4.159020652407234,4.29166720134653,4.230811210146054,4.304079188791759,0.348986732280516,0.34152012736946036,0.3441841861735119,0.3403345136382498,0.5907509900800133,0.5843972342246841,0.5866721283421532,0.5833819620439509,0.9597217846442598,0.8876635488135,0.9024296565489793,0.8818027041994224
Stone- (477).jpg,kidneyStone,224.46020220588238,627.9416532103038,545.1693933823531,663.8450134563631,0.6460387718276984,0.6307331076298328,0.6367262036822371,0.6290082208857637,5.590410539215688,8.73362552864283,7.710018382352942,9.058177623990773,4.158368821976709,4.295353480848531,4.2330799510321135,4.308811790357755,0.34736232453976523,0.3397440050044337,0.3424093302925107,0.338614084045692,0.5893745197578236,0.5828756342517962,0.5851575260496191,0.5819055628241511,0.960742959061469,0.8903980332308257,0.9046474893921291,0.8841314018065962
Stone- (478).jpg,kidneyStone,224.08921568627449,625.8385544021532,543.6015625,663.8806920415225,0.6459968258387233,0.6299167571011528,0.6371405548751256,0.6295678977216442,5.602389705882353,8.735194156093813,7.685814950980392,9.060884275278738,4.162862215206359,4.295764712970157,4.234014602555537,4.310311589761132,0.3452684358320343,0.33778730843326027,0.34052674923801074,0.3368398333767172,0.5875954695468936,0.5811947250562932,0.5835466984209667,0.580379042847618,0.9615506449129356,0.8928378437137713,0.9067237028027436,0.8863238993897963
Stone- (479).jpg,kidneyStone,223.52487745098045,625.1012226066898,541.8959099264706,662.6778162245292,0.645552848739506,0.6294071801909508,0.6361641596223505,0.6283186290743725,5.619852941176472,8.740407535563246,7.669745710784314,9.069142637447138,4.1657521240321955,4.300817798770366,4.2381335973075105,4.3158093855909545,0.3433184387371293,0.33586734561175646,0.33851951918845796,0.3347607573522208,0.5859338177107798,0.579540633270659,0.5818243026794755,0.5785851340574011,0.9623741518875101,0.894994418958066,0.9087781205492156,0.8886822379804572
Stone- (480).jpg,kidneyStone,223.9471813725491,626.6651595540178,542.228799019608,663.3768242983468,0.6435809670382581,0.6283290014517404,0.6351476776330607,0.626346178656266,5.652696078431374,8.762783544790466,7.680024509803925,9.095793925413304,4.176577653178033,4.311374113243985,4.2492338434213766,4.32493528875821,0.3411575677586446,0.3337369828923043,0.3363046220062972,0.3326705314446682,0.5840869522242768,0.5776997341978827,0.5799177717627708,0.5767759802944885,0.9625462402261584,0.8954108182912882,0.9093110044625796,0.8892837137024414
Stone- (481).jpg,kidneyStone,225.68178615196086,631.4989926951173,543.4990349264708,665.2443521722415,0.6411948498582707,0.6246308317796782,0.6320344628906269,0.6236243878235652,5.67231924019608,8.823744713571703,7.711565563725493,9.112156862745099,4.201658085743761,4.336857192090204,4.272392564079297,4.348822014108137,0.33889939956049053,0.3314092903374191,0.33399250844495676,0.330400237568699,0.5821506674053466,0.5756815876310611,0.5779208496368311,0.5748045211797651,0.962368338295443,0.8949164938667964,0.90936828584474,0.8893011552350633
Stone- (482).jpg,kidneyStone,223.11620710784314,629.969381007305,543.7585018382352,665.567720107651,0.6386077397803067,0.6224248998807399,0.6299510403421681,0.6213513021776558,5.663235294117648,8.828742791234141,7.712117034313726,9.127458669742408,4.2187964257161426,4.356717982551197,4.2905118182327,4.366890745859939,0.3368256122100723,0.32926071713168603,0.3319665392414049,0.3283594585881484,0.5803667910985881,0.5738124407257881,0.5761653749067231,0.5730265775582738,0.962759812902951,0.8950674329489796,0.9092362254514137,0.8891378985665632
Stone- (483).jpg,kidneyStone,220.66493566176473,627.8941330257592,544.7872702205882,666.478339100346,0.6369704725403936,0.6212414413764773,0.6281095390203907,0.6190271340529909,5.599157475490197,8.779638600538252,7.674188112745098,9.089950019223377,4.22859928256784,4.369030871013772,4.302823992631192,4.381598191488258,0.33436721197507424,0.32691043804906905,0.3294927867051958,0.32585265389749707,0.5782449411582208,0.5717608224153427,0.5740146223792524,0.5708350496399963,0.9630417587358868,0.8950513896485538,0.9087509211099926,0.8886022788891841
Stone- (484).jpg,kidneyStone,220.8101409313726,632.9883429450213,548.5691942401961,668.5824067666284,0.6340839707087074,0.6188906006309102,0.625748630796941,0.6160636764242032,5.616881127450982,8.849504036908884,7.719929534313726,9.10168396770473,4.253557723717456,4.392286973097593,4.327499409522982,4.404183911567939,0.33132146369673027,0.323747056148073,0.3262766079020838,0.32278191019010366,0.5756053020054022,0.5689877469226143,0.5712062743896322,0.5681389884439403,0.9627888527098105,0.8935454078374429,0.9075503743710625,0.8875592761973119
Stone- (485).jpg,kidneyStone,221.00836397058822,635.2068281430219,551.5751531862746,672.1662437524029,0.6326475489845601,0.6158782171844912,0.6237950879438986,0.6142199995711118,5.612438725490197,8.853579392541329,7.736366421568629,9.120707420222992,4.267078388516436,4.412423252402739,4.345784116819689,4.4222144358677316,0.3288182827583966,0.32129632310998585,0.32392862028820796,0.32023146854025464,0.5734267893623357,0.5668300654605275,0.5691472746910134,0.5658899791834581,0.9623935913833604,0.8921317216160318,0.9061401365409124,0.8858554217476623
Stone- (486).jpg,kidneyStone,220.44085477941184,636.9031141868509,554.2175245098042,674.5510034602075,0.6296919749971602,0.613300538233634,0.6197500602735228,0.6108786119174996,5.615793504901964,8.884967320261435,7.788970588235298,9.157231833910034,4.2902249594342905,4.437372229447035,4.370706986576929,4.446926275232697,0.32556960032931304,0.3180730733055825,0.32070351113360096,0.31706629736500047,0.570587066388043,0.5639796745500519,0.5663069054263783,0.5630864031079071,0.9620360971267283,0.8905331259448878,0.904549799499347,0.8840624451431633
Stone- (487).jpg,kidneyStone,221.07120098039215,641.2839830834293,558.1476256127453,677.9094040753556,0.6270130819505415,0.6097210087988566,0.61541742058184,0.6081999132323439,5.6399509803921575,8.989234909650133,7.863066789215688,9.217116493656285,4.319449065504413,4.46681277870507,4.400837148045758,4.473515628239205,0.3218898802819228,0.31436963188529043,0.31696441779453804,0.313370004882338,0.5673533998152499,0.5606867502316158,0.5629959305310634,0.5597946095509835,0.9615678694374802,0.8887380866960376,0.9029656364364175,0.8823836251429338
Stone- (488).jpg,kidneyStone,221.7944087009805,643.9536332179931,561.2113051470589,682.0966551326414,0.6240285435382773,0.6066403915095498,0.6124892039250706,0.6042049848373846,5.664935661764708,9.043860053825453,7.924479166666666,9.289488658208382,4.34116872333756,4.493210823526666,4.427546248891193,4.499856756297435,0.31909318618158444,0.31147471621316186,0.3141200330852316,0.31060085067686827,0.5648833385590201,0.5580991992586639,0.5604641229242346,0.5573157549153516,0.9610966221404291,0.8872708281269577,0.9015584003177666,0.8805935907431319
Stone- (489).jpg,kidneyStone,221.46297487745102,644.2497039600156,562.6015471813726,684.1233986928105,0.6220227777001063,0.6034018563482315,0.6105720098795718,0.602424650279466,5.686259191176472,9.069357939254136,7.9589920343137255,9.329550173010382,4.3586453652977015,4.511390297510032,4.446185983248081,4.519598615766909,0.31631050306391323,0.30876721078945046,0.31153096798519486,0.3078454118362486,0.5624148851727817,0.5556682560570204,0.5581495928379728,0.5548381852722906,0.9606923954096889,0.8858738278182097,0.9001402949842148,0.8788103902468396
Stone- (490).jpg,kidneyStone,221.66881127450986,644.1797770088426,563.095006127451,682.469511726259,0.6197413955518426,0.6004194074824624,0.6081613817459433,0.6010809961213032,5.717095588235296,9.120922722029988,8.003982843137257,9.352372164552094,4.384447857705842,4.53620729812522,4.469860843719074,4.5423312615451055,0.31384891649339347,0.30615531476448365,0.30895085447341464,0.3052380642644614,0.5602222027851034,0.5533130350574471,0.5558334772874108,0.5524835420756544,0.9602503294447536,0.8847066940427181,0.8990211993325307,0.877853715639241
Stone- (491).jpg,kidneyStone,224.40101102941182,646.9143867743176,563.5961090686275,683.4668204536717,0.6170078993471362,0.5988849341676663,0.6063321437642932,0.5983710425041865,5.747855392156864,9.173302575932334,8.034742647058822,9.383437139561707,4.400105697289615,4.553500667751092,4.487685204646644,4.559589480243261,0.3116896991663738,0.3040324922792391,0.3068763660752098,0.30310134856303605,0.5582917688506376,0.55139141476744,0.55396422815486,0.5505464090910376,0.9595376760327023,0.8835741609534975,0.8983718453076853,0.8769957823499082
Stone- (492).jpg,kidneyStone,225.6464307598039,647.7132795078818,563.6840992647058,682.9047750865053,0.6152617506570724,0.5967037845247886,0.6045438008394678,0.5957680676103091,5.7866574754901965,9.22497500961169,8.068198529411765,9.425036524413688,4.418540178877219,4.574015827606803,4.505175537296703,4.579086242194139,0.30911426313928986,0.30146161652846676,0.30443906344802774,0.30053437513534337,0.5559804521197574,0.5490552035346417,0.5517599690517859,0.5482101559943443,0.9591243280202608,0.8828872320557326,0.8978843629975622,0.8765242960618292
Stone- (493).jpg,kidneyStone,224.5313572303922,643.3874048442907,560.9223805147059,679.3189388696655,0.6130124052789291,0.594969203317181,0.6022535150274837,0.5943278265224892,5.7976256127451,9.219161860822762,8.076332720588235,9.427512495194156,4.446531457170216,4.600054139838153,4.531403468826973,4.603928300163226,0.3062264470236432,0.2985155198788623,0.30142220443966095,0.2975592416544608,0.5533773098200208,0.5463657382000288,0.5490193115361799,0.5454899097641136,0.9591328592166533,0.8831141626587707,0.8979020068345639,0.8765863888635606
Stone- (494).jpg,kidneyStone,227.29557291666666,646.2016916570549,561.9416973039215,681.8191003460206,0.6108085418648431,0.5917516645295321,0.6000070206449426,0.5919600941029224,5.837791053921569,9.254179161860822,8.115287990196077,9.483260284505958,4.470850099104659,4.624462052382617,4.555359550074042,4.6309057501518165,0.3028652255987029,0.2951837620789095,0.2982050211729336,0.2944157209224087,0.5503319231143173,0.5433081649293607,0.5460815151357292,0.5426008854788285,0.9583864341408449,0.8819112795963141,0.8971150332496683,0.8754024538373013
Stone- (495).jpg,kidneyStone,229.99050245098042,649.8638677431757,562.8448835784314,684.1871895424836,0.6074259271377174,0.5899601030032966,0.5966089880584642,0.5892472543892405,5.895465686274509,9.281906958861974,8.13688725490196,9.535194156093809,4.497223310412059,4.64920775910357,4.5805743842776065,4.657021532583357,0.2989718505906306,0.2914258564084052,0.2943425661854815,0.29056224594066,0.5467831842610291,0.5398387318527684,0.542533470106206,0.5390382601825774,0.9576902267725774,0.8806694069717618,0.8964546287084397,0.8743668218484584
Stone- (496).jpg,kidneyStone,230.32849264705885,650.470219146482,562.0111519607844,681.1402691272588,0.6054331351124191,0.5882544504957525,0.5964273346236958,0.5871742051429097,5.916605392156864,9.30297577854671,8.131832107843138,9.51846212995002,4.511315250445372,4.661758475778022,4.591941654810406,4.669795719647043,0.29643676089030513,0.288764364222142,0.291613242718771,0.28788853983791457,0.544460063632132,0.5373679970207959,0.5400122616374289,0.5365524576757752,0.9575018543490197,0.8802001988572281,0.8962990084023553,0.8745515684040814
Stone- (497).jpg,kidneyStone,229.4041973039216,654.8177777777776,563.1399203431374,680.4420146097654,0.6033028040776717,0.5848641131233419,0.5927517571983693,0.5852293965631307,5.899540441176471,9.33487120338331,8.154289215686276,9.521168781237984,4.527768665974059,4.677660112522392,4.610274746799467,4.684693031943814,0.2937453179394269,0.28617666650259155,0.28905479293289393,0.2853879342831053,0.5419827653527618,0.5349548265999584,0.5376381617155668,0.5342171227910103,0.9575472521388471,0.879041098090753,0.895782233122661,0.8743077514183731
Stone- (498).jpg,kidneyStone,228.19676776960793,655.1291041906958,563.2848805147062,678.866712802768,0.601998454871588,0.5833294173263139,0.5912469797191807,0.583119943933468,5.896982230392159,9.348619761630141,8.14805453431373,9.517016532103035,4.542400143380644,4.696996825080167,4.628355001126258,4.703513454303094,0.29109555183947433,0.28356591350353083,0.2864419793844316,0.2827331842468537,0.5395327161901068,0.5325090736349296,0.5352027460546439,0.5317266066756992,0.9576461628259244,0.8786256134111249,0.895448962575894,0.8742277967579686
Stone- (499).jpg,kidneyStone,232.0079197303922,658.7743021914649,564.904656862745,682.8899192618226,0.5995668368897632,0.5812445197172412,0.588471980823576,0.5806769468696386,5.955805759803923,9.38748173779316,8.185998774509805,9.569657823913879,4.5622669487575855,4.712914009299309,4.642808676652331,4.7206811258869745,0.2887033625466693,0.2812942910639314,0.28416832008347137,0.28051255937554537,0.5373112343387855,0.5303718422615697,0.5330744038907433,0.5296343638544854,0.9569251701227167,0.8779119199054192,0.8951158807864468,0.8734426663558775
Stone- (500).jpg,kidneyStone,230.71403186274514,656.4469050365244,566.4805759803921,685.4021683967703,0.5966011102257159,0.5800620017873305,0.5865297834006409,0.578427439167288,5.975337009803924,9.379684736639753,8.214276960784312,9.632818146866587,4.579379682705578,4.730925456060612,4.662048531531413,4.739578338170847,0.2861451631433823,0.27867777019485435,0.2815156253050583,0.2779961236332814,0.5349253809115644,0.5278993940087963,0.5305804607267952,0.5272533770714811,0.9570770743826712,0.8780914655240754,0.8946073991361039,0.872714193280838
Stone- (501).jpg,kidneyStone,229.19483762254913,651.7639215686273,562.7344056372551,679.872956555171,0.5955502767734897,0.5782124141152928,0.5858682011746437,0.5758611363082465,5.946859681372552,9.361799307958478,8.217279411764709,9.607274125336406,4.590403798330263,4.744057365123107,4.675439372267468,4.749927173275211,0.2842964760774103,0.2767828542566584,0.27977915176104157,0.27611859017936047,0.5331945949439194,0.5261015626822053,0.5289415390769018,0.5254698756154919,0.9572473845467896,0.878641885495075,0.8950298148597262,0.8734079973131245
Stone- (502).jpg,kidneyStone,228.06277573529417,651.0335255670898,561.6826899509806,675.8589773164169,0.5946686612220924,0.5765586542532094,0.5833792775263218,0.5758347149359239,5.921629901960786,9.358385236447523,8.207046568627455,9.546635909265667,4.5947268175601605,4.7491781524703445,4.683717308187841,4.757782982733635,0.2827338502994642,0.2751861259406779,0.27816427686222717,0.2744604813958964,0.5317272329864855,0.52458185818867,0.5274128144653173,0.5238897607282437,0.9575276551487207,0.8789742734785331,0.8953953048811966,0.8743593007529081
Stone- (503).jpg,kidneyStone,227.41210171568633,651.7344098423682,563.9033088235294,678.391941560938,0.5940739637288907,0.5742881151722192,0.5830293892463346,0.5747420572406348,5.898253676470589,9.344682814302189,8.212101715686275,9.52470588235294,4.607927922103299,4.763605801739187,4.69621228511249,4.767278081094174,0.28078637134474277,0.27330538465893317,0.276296274551104,0.2727110050388746,0.5298927923125043,0.5227861748926927,0.5256389203161272,0.5222173925089767,0.9579120038570395,0.8795969423713327,0.8956324611245661,0.8746721627689709
Stone- (504).jpg,kidneyStone,227.42259497549026,654.9969857747021,567.6171875000001,680.7802998846598,0.5939317997307536,0.5755972046119066,0.5817981718921801,0.5732984160913376,5.892570465686276,9.357493271818532,8.250582107843139,9.553787004998078,4.608400390572922,4.764217556425128,4.699333471149212,4.770393465412713,0.27929010845156443,0.27191735932162236,0.27490640044074843,0.2712916838982315,0.5284790520461189,0.5214569582636925,0.524315172811877,0.5208566826855844,0.9583645550700423,0.8803022049777788,0.8960792118240737,0.8755904186423394
Stone- (505).jpg,kidneyStone,223.00882352941187,654.3747327950788,568.0207873774511,676.911603229527,0.5936465070384501,0.5737696294455971,0.5810487789790921,0.5737271776114491,5.851838235294119,9.359061899269511,8.272717524509808,9.54068435217224,4.615420076329107,4.774862020252305,4.708644139064688,4.779820484131508,0.2768903603969928,0.26951949826767896,0.2723472459698495,0.2687537135999357,0.5262037251835003,0.519152673370444,0.5218689931101957,0.5184146155346468,0.9594454310362672,0.8812165327551889,0.8967011257016136,0.877125592997145
Stone- (506).jpg,kidneyStone,221.5716299019609,652.7874048442907,566.966804534314,673.6645136485969,0.5941389167768515,0.5742791035591285,0.5796547228157779,0.5725180747245449,5.827604166666669,9.352202998846597,8.273085171568628,9.517616301422532,4.623813907549579,4.783058167169247,4.719383060421857,4.791332554703516,0.27426635343264927,0.2668403600129545,0.2697601170523356,0.26628293089887506,0.5237044523704656,0.5165659299769532,0.5193843635038848,0.5160260951724003,0.9598205263584615,0.8818394019368181,0.8971843292186626,0.878060450866622
Stone- (507).jpg,kidneyStone,222.89436274509808,651.109911572472,565.7265012254903,672.2939792387542,0.5918405369253861,0.5727562396546451,0.579495694429019,0.5709745408685526,5.869730392156864,9.361814686658976,8.28137254901961,9.533810073048826,4.627998027999228,4.784414791375057,4.721712555252658,4.793385679295846,0.2725658493305985,0.26522144793628444,0.26815451370116056,0.26447434936522957,0.5220783938553658,0.5149965513829043,0.5178363773443891,0.5142706965842304,0.9596952928412797,0.8824779424088187,0.897701315459773,0.878654324957996
Stone- (508).jpg,kidneyStone,222.53650428921577,651.0581776239909,565.6060202205881,671.7029450211458,0.5897660908250308,0.5701078794785502,0.5762730092673034,0.5681062726005298,5.891651348039218,9.390757400999615,8.300505514705879,9.537993079584774,4.6457936752014755,4.801447402587008,4.739131396813597,4.8075746806365,0.2705017374956073,0.26327124577673316,0.26602679483251607,0.26248090343509384,0.5200978153151649,0.5130996450756258,0.5157778541509087,0.5123289016199397,0.959847818000053,0.8827424906784316,0.8979460404772172,0.8790243068221932
Stone- (509).jpg,kidneyStone,221.40079656862756,653.1428835063438,566.8767463235295,671.0732795078817,0.586796335172966,0.5674677476506724,0.5735613049191239,0.5663147189395634,5.902389705882356,9.451318723567859,8.357414215686275,9.570903498654364,4.6799707780331525,4.838434263206993,4.774526253280313,4.842680960622442,0.26869204921935075,0.2614330287008474,0.26426425204924175,0.26077027080200577,0.5183551381238067,0.5113052206860863,0.5140663887565903,0.5106567054313551,0.9594587078369328,0.8806156010441211,0.8961973224301265,0.877338202478293
Stone- (510).jpg,kidneyStone,220.04076286764712,650.7520492118415,564.7737285539217,666.3287966166856,0.5829941975443311,0.562576247202335,0.5698329410883464,0.5638161764657582,5.925107230392159,9.490749711649364,8.39076286764706,9.578316032295268,4.713333160141763,4.873444002659102,4.809416985852684,4.876753158504013,0.26676873652580296,0.25964003966770527,0.262436810779095,0.25890438341743266,0.5164965987553093,0.5095488589602623,0.5122858682211475,0.5088264767260374,0.9586001198577583,0.8777769976271154,0.8937384653300531,0.8748514027906026
Stone- (511).jpg,kidneyStone,220.46904105392164,644.8143175701653,559.3819240196079,662.1792695117261,0.5825776261860042,0.5625219620813972,0.5692123149546529,0.5611115688566539,5.938710171568631,9.440415224913494,8.354901960784316,9.543729334871202,4.722475926362321,4.884378086807891,4.818374703335376,4.885825081435722,0.2654542072769865,0.2582766703901332,0.2609929339310978,0.2576056531653678,0.5152224832797833,0.508209278142512,0.5108746753667652,0.5075486707354949,0.9576237576616131,0.8762727157391045,0.8924794667359286,0.872940720331269
Stone- (512).jpg,kidneyStone,222.20644914215686,644.5721953094962,557.1663909313722,661.0646828143022,0.5790202409459286,0.5612730196375311,0.5673846629628448,0.5590356372517608,5.997288602941177,9.451795463283352,8.335140931372546,9.55351018838908,4.739799040823234,4.894887190559865,4.830307241942711,4.900395708443141,0.263578625436656,0.2565143977244726,0.25927514744648206,0.2558298960814319,0.5133990898284257,0.5064725044111206,0.5091906788684196,0.5057962989993422,0.9568979739653983,0.875182037921559,0.8919218788670685,0.8719883558252263
Stone- (513).jpg,kidneyStone,223.71516544117645,645.8444598231449,556.3445772058824,660.161753171857,0.5785246482735192,0.5593335545794828,0.5660728691983689,0.5581100968859597,6.002175245098039,9.475217224144561,8.318014705882353,9.55595540176855,4.7495286443906695,4.907608674893672,4.839890609447022,4.91064831573031,0.2626963610797604,0.25545419082152926,0.2583531852466972,0.25497178765272455,0.5125391312668335,0.505424762770414,0.5082845514539048,0.504947311759083,0.9560943134746115,0.8734606866226553,0.8908094166986048,0.8706555213197521
Stone- (514).jpg,kidneyStone,225.69129901960784,649.3389619377161,557.501868872549,663.5023760092271,0.5771175568496166,0.5577178649106127,0.565214613280416,0.5582671336901873,6.027879901960785,9.518031526336022,8.313970588235295,9.566105344098423,4.76494878737382,4.922844254482996,4.85212215841876,4.923908990736686,0.26128509157760826,0.25411861767300037,0.2571551282531432,0.25366902027005545,0.5111605340571671,0.5041017929674525,0.5071046521706769,0.5036556564460042,0.9553858095558266,0.8718553815578968,0.8897903755003259,0.869060284700294
Stone- (515).jpg,kidneyStone,225.49627757352945,648.3821760861206,557.9500919117647,665.0002460592077,0.5762922657279639,0.5558656654836812,0.5643688182060655,0.5560775919560449,6.055009191176472,9.541699346405224,8.316789215686274,9.607028066128407,4.773993278522568,4.929150739013221,4.856947724479464,4.932127037310121,0.26059373819658455,0.2534043112688001,0.2564867672449072,0.2528623781614174,0.5104838275563532,0.5033928001757674,0.5064452263028127,0.5028542315238258,0.9552054987776809,0.8714169450090964,0.8891606216790097,0.8681213544083635
Stone- (516).jpg,kidneyStone,225.7961856617648,647.9792233756247,559.7865196078435,668.3368089196462,0.5749466266920079,0.5564930999820997,0.5640767872294898,0.5556793228883903,6.092264093137258,9.547266435986158,8.347365196078433,9.652487504805842,4.780655508022288,4.932705392579306,4.863975244848955,4.939305655599961,0.25993778626215736,0.2526642885555063,0.2559299185935099,0.2521378949716348,0.5098409421203415,0.5026572276964754,0.5058951656158713,0.5021333438157984,0.9550404683178653,0.8711963695676949,0.8885349108640275,0.8671497414810009
Stone- (517).jpg,kidneyStone,228.20525428921576,648.9738100730489,563.4993106617648,676.5067281814687,0.5743146331071943,0.5555699301879837,0.5629000418541574,0.5552012978328708,6.134237132352943,9.593171856978087,8.418244485294117,9.754186851211074,4.788630662676582,4.943839247608615,4.873389442660983,4.948925034284878,0.2595783964316236,0.25230597760510004,0.25546295459341056,0.2517045302866834,0.5094883673172761,0.5023006844561333,0.5054334324057033,0.5017016347259429,0.9547384885471358,0.8715048687729134,0.8882346286458606,0.8660534223963519
Stone- (518).jpg,kidneyStone,231.49330575980395,651.834309880815,567.3347579656864,685.2169473279507,0.5747134092423501,0.554884256578863,0.5630156218653756,0.553790641975244,6.177129289215687,9.625743944636676,8.45654105392157,9.86149942329873,4.791858640278031,4.946495971355027,4.879125320297902,4.957794068920217,0.25889649868928116,0.25167525139312186,0.25480018683187505,0.25096531795581534,0.5088187287131648,0.5016724542897705,0.5047773636286349,0.500964387911771,0.9544528747680927,0.8719701851416438,0.888371079715968,0.8654133457316073
Stone- (519).jpg,kidneyStone,231.48100490196083,648.9321799307959,567.5305606617649,687.1550788158403,0.5758942192546244,0.5558199373332612,0.563270829903755,0.553984106349904,6.157077205882353,9.602383698577471,8.47293198529412,9.86991157247213,4.78507561124672,4.943199463774369,4.874395166319751,4.951684395942074,0.25879457314625826,0.25146473856430884,0.2547901908877444,0.25074113930983,0.508718559860222,0.5014625993673993,0.5047674621919923,0.5007405908350451,0.9546907079257814,0.8731988346579252,0.8889090278234472,0.865730090972117
