Filename,Label,Contrast0,Contrast45,Contrast90,Contrast135,Homogeneity0,Homogeneity45,Homogeneity90,Homogeneity135,Dissimilarity0,Dissimilarity45,Dissimilarity90,Dissimilarity135,Entropy0,Entropy45,Entropy90,Entropy135,ASM0,ASM45,ASM90,ASM135,Energy0,Energy45,Energy90,Energy135,Correlation0,Correlation45,Correlation90,Correlation135
1.jpg,Normal,397.1352328431372,787.1226758938869,564.3960784313726,744.5554786620532,0.6209305084219815,0.5666657453514575,0.6117820389142001,0.5685098785899337,8.01311274509804,12.223144944252208,9.42935049019608,12.001138023836987,4.685434865465194,4.923483342579521,4.747796592023423,4.919370513969355,0.2297621375952533,0.222410653933268,0.22612974056139779,0.22296083974445105,0.47933509948182734,0.47160434045210825,0.47553100904294116,0.4721872930781292,0.9714499618137776,0.9434956933773422,0.9594254049736629,0.9465514177747155
10.jpg,Normal,409.75363051470583,791.8267589388697,559.8875919117647,745.4486889657823,0.6217136583922831,0.570290239259677,0.615098411390244,0.571513502245447,7.984114583333333,12.041814686658977,9.221813725490197,11.809596309111878,4.676220340959102,4.9075464680757985,4.7290141496406495,4.903355328842929,0.23304723403033084,0.2255148815829713,0.22928852942208972,0.22611343160387976,0.4827496597930762,0.4748840717301132,0.4788408184585873,0.47551386058019357,0.9704350041237467,0.942951229986298,0.9596019623558807,0.9462926324050791
100.jpg,Normal,410.37354473039204,800.8073663975395,585.1455575980392,777.4261130334485,0.6453214515133433,0.5960540923257914,0.6349141266671205,0.5972657842891712,7.659420955882351,11.83054209919262,9.175643382352941,11.533056516724333,4.455830956337701,4.687624957943209,4.528581559187906,4.679990463807524,0.264703793993183,0.2567394832466915,0.26065431752511053,0.25733377145778813,0.5144937259026421,0.5066946647110975,0.5105431593167326,0.5072807619630259,0.9694061088609488,0.9403979561710055,0.9563755090509088,0.9421381630500358
11.jpg,Normal,410.35189950980396,795.1391772395233,560.9835631127451,748.1211072664361,0.6195147267011161,0.5731226792366761,0.6179170705301735,0.5715915560747027,8.048774509803922,12.061776239907728,9.208287377450981,11.840630526720492,4.676697691749825,4.901137486870947,4.717455443671499,4.897471206384507,0.23343455735924892,0.22594150872974797,0.2297254171228464,0.22652172149800123,0.48315065699970744,0.47533305032340006,0.47929679440076206,0.47594298135175944,0.9703853174433189,0.9427000730500361,0.9595139084202772,0.9460883251345824
12.jpg,Normal,410.7605698529412,796.7851134179161,565.1453737745098,751.9433448673586,0.6236586223372473,0.5711679816687136,0.6164878216395658,0.5731803181417452,8.009773284313725,12.093071895424835,9.239338235294117,11.786574394463667,4.683482012807397,4.918977588991676,4.733746646581039,4.90694365298925,0.23354623092774573,0.22612058740013774,0.22978500477674604,0.22660797430852364,0.48326621124153274,0.47552138479792655,0.47935895191051353,0.47603358527369016,0.9703379667304397,0.9425467733038957,0.9591890132265882,0.9457801473348665
13.jpg,Normal,412.99898897058824,798.1941253364091,567.213618259804,753.2149634755864,0.6234730560137149,0.5699497391872528,0.613120612648524,0.5724408619797129,7.9850796568627445,12.125936178392926,9.30675551470588,11.814148404459825,4.674458349041588,4.910476828424146,4.733618149640487,4.9006615193142515,0.2341419299461896,0.2266759226222547,0.2303908469886882,0.22723562265186203,0.48388214468627544,0.47610494916799034,0.47999046551852276,0.47669237737964937,0.970136077039242,0.9423677712286599,0.9589844072589188,0.9456154139561899
14.jpg,Normal,411.3343443627451,787.131195693964,561.0424019607842,751.839108035371,0.623072651273178,0.5720352406132061,0.6147402081227423,0.5713655744271137,7.944117647058823,12.023037293348713,9.273192401960785,11.819823144944253,4.654942108192637,4.888053401764006,4.714755490390821,4.883947993545808,0.23467908144272195,0.22728394145273725,0.2309492483876018,0.22770991537428076,0.4844368704410534,0.47674305600893363,0.48057179316685017,0.4771896010751709,0.9702974710902458,0.9432451939106157,0.9594865766657439,0.9457898721072243
15.jpg,Normal,403.0448529411765,776.1219377162629,555.9748927696078,742.0829373317955,0.6214422836039291,0.5725688693739,0.61420542203161,0.5715994870849217,7.90842524509804,11.9278277585544,9.23907781862745,11.817070357554787,4.655673580208205,4.885863726191081,4.715185726565698,4.886032982230457,0.23500040561040977,0.22760773576424398,0.23128179096249785,0.22811803356618673,0.48476840409664673,0.47708252510885785,0.48091765507464773,0.47761703651166665,0.9708743458716357,0.9439973756944458,0.9598225568846273,0.9464535275665049
16.jpg,Normal,400.68780637254895,781.8742329873126,560.3564644607843,743.5723490965014,0.6250070215750931,0.5731933465008194,0.616096578966428,0.5729348271416145,7.870833333333332,11.90794309880815,9.23109681372549,11.798600538254519,4.634646970645889,4.865813402378383,4.69523997767797,4.866342700679505,0.23549689351939457,0.22813794440106064,0.23176187611322868,0.22864979000623928,0.4852802216445613,0.47763787998970586,0.48141653078517016,0.47817338906116397,0.9710191764326002,0.9435327209396808,0.959470306088158,0.946298898765921
17.jpg,Normal,402.92922794117646,783.3450057670127,560.0093596813725,746.4195155709342,0.6235765915932269,0.5740060645919922,0.6184853869629277,0.5736759650076276,7.859436274509804,11.8961476355248,9.193642769607843,11.793079584775088,4.636189506266586,4.863672110159969,4.689440979410273,4.8689654653581265,0.23606766503849932,0.2286930876998333,0.23233644690068117,0.22922044160993885,0.4858679502071518,0.47821866096988863,0.48201291154976456,0.47876971668009544,0.9708594122348418,0.94343125682204,0.9594986829230152,0.9460978067537362
18.jpg,Normal,405.8374080882353,789.048150711265,567.1836703431372,757.2696962706652,0.6247263724201526,0.5737362208001437,0.6152978049313582,0.5728648731771186,7.8873774509803924,11.959769319492505,9.302665441176469,11.879246443675509,4.63446003211892,4.866335729629826,4.699829328667067,4.869041112131966,0.23658910989669693,0.22925007194908179,0.2328277310991416,0.2298082803452551,0.4864042659112859,0.47880065992966403,0.48252225969289914,0.47938322910303727,0.9706194163192341,0.9429620185019209,0.9589383671267246,0.9452591899670422
19.jpg,Normal,406.69276960784305,778.7525259515572,562.350107230392,758.7548635140331,0.6256389705208024,0.575656829538466,0.6176572980636226,0.5738180319942645,7.891390931372548,11.87120338331411,9.235370710784311,11.908604382929642,4.628063591811017,4.8549030594144185,4.685506517289941,4.861589168074811,0.23772736440480363,0.23034329404255688,0.23388255388083157,0.23083932471481622,0.48757293239555827,0.4799409276593911,0.48361405467669316,0.48045741196782077,0.9705788127254448,0.9437475941933543,0.9593178757853092,0.9451921052352227
2.jpg,Normal,398.17913602941167,792.1056978085352,569.6368719362747,751.2918877354862,0.6214487104590566,0.5688030739603352,0.6119989122666362,0.5689359250664374,7.995128676470586,12.169304113802385,9.427558210784316,12.001584006151479,4.696228214825206,4.931160628489541,4.757288556399521,4.92943862305423,0.23003192295894298,0.22271448360514345,0.22643045814804566,0.2232743399641783,0.47961643316189967,0.47192635400573196,0.47584709534476055,0.47251914243147686,0.9713583329754147,0.9431052185769383,0.9590248797186608,0.9460367626998665
20.jpg,Normal,407.4016850490196,767.2708650519032,554.8911458333333,753.8595924644369,0.6259352999822816,0.5746961501462906,0.6176304452438905,0.5735708848961475,7.915655637254902,11.815701653210308,9.203860294117648,11.91704728950404,4.621229580915783,4.844538719154357,4.677149168039433,4.853831823063804,0.23839421337909403,0.23106231220624493,0.2346045767825551,0.23150224166288633,0.4882562988626916,0.48068941345347405,0.48435996612287757,0.48114679845436603,0.9704787189435722,0.9444854208988037,0.9597910423183705,0.9454557707280705
21.jpg,Normal,406.39175857843134,766.1076355247982,551.5280484068627,748.7029757785465,0.6271649002684667,0.5789223227042758,0.6193357131154336,0.5747465004032747,7.900765931372549,11.729381007304884,9.12014399509804,11.8318339100346,4.613195763869686,4.831306541655613,4.665969025885065,4.843883550410608,0.2392231576252974,0.23184073744446018,0.2353837467532394,0.23230468747343935,0.48910444449554674,0.4814984293270957,0.4851636288441657,0.4819799658423982,0.9705631840574545,0.9445911726659605,0.9600500344929147,0.9458499667857023
22.jpg,Normal,408.32717524509803,774.1333487120339,558.1431832107844,760.9334409842369,0.6298625262023131,0.5799520762388197,0.6200385315821791,0.5762649429243354,7.9216605392156865,11.758477508650518,9.132552083333334,11.878216070742022,4.594816100049473,4.8182320639355005,4.6530733377726605,4.829531582833413,0.24033506810688052,0.23286143569126766,0.2364521989598727,0.23343189903744177,0.4902398067342966,0.48255718385624274,0.4862635077402711,0.4831479059640451,0.970382952252409,0.9439353569858839,0.9595161095822315,0.9448913268014322
23.jpg,Normal,409.54001225490197,783.9944790465206,566.5504136029413,766.9110803537101,0.6301364503867035,0.5798445985398657,0.6197120657509895,0.5775599511254192,7.912071078431373,11.818208381391774,9.198973651960785,11.896455209534796,4.590437796262284,4.815514112752856,4.652647745985494,4.825834854219589,0.24162818213510126,0.23408061223901552,0.23773549550315687,0.23466749478692503,0.49155689613217846,0.4838187803703113,0.48758127066485735,0.4844249114020924,0.9702690304907974,0.9431722010451618,0.9588703725009631,0.9444104903090874
24.jpg,Normal,409.1151348039216,796.2608381391774,578.8449601715686,776.4642983467897,0.6315743115633238,0.5811921360698131,0.6204255762379993,0.5786491047523715,7.88875612745098,11.838200692041523,9.258471200980392,11.9201076509035,4.585301152775735,4.809379305213593,4.647775127194014,4.820023871045523,0.24236892858591047,0.2348885721503323,0.23855604278083392,0.2355191318631922,0.49230978924444563,0.4846530430631095,0.488421992523713,0.4853031339927574,0.9702577217003605,0.9422014593746554,0.9579182025944885,0.9436384396386925
25.jpg,Normal,400.3804840686274,785.9957400999616,570.4000459558824,757.6974240676666,0.6322860062342541,0.5817661769758629,0.6220405991803696,0.5814974099772742,7.804626225490196,11.78969627066513,9.157398897058822,11.709757785467133,4.583944561608828,4.811265600167512,4.646844510589784,4.814986221699618,0.2434408268970694,0.23587314470035695,0.2395899066389731,0.236541881904174,0.493397230329751,0.48566773075875336,0.4894792198234498,0.4863557154019823,0.9708591323086926,0.9428811584914509,0.9584842533440388,0.9449376162379035
26.jpg,Normal,399.9861519607843,787.8224375240293,569.1511948529412,757.8904421376394,0.6322081917579496,0.5820114121464752,0.6216164571089643,0.5798535569751085,7.7697610294117645,11.751203383314111,9.121078431372549,11.684306036139947,4.583188282990548,4.807406005267154,4.64131292286339,4.80998253124771,0.24428966459151838,0.23670227613340689,0.2404352471902709,0.2373971553542903,0.4942566788537292,0.4865205814078238,0.490341969639833,0.48723418943490643,0.9708874606369396,0.9427480713584787,0.9585745179825244,0.9449232625974406
27.jpg,Normal,402.0504595588236,785.5357477893117,565.0970588235296,755.3135563244905,0.6333630037406544,0.5839085583789163,0.6234514941409446,0.583119319706087,7.7731004901960805,11.710665128796615,9.068627450980394,11.604152249134945,4.589363584055323,4.814529399651224,4.649076761757828,4.814119339951782,0.2446256328554899,0.23706580803733684,0.24078630423188363,0.23776517232821304,0.4945964343335786,0.4868940418996076,0.49069981071107377,0.48761170241106094,0.9707162462183916,0.9428733226453115,0.9588400271256329,0.9450711772758883
28.jpg,Normal,403.8409007352941,783.3288735101885,562.9524816176472,751.9881891580164,0.6336759219954518,0.5827927279750762,0.6251115781381407,0.5819549327241076,7.810171568627451,11.732133794694349,9.05557598039216,11.599108035371014,4.590316029631624,4.814685677561027,4.645803824721106,4.815720735454369,0.2454328365245264,0.23790610176992524,0.24153386862174406,0.23859465591635792,0.4954117848058587,0.4877561909088651,0.49146095330325484,0.48846151938137145,0.9705479879418952,0.9429607424800307,0.9589434425672848,0.945242861046151
29.jpg,Normal,403.26176470588234,783.6409996155326,565.1569240196078,753.7104498269897,0.6319351207623499,0.5831044619950893,0.6239132521590985,0.5820440869483807,7.8231924019607835,11.741422529796234,9.080330882352941,11.608212226066899,4.603470745906513,4.824512695472313,4.6559437353950885,4.8237753117608415,0.24576860157263736,0.23824689046193903,0.24181613521729922,0.2389186175547482,0.49575054369373855,0.48810540917094847,0.4917480403797246,0.4887930211804872,0.9705669904519938,0.9428930478486668,0.9587500684051738,0.94507420283606
3.jpg,Normal,403.76724877450977,801.9886966551325,575.8122702205881,758.0394156093811,0.6219298883553755,0.5686924916998869,0.6117158291295338,0.5684815025754157,8.02000612745098,12.181176470588234,9.46034007352941,12.042214532871974,4.690894792281068,4.925190022584157,4.753538489082958,4.926037805565965,0.2305870832291442,0.22323258439771404,0.22692278916631364,0.223677757748809,0.48019483881976927,0.47247495637093195,0.4763641350545963,0.4729458296135076,0.9709738876380218,0.9424303136281925,0.9586056729529987,0.9455851540101364
30.jpg,Normal,411.65208333333334,791.8974240676664,567.5302083333332,758.2281891580162,0.6324682204461884,0.5845069438207582,0.6248334794136069,0.5852575554264218,7.829718137254902,11.745144175317186,9.039185049019606,11.53836216839677,4.593474199818527,4.815333467709157,4.643275233479861,4.807909221612311,0.24642893989560058,0.23889789964851008,0.24250378730066993,0.2395926582521347,0.4964160955243097,0.4887718277975011,0.4924467354960026,0.48948203057123013,0.9699295181334794,0.9422433965969712,0.9585422750575484,0.9446990437407279
31.jpg,Normal,410.2209558823529,785.5454363706267,563.925919117647,755.4740484429067,0.6321507481493002,0.583506323786937,0.6241978296144866,0.5830442080054735,7.812775735294117,11.692118415993848,9.02169117647059,11.520430603613995,4.595704013487578,4.818605783554165,4.646737225041935,4.815607802389743,0.24658025745243717,0.2390937625652216,0.2427271925160996,0.23978678534458917,0.4965684821375972,0.4889721490690667,0.4926735151356318,0.4896802889075577,0.9700126245131467,0.9426657956637566,0.9587760934925917,0.9448606007256869
32.jpg,Normal,413.473743872549,775.920799692426,555.5655943627452,755.6238677431759,0.6331728001769817,0.5839819221112793,0.6254785862101193,0.5835631884266378,7.868780637254902,11.671695501730106,8.996844362745097,11.599630911188008,4.604782942599314,4.827531124884481,4.654687080095111,4.822989630031964,0.24700429069404653,0.23949074873015597,0.24309790822828062,0.2401973450899685,0.4969952622450706,0.4893779201498122,0.4930496001704906,0.4900993216583436,0.9697746680521152,0.9433680711058167,0.9593870478572336,0.9448494779805592
33.jpg,Normal,414.5564644607844,774.0068127643212,552.3525582107843,755.2070280661285,0.6348783812211367,0.5849324349758054,0.6251385455778021,0.5853723656831923,7.84325980392157,11.614040753556322,8.965916053921568,11.542775855440217,4.600828254582975,4.821653620481249,4.652345370210009,4.820721719027136,0.24708470914694786,0.23964221941077568,0.24327620621050194,0.24033543517775752,0.49707616030840573,0.4895326540801703,0.49323037843435996,0.49024018111305145,0.9696923115336243,0.9435018608028716,0.9596177019267921,0.9448741392314828
34.jpg,Normal,417.3678308823528,775.9144021530182,553.9015931372547,757.8882891195694,0.6356802621134361,0.5861649345195057,0.6250978454734794,0.5847668725122916,7.84785539215686,11.621099577085737,8.964950980392155,11.53519415609381,4.587120818811417,4.810115969542042,4.641277953187282,4.807102452059331,0.24740546473261482,0.23989285663500615,0.24358539820359051,0.24061499098105135,0.49739869796031316,0.4897885836103228,0.49354371458219437,0.4905252195158281,0.9694914607310969,0.9433715004511414,0.9595107059508886,0.9446870988353829
35.jpg,Normal,420.35036764705876,775.3416224529026,551.7687346813726,756.2532410611302,0.6350434082192212,0.5881248957485768,0.6259944634248487,0.585944928203047,7.892371323529413,11.594571318723567,8.972809436274511,11.560246059207994,4.586962933650392,4.801936106166943,4.639351720102493,4.805320068650461,0.2481870972289805,0.24076745557153423,0.24432469421879507,0.24135130211208794,0.4981837986416063,0.4906806044378912,0.49429211425916464,0.49127517962144995,0.9691981815998115,0.9432748259690429,0.9595677614695347,0.9446713610254119
36.jpg,Normal,419.26848958333335,775.7532487504807,551.440655637255,754.6939638600539,0.6345814647389969,0.5867575782037125,0.6274791619758441,0.5864856412392369,7.867018995098039,11.592049211841601,8.947518382352941,11.505928489042677,4.5796881115411825,4.79814377779874,4.630044747821078,4.793645863126338,0.24836499523264047,0.2408978747564189,0.2445674298149675,0.2415747483038567,0.4983623132146335,0.49081348265549807,0.494537591912857,0.4915025415029476,0.9692938523081539,0.9432751982960973,0.9596133216760183,0.9448151000127315
37.jpg,Normal,421.8769914215686,777.4588542868129,552.2081801470588,755.4017685505576,0.6366036677937036,0.5877883975207389,0.6264943231840259,0.5866322409495661,7.873866421568626,11.604398308342946,8.990502450980392,11.534640522875817,4.562297421098476,4.782153923672661,4.6182837182529335,4.782056486678508,0.24898286249673354,0.24157943936920717,0.24521909556082688,0.24219613389166117,0.49898182581806877,0.49150731364772915,0.49519601731115215,0.4921342640902594,0.9691291646122506,0.9431992512764977,0.9595916639850597,0.9448107307491022
38.jpg,Normal,419.4239889705883,769.9359323337177,556.1797181372549,763.6502268358322,0.6369695325220456,0.5893691231166134,0.628554705515879,0.5880772148550577,7.830116421568629,11.49840830449827,8.965226715686274,11.534548250672815,4.5589173599696275,4.7768048959912885,4.613333706667831,4.779309865375242,0.249448925870421,0.24203813095871046,0.24570069110288117,0.2426400776562291,0.4994486218525595,0.49197370962146997,0.4956820463794116,0.49258509686776875,0.9692909080586813,0.9437164323993522,0.9592775047445493,0.944175927683896
39.jpg,Normal,413.8257812500001,760.3005767012686,556.8681985294118,766.3296732026142,0.63701610698284,0.5906784338489857,0.6294451000625967,0.5883465098875741,7.79106924019608,11.412918108419836,8.91688112745098,11.49817762399077,4.558476674622527,4.7748538447256745,4.611224199207165,4.774804830136112,0.249651191239172,0.2421841862791659,0.2458440109657719,0.24284232382748114,0.4996510694866689,0.4921221253704876,0.49582659364516934,0.4927903446979061,0.9696673686372845,0.9443593459858594,0.9591820455479461,0.9439181219716613
4.jpg,Normal,406.25707720588235,801.051718569781,573.3914522058824,759.9239677047291,0.6216760413191511,0.5678725011515978,0.6112774651231724,0.5668475735266202,8.048958333333331,12.179192618223762,9.45998774509804,12.110972702806615,4.689924250309133,4.9225656803072955,4.753560002319475,4.9280595393064885,0.2310398845386616,0.22365174982975378,0.22735420470510895,0.22406653106093963,0.4806660842400487,0.4729183331504011,0.4768167412173244,0.4733566636912801,0.9708152310602035,0.9425379048813052,0.9588083776817115,0.9454881347821223
40.jpg,Normal,411.5645067401962,761.6188542868126,557.8975949754904,762.3548481353325,0.6382249197213522,0.58919920035529,0.6273113589926118,0.5881694841396709,7.739996936274512,11.42136101499423,8.935248161764708,11.46937331795463,4.569508466393936,4.787026520222806,4.627896360071679,4.790222670276345,0.24983789686696536,0.24238187654734852,0.24605214166989572,0.24301389466477039,0.49983787058101686,0.4923229392861443,0.49603643179699586,0.4929643949260133,0.9698043657390669,0.944209905107803,0.9590675991046805,0.9441559920955165
41.jpg,Normal,407.121124387255,767.9433602460592,554.7439338235296,754.9849596309111,0.6342585450733904,0.5877289325527185,0.6273529841241781,0.5869816504073058,7.780744485294119,11.516693579392541,8.962438725490198,11.468742791234142,4.573429601801857,4.78989969244881,4.624734232008926,4.7886713659348406,0.2501150768475092,0.24270883658889064,0.24636488630330733,0.24337193257081347,0.5001150636078754,0.49265488588756595,0.49635157530051954,0.4933274091015149,0.9701310641104955,0.9437480712805185,0.9592998663281066,0.9446972754347002
42.jpg,Normal,408.1978094362746,767.7188619761631,550.3181985294118,751.7453133410227,0.6357201051506299,0.5870049397901558,0.6253592914334247,0.587066229403316,7.782735906862746,11.5521261053441,8.988204656862745,11.493471741637832,4.575685630925152,4.796831389844256,4.631500864295336,4.793379106334563,0.2500844651705851,0.2426289406626647,0.24632279750614247,0.24330740836820672,0.500084458037425,0.4925737920988739,0.49630917531931895,0.49326200782971996,0.9700483072727897,0.9437572263970221,0.9596193102816957,0.9449274421153254
43.jpg,Normal,408.0091605392157,763.194986543637,545.9947610294118,747.831141868512,0.6354146878953328,0.5866325407556665,0.6264591546626167,0.58562414815244,7.7958333333333325,11.505820838139176,8.937224264705883,11.515693963860052,4.576734627122491,4.794376021921458,4.62977562052649,4.797150593351388,0.2498453110779583,0.24239752876522058,0.24609263477670093,0.24299649172286222,0.4998452871418898,0.49233883532098155,0.4960772467839066,0.4929467432926829,0.9700656361237736,0.9440950068138578,0.9599410891733069,0.9452204277705203
44.jpg,Normal,411.1718137254903,772.3828373702421,552.3414828431372,756.7085582468281,0.6337273370001424,0.585830384324895,0.6261021674870486,0.5851903288189922,7.880392156862746,11.613625528642828,9.003829656862745,11.64475201845444,4.578641208767491,4.792859598260538,4.627952159935373,4.797711664015951,0.2497259648200963,0.24226363710405638,0.2459480996078732,0.24291049350935756,0.49972588968363074,0.4922028414221685,0.49593154730050515,0.49285950686717767,0.969822566905167,0.943401129026239,0.9594605997322001,0.9445497129392805
45.jpg,Normal,415.1222426470588,783.2166089965397,561.7497549019607,765.5442983467897,0.6348950086066287,0.5839292172134518,0.6251474522336642,0.5836686173797974,7.911182598039215,11.735609381007304,9.104197303921568,11.747881584006151,4.5625216959056045,4.784406231643959,4.616271320711652,4.788185600888437,0.24956253350949753,0.24216975454240003,0.24577746457661265,0.24274136032321889,0.49956234196494187,0.49210746239251446,0.49575948258869706,0.4926878934205902,0.9695083116579095,0.942561269302691,0.9587371537866819,0.9438573029676445
46.jpg,Normal,416.07500000000005,790.6968396770474,564.3584252450979,762.9698116109189,0.633010198958486,0.58348709540424,0.6255870797796351,0.5851084956386918,7.926623774509805,11.831787773933101,9.140073529411763,11.710572856593618,4.563625634600725,4.784640072783516,4.617270641046734,4.783554329888636,0.2496693875064579,0.2421871884663884,0.24584998412757414,0.24282425429783974,0.4996692781295023,0.4921251756071705,0.4958326170468963,0.4927720104651235,0.9694549689551527,0.9420441012700802,0.9585680087902173,0.9440764159955807
47.jpg,Normal,411.7836243872549,791.1327489427142,564.8535232843137,759.7485736255285,0.6335132557484467,0.58292142001234,0.6240624746451996,0.5856817046086763,7.910646446078433,11.879600153787004,9.176960784313724,11.685397923875431,4.554901833464184,4.777393130050636,4.611761365750125,4.77169147220398,0.24938496778488903,0.24182979491666237,0.24545558872244894,0.24245111712127987,0.49938458905425687,0.4917619291045845,0.49543474718922265,0.4923932545448606,0.9697642763220161,0.9420009065400513,0.9585237263735931,0.9443017261178243
48.jpg,Normal,408.10677083333337,789.7671818531333,571.5695925245099,765.551049596309,0.6360344347955988,0.5850493344674986,0.6253850762974629,0.5858502656094712,7.851470588235296,11.837093425605534,9.203875612745097,11.723906189926948,4.5523502707084,4.775727996801943,4.614305924403679,4.776207428250396,0.2499105069968207,0.24237573263529041,0.24597456002592907,0.2429364671352705,0.4999104989863893,0.4923166995291653,0.4959582240732873,0.4928858560917228,0.9700360788034645,0.9421049724312409,0.9580333179946615,0.9438801710933682
49.jpg,Normal,407.2540441176471,783.6551787773932,575.056556372549,773.5236293733178,0.6341989127904819,0.5830480525682339,0.6230241235146379,0.585907123259548,7.798897058823529,11.80699730872741,9.23094362745098,11.739607843137254,4.554327687757712,4.780380438403443,4.619430472922037,4.779512622243129,0.2497563438312864,0.24219125894411703,0.245845285875437,0.24278483622289995,0.49975628443400927,0.49212931120196146,0.49582787928416955,0.49273201258178867,0.9701112539970704,0.942577299521501,0.9577950714278122,0.9433196935521523
5.jpg,Normal,408.00585171568633,802.6264513648598,571.4387101715686,757.952341407151,0.622387107065561,0.5700089422328097,0.6117964939515611,0.5703238618026005,8.05545343137255,12.197846981930027,9.43120404411765,12.026374471357169,4.687226654774159,4.9207950974459385,4.7489700822575,4.916313934414596,0.23115834190312926,0.2237938289194955,0.2274993174903808,0.22418336318462664,0.4807892905453794,0.4730685245495577,0.4769688852434515,0.4734800557411332,0.9706298715491314,0.9423074827286035,0.958865015602785,0.9455186426099361
50.jpg,Normal,408.9331495098039,787.1424990388313,578.3772518382352,777.5415148019993,0.6341354289907594,0.5846484647839967,0.6247035661118289,0.585565362266353,7.785600490196079,11.766782006920415,9.2288756127451,11.74171472510573,4.562943173802097,4.786681366623675,4.623348101908411,4.784300946213142,0.2494920337974727,0.24201005303464007,0.24558995218654636,0.24252523394352954,0.49949177550533574,0.49194517279331046,0.49557033021211666,0.49246851061111463,0.9699674794137952,0.9422821476665529,0.9575223275781916,0.9429861475028137
51.jpg,Normal,408.64437806372547,786.4792618223761,578.630162377451,778.8782775855441,0.6371593039702378,0.5855269236792666,0.6242246448978718,0.5854912717120249,7.75405943627451,11.75923106497501,9.223207720588237,11.735793925413304,4.5565671565558805,4.786055460542744,4.623728387979559,4.783679193280558,0.24964143206733136,0.24210320763566373,0.24569902771301155,0.2426944579473692,0.4996413034040834,0.4920398435448736,0.4956803684966871,0.4926402926551676,0.9700095220567647,0.9423706822872289,0.957533179108621,0.9429276448885048
52.jpg,Normal,400.12185968137265,773.7404690503652,571.438005514706,770.6440292195308,0.6369533079451931,0.5837867014708558,0.623158560743792,0.5844477394895633,7.692233455882354,11.68947327950788,9.168550857843139,11.682891195693962,4.551559133180288,4.784279044615819,4.622324739545024,4.779642195290071,0.2495473689365645,0.24196567759036272,0.24559189998475656,0.24257291796651712,0.49954716387600934,0.4919000687033523,0.4955722954168812,0.4925169215027207,0.9706442813196576,0.9433219883640854,0.9580742901252004,0.9435488086737137
53.jpg,Normal,397.15390625,767.0436447520186,565.0178308823529,763.6327412533643,0.6364817085372392,0.5839411440547905,0.6230988736823908,0.5842920938888131,7.68279718137255,11.63849288735102,9.14077818627451,11.664113802383701,4.553032831454138,4.780495403829139,4.620733654540597,4.781466267463918,0.2492315919048188,0.24166820007269552,0.2452741129698088,0.24227026005583577,0.49923100054465647,0.49159759974261014,0.4952515653380702,0.49220956924447923,0.9708608064752434,0.943810080829497,0.9585436123374269,0.9440599471743901
54.jpg,Normal,404.59489889705884,767.3994925028837,565.7600949754901,771.8152710495965,0.6349888146557933,0.5860267168727102,0.6247385264797496,0.5841566783624313,7.732613357843137,11.60421376393695,9.109574142156863,11.722537485582471,4.546096062330987,4.769611990730009,4.609295587869553,4.775838313421893,0.2492145901760291,0.24170517103630773,0.24537361916465425,0.2423460210568762,0.49921397233654136,0.49163520117695775,0.4953520154038482,0.49228652333460865,0.9703371457601762,0.9438263146813061,0.958520390587623,0.9435030794473199
55.jpg,Normal,403.5028645833334,760.3214609765475,558.0286151960784,765.2817685505577,0.6359762843236193,0.5862519569769764,0.6265386826818573,0.5849051884183283,7.697686887254903,11.516016916570551,8.992616421568624,11.593956170703578,4.544855328709003,4.7633559282869005,4.5997751950669485,4.76919831445792,0.2489621862215705,0.24153727831589927,0.24519633585377312,0.2421237332638011,0.49896110692274454,0.49146442222799736,0.4951730362749704,0.49206070079188513,0.9703836928840803,0.9442813575889434,0.9590409115736095,0.9439178513377711
56.jpg,Normal,399.7559283088236,759.096239907728,552.8760723039215,752.0140715109574,0.6339654571187898,0.5844432917336365,0.6259864934293449,0.5837171141951315,7.705683210784316,11.564183006535949,8.96516544117647,11.49291810841984,4.5610081855692854,4.784670708092752,4.613507484592414,4.781855491065691,0.24907804437070497,0.2416595104269629,0.24527319908508738,0.24220592079969241,0.4990771927975721,0.49158876149375397,0.4952506426902315,0.4921442073210782,0.9706431646470812,0.9443414807495684,0.95939747727224,0.9448607601048375
57.jpg,Normal,400.0962928921567,745.5408073817762,543.4952052696078,747.5714725105729,0.6354949986256894,0.5857791011671564,0.6251533144670778,0.5864546491980205,7.654319852941175,11.422145328719724,8.852068014705882,11.421253364090735,4.558958546825182,4.781145165502696,4.615158491594382,4.780227778604081,0.24898131491174508,0.2415321885040814,0.24518894088492857,0.24209371422962897,0.49898027507281795,0.491459243990874,0.49516556916341486,0.4920301964611816,0.9706400032354151,0.9453758499385566,0.9601160028210656,0.9452270675303751
58.jpg,Normal,406.45796568627446,751.5207381776239,543.0757046568627,751.3865436370625,0.6337416447217583,0.5833266412157734,0.6242306151662904,0.58331261886307,7.737591911764706,11.51910803537101,8.914123774509804,11.547589388696654,4.5623346439184385,4.782867043553966,4.6172662176944534,4.787521428382105,0.2490040992581354,0.24155667995673727,0.24525804636250173,0.2421455859182897,0.49900310545941035,0.49148416043320997,0.49523534441970285,0.49208290553349815,0.9701752749874115,0.9449418758072399,0.9601497018086096,0.944951707205503
59.jpg,Normal,408.3108149509804,756.6793694732797,541.4731311274509,748.6520261437911,0.6367999952688395,0.5865953531568046,0.6276724772375444,0.5868094523146983,7.670067401960784,11.49951557093426,8.877910539215687,11.46171472510573,4.549688720945866,4.7750213217655055,4.6080581669955105,4.777556427515121,0.24963859819165107,0.24218405963104428,0.24594973026262434,0.2427105999659138,0.4996384674858923,0.4921219966949702,0.49593319132986485,0.4926566755519647,0.9700161518626482,0.9445214340054102,0.9602366285873023,0.9451099864552758
6.jpg,Normal,407.40989583333334,800.9161399461744,570.821568627451,757.2389388696656,0.6223228793356201,0.5690226851718804,0.6129046332531871,0.569598883633069,7.9902573529411764,12.137547097270279,9.401562500000002,11.973118031526337,4.691068939967744,4.929584439159264,4.75601803887687,4.927061725165901,0.23155672418754966,0.2241769302641561,0.2279022163998298,0.22459780692399228,0.4812034124853539,0.4734732624596199,0.4773910518640141,0.4739175106745817,0.970644198203052,0.9423744495858946,0.9588693526779405,0.945517004251793
60.jpg,Normal,405.9658088235294,757.8812456747405,543.5056678921568,746.0532718185314,0.6365529817754885,0.5854009082177185,0.6273885627829386,0.5861806855153524,7.643259803921568,11.536639753940793,8.901348039215687,11.451164936562861,4.5385776491443135,4.766441783954292,4.597792599873557,4.763578512506287,0.24969046552013494,0.2422438117655336,0.24596411095266837,0.24271325768443544,0.4996903696491808,0.4921827016114378,0.4959476897341779,0.4926593728778896,0.9701891239667509,0.944434799158666,0.960088435250896,0.9453019848115862
61.jpg,Normal,398.7032169117648,755.7278892733565,542.1453431372549,735.5975701653209,0.6357105112685099,0.5835175168556782,0.6260172385277334,0.5863405149708554,7.630912990196081,11.552695117262592,8.877420343137253,11.374209919261821,4.534012724011905,4.763418783050273,4.592609002199673,4.755582746122503,0.25024954555677215,0.24270969415395036,0.2465094803718823,0.24328845927859338,0.5002494833148478,0.49265575623750746,0.49649721083998277,0.4932427995202701,0.970710923156753,0.9445709740462335,0.9601728065172724,0.9460474366674156
62.jpg,Normal,398.22398897058827,762.8723106497501,548.6780943627451,740.4263898500577,0.6356452361414604,0.5848682905712593,0.62757412516578,0.5864287616689179,7.65640318627451,11.62312956555171,8.939215686274512,11.436739715494042,4.526656395294552,4.756359943046064,4.584276905666885,4.751190140066404,0.25067761507367964,0.24313536901564348,0.24695628857346788,0.24372659000079966,0.5006771565327098,0.4930875875700416,0.4969469675664274,0.49368673265624596,0.9707135683949997,0.9439846684466539,0.9596481736451206,0.9456328023192077
63.jpg,Normal,397.001256127451,760.454609765475,553.949555759804,745.875786236063,0.6373218593189451,0.586960022958863,0.6273676690909917,0.5855495536091248,7.6147671568627455,11.554678969627066,8.953385416666666,11.457331795463285,4.523407102745855,4.749863034284669,4.584859017769828,4.750083196520094,0.2509693418837931,0.2434387682494578,0.2472534304057484,0.24399580724948153,0.5009684040773361,0.4933951441283728,0.4972458450361837,0.49395931740324683,0.9708160546041513,0.9441863547232744,0.959278112788522,0.9452563689944397
64.jpg,Normal,392.7734068627452,752.9394848135332,553.7375306372548,748.8728642829682,0.6394582117838327,0.5870874757699762,0.6272346754756448,0.5856417848528632,7.568658088235296,11.53359477124183,8.995863970588236,11.514186851211072,4.518122290067888,4.750126686135749,4.587950144099469,4.753642262491665,0.25115991882066097,0.24368119096535348,0.24744677398810705,0.2441280680943552,0.5011585765211057,0.4936407509164468,0.4974402215222519,0.4940931775428145,0.9711196995513692,0.9447245063494766,0.9592836822477353,0.9450230488775951
65.jpg,Normal,392.324387254902,751.3214917339485,552.3304534313725,748.7914494425222,0.6387466671606328,0.5869929226824336,0.6276973075969862,0.5859896973094787,7.606893382352941,11.566997308727412,9.015563725490194,11.554356016916572,4.508645657523152,4.7376790170565855,4.57362889331362,4.74067967935189,0.25125805565505155,0.24373280297215105,0.2475035592108127,0.2441830246285365,0.501256476920799,0.49369302503899226,0.4974972956819089,0.49414878794603606,0.9711744536115823,0.9448851507710017,0.9594178059917233,0.9450707476173171
66.jpg,Normal,391.5063419117649,758.6885044213764,557.2572610294119,746.9875586312955,0.6413565552876626,0.5890026973689498,0.628154317738876,0.588667866110518,7.547671568627454,11.591880046136101,9.029105392156865,11.475155709342559,4.500099657049929,4.734211267331493,4.573425945222244,4.734696485140809,0.25135147628578874,0.24375864415558368,0.24757102535120215,0.24431776640487093,0.5013496547179311,0.49371919565232997,0.49756509659661835,0.4942851063959655,0.9712484361229093,0.9443715490967681,0.9590755176976876,0.9452294841842404
67.jpg,Normal,397.4078737745099,769.8336793540947,567.7423560049019,761.1324106113035,0.6406855043493627,0.588318107510579,0.6280916976642592,0.5886495436017207,7.588511029411766,11.633694732795078,9.115395220588237,11.58254517493272,4.503003297926918,4.734581884678914,4.576892765797452,4.736703978861093,0.25183705847247756,0.24419366389853014,0.2479918184027403,0.24467636636368972,0.5018336960313422,0.4941595530782848,0.4979877693304729,0.4946477194566753,0.9708101483605783,0.9435451351361334,0.9582984936467247,0.9441832326423774
68.jpg,Normal,395.80438112745094,769.1204613610149,567.9685049019607,761.1536793540945,0.6422588660798944,0.5902084195224754,0.6286833845942071,0.5887360695638044,7.576899509803921,11.650534409842367,9.11623774509804,11.599723183391003,4.488389696524974,4.720986790012995,4.562108021566119,4.722398288560779,0.2521629964145776,0.24446879576822617,0.24833072297163358,0.24498197892420337,0.5021583379916913,0.49443785834847453,0.4983279271439978,0.4949565424602481,0.9709254711654305,0.9435929547977304,0.9582782689677461,0.9441772360064057
69.jpg,Normal,390.422824754902,759.4275893886969,563.0656709558824,754.8821376393696,0.6403270352863475,0.5897302436802765,0.627568205886991,0.5884306976189737,7.531311274509805,11.565136485966939,9.054090073529412,11.539423298731258,4.48256341180853,4.714426702572355,4.557584594363082,4.715074178266198,0.2528563078015368,0.24508663721890897,0.2489943673068952,0.24561524578501065,0.5028481955834552,0.49506225590213293,0.49899335397066685,0.49559584924110356,0.9712757250036306,0.9442162888039694,0.9585734551252812,0.9445501747085414
7.jpg,Normal,407.17423406862747,803.1788235294118,570.3056219362745,752.9802845059594,0.622421756748204,0.5689349609841281,0.6121876302791792,0.568941568537717,8.00125612745098,12.185759323337178,9.421216299019608,11.988665897731643,4.687023950742214,4.921972190074294,4.752323730935036,4.923130660238829,0.23213973641166413,0.22476791545439662,0.2285214656960364,0.2252029405186926,0.48180881728302166,0.47409694731604907,0.47803918845219834,0.47455551890025743,0.9706840153503785,0.9422570499616767,0.9589384728076636,0.9458659744575822
70.jpg,Normal,390.2799019607843,762.1683813917724,563.9812040441178,754.1529411764706,0.6405328403066809,0.5895163060765909,0.6287371505307533,0.5879574654691124,7.551317401960784,11.609273356401385,9.074371936274513,11.546097654748175,4.493712894912598,4.72611485946027,4.568635261279907,4.728904126115054,0.2530309312373847,0.24530121579536218,0.24910423234809795,0.2456751494005869,0.5030217999623721,0.49527892726761774,0.49910342850765704,0.49565628151026886,0.9712785269252697,0.9439998388883544,0.9584948763766072,0.9445887716680349
71.jpg,Normal,389.64289215686273,763.5820069204153,565.8191789215687,755.0276047673971,0.6401914287319673,0.587470150581317,0.6275851610973284,0.588424129506762,7.562928921568627,11.675171088043061,9.092708333333333,11.547220299884657,4.495632197661788,4.7347268991713545,4.5716519395301365,4.7274601257711435,0.25382986817438735,0.24605608164487647,0.24987765208430948,0.2464533426279573,0.503815311571996,0.4960404032383617,0.499877637111633,0.49644067382513823,0.9712679840144252,0.9437838894663311,0.9582763037441644,0.9444136780320971
72.jpg,Normal,398.5254289215686,770.3584006151481,567.5308976715684,766.9280891964628,0.6396479660295181,0.5870260005560013,0.6258456357827987,0.5868153139830621,7.642095588235295,11.75441753171857,9.158685661764702,11.67432525951557,4.488290558771529,4.725033027727914,4.564893965277557,4.722523058479856,0.25492920848783374,0.24718002743747003,0.25099888081094074,0.2475750756851126,0.5049051480108256,0.4971720300232808,0.5009978850363949,0.49756916673474916,0.970624970636222,0.9433086430547628,0.9581670390462275,0.9435610827100128
73.jpg,Normal,399.4509803921569,770.3364705882353,570.839874387255,772.928827374087,0.6400508156849757,0.5887410642953695,0.6283621655080285,0.5863436094066151,7.651807598039217,11.671218762014611,9.120572916666669,11.701422529796233,4.497207974687873,4.725861842003404,4.566893073342257,4.732602642918926,0.2548207292333103,0.24712092415288175,0.25094293555494745,0.24745037304878306,0.5047977112005464,0.49711258699904365,0.5009420481003242,0.4974438390901862,0.9705607775424633,0.9433181455117066,0.9579289703142851,0.9431273982269451
74.jpg,Normal,393.7659313725491,754.2778931180314,562.2570465686274,763.7324106113032,0.6405469397330696,0.5887448677514922,0.627662522098619,0.5865473217904943,7.575582107843139,11.558077662437523,9.043167892156863,11.620207612456745,4.5124652950059225,4.743672715296029,4.584415349035137,4.748306652931287,0.2555688768714633,0.24781712945409892,0.2516378615224236,0.2481169694145081,0.505538205155123,0.49781234361363413,0.5016351876836628,0.49811341019340977,0.9709136610339311,0.9443736284378154,0.9584671459207622,0.9436763781169186
75.jpg,Normal,393.2017310049021,755.5956785851595,559.7075061274511,760.4429219530948,0.6393039639553385,0.5882648365275511,0.6288253681330855,0.5865724532166235,7.603079044117649,11.59813917723952,9.031587009803923,11.605459438677432,4.503079293560112,4.734484054328539,4.570813505705708,4.736963222979682,0.25579399440344486,0.24811929768235996,0.25188707409616357,0.24836112570786872,0.5057608075003883,0.49811574727402463,0.5018835264243723,0.4983584309589522,0.9709466972135941,0.9442598452628719,0.9586432043892635,0.9439022650079354
76.jpg,Normal,391.6646599264706,749.0983314109958,549.1614583333334,749.782376009227,0.6415490485147836,0.5875736905218485,0.6280204338764616,0.5875507833877187,7.548912377450982,11.554740484429068,8.978094362745098,11.523337178008457,4.504392998505809,4.740295416280074,4.577442732326054,4.737712712686598,0.25603307786330687,0.24833385154410045,0.2521474114476326,0.24865563202039365,0.5059971125049103,0.4983310662040853,0.5021428197710613,0.4986538198193148,0.9710336457700246,0.9446884180721076,0.9593851246119459,0.9446379098981456
77.jpg,Normal,392.8333180147059,754.5629373317955,554.7257965686274,755.557816224529,0.6439995065652693,0.5913581281679439,0.6321806845495788,0.5901497726253293,7.544929534313725,11.573379469434833,9.00891544117647,11.557570165321028,4.493612383207422,4.727708739634341,4.565457280193929,4.726710817056571,0.2563497931844498,0.2485101233799261,0.2524215951675361,0.24907467778119216,0.5063099773700394,0.4985078970085891,0.502415759274663,0.49907381997174743,0.9709720765605271,0.9443328189368769,0.9590086558566736,0.9442594226690274
78.jpg,Normal,392.2605238970589,753.6743713956171,557.0546415441175,756.3024990388311,0.6448687242067077,0.5910716939371878,0.6315551914566018,0.5897629209565397,7.554304534313727,11.59437139561707,9.028967524509802,11.563367935409456,4.48425332878509,4.7214240613114296,4.559883700401022,4.721063405350032,0.2564927937919385,0.24868020885114867,0.25262097374469833,0.24928978518154882,0.506451176118625,0.4986784623894927,0.5026141400166716,0.49928928005871387,0.9710025658824816,0.9443757858564412,0.9588197516697732,0.9441818194163302
79.jpg,Normal,394.0226562500001,759.8608073817763,560.4273284313725,758.0458439061899,0.6437670063211287,0.5915063254856553,0.6319774315074448,0.5908395413090274,7.573115808823532,11.5921107266436,9.03219975490196,11.56255286428297,4.486226401628922,4.720081243018066,4.559489406099675,4.720614714506243,0.25709633703646156,0.24925362802967715,0.25310115475418116,0.2498321257860631,0.5070466813188521,0.4992530701254396,0.5030915967835093,0.4998320975948454,0.970924208982928,0.9440192472469453,0.958644111632845,0.9441529599224718
8.jpg,Normal,406.35514705882355,800.6979161860822,569.0809742647057,747.4309880815072,0.6223641319681043,0.5697555087619828,0.6136267263393005,0.5715803128933391,7.938296568627451,12.095470972702806,9.3094056372549,11.822622068435217,4.688368237356612,4.925539814384646,4.748510040076889,4.916925482190035,0.2323012898528361,0.2248195178827649,0.2286351124060607,0.2254188471857672,0.48197644118030925,0.4741513660032679,0.478158041243751,0.4747829474462696,0.9706872715293274,0.9423256583735161,0.9589485679739418,0.9461624799098206
80.jpg,Normal,391.89793198529424,760.8615609381008,556.0229166666667,748.9843444828911,0.6440795435354163,0.5917804895339818,0.6312867799210604,0.5920215939035539,7.555223651960786,11.581991541714725,8.96139705882353,11.465113417916184,4.478562654533279,4.71264424817176,4.54793215827455,4.707805960518131,0.25748336035212566,0.24958633501059319,0.25355346949546903,0.2502600574912703,0.5074281824575037,0.4995861637501515,0.5035409313009906,0.500259989896524,0.9710476169111758,0.9438810362300986,0.9589217639991297,0.9447570656080516
81.jpg,Normal,394.14407169117646,762.5230142252981,555.0348039215687,750.8689427143406,0.643470458714077,0.5919433069382181,0.6309367407684804,0.5927203820865552,7.612576593137255,11.648550557477893,9.023498774509806,11.5280123029604,4.4634971225798,4.695905749351115,4.53573703829896,4.692157783949344,0.25827932907039947,0.25040762584881077,0.2543968495768982,0.2509442734369605,0.508211893869476,0.5004074598253015,0.5043776854470251,0.5009433834645992,0.9708595332089778,0.9437159940355648,0.9589635772184886,0.9445762144068791
82.jpg,Normal,396.88984374999995,775.6921491733947,566.8361979166666,763.8237600922719,0.6443439882063349,0.591093559400078,0.6303771411812101,0.5917331079991733,7.624984681372549,11.756309111880045,9.144898897058821,11.630695886197612,4.464328544522851,4.699656275777665,4.542417331504049,4.696987629724568,0.2588308014185875,0.2511134495486533,0.2549516025940668,0.2513930045241816,0.5087541659962967,0.501112212531937,0.5049273240715606,0.501391069449967,0.9706603019612814,0.942751495970616,0.9580963705997577,0.9436274201640694
83.jpg,Normal,398.00454963235285,778.5909880815072,568.2624080882354,758.683537101115,0.6451128922241385,0.5927867696850887,0.630717917060855,0.5924576218764422,7.631020220588233,11.775701653210305,9.155055147058826,11.603583237216455,4.467089358568985,4.7036285122094315,4.546139580504286,4.700144224742356,0.25958999592723486,0.2518688748493947,0.2557505164170256,0.25208571748274755,0.5094997506645463,0.5018653951503278,0.5057178229181029,0.5020813853179059,0.9705522041548197,0.9424877693749547,0.9579541762432388,0.9439582743377237
84.jpg,Normal,395.0942248774511,768.7934486735868,561.1796415441177,748.1318877354861,0.6468199545699422,0.5937581443195102,0.6293480723240916,0.5931042039618386,7.570235906862746,11.73164167627835,9.10764399509804,11.44919646289888,4.4737861012063735,4.710378528806849,4.555297655600007,4.70350497535149,0.2598229477122307,0.2519510817786491,0.25593688460324016,0.2523872661876563,0.5097283077407323,0.5019472898409245,0.5059020504042656,0.5023815941967383,0.9707187715783492,0.9431168256808637,0.9584089782757875,0.9446455785267357
85.jpg,Normal,400.896875,779.9794079200308,566.3284773284314,753.2142252979623,0.6467460356301982,0.5944342262637741,0.6326855198367092,0.5961005163817725,7.631035539215686,11.761830065359478,9.081050857843138,11.469788542868129,4.46030607431387,4.696901321263371,4.53425725339181,4.683982122763493,0.2608321357442523,0.25278748867919815,0.25682732487861476,0.2534853724523486,0.5107172757448609,0.5027797616046197,0.5067813383290813,0.5034733085798577,0.9702710098841619,0.9422550234540116,0.9580023418944229,0.9442365563343242
86.jpg,Normal,404.05229779411764,784.0810611303345,565.4860140931371,756.3973394848134,0.6445974334165359,0.5937860564589073,0.6331300800100131,0.5959391853900652,7.682383578431374,11.750142252979625,9.052159926470587,11.48224529027297,4.475488020020622,4.704327370497101,4.540346067336285,4.694595703334093,0.26154984476748727,0.2535977105188745,0.25760952795161396,0.2541893309600114,0.5114194411317263,0.5035848593026546,0.5075524878784596,0.504171925993516,0.969994978640212,0.9418702824948115,0.9580061410477021,0.9439226811542392
87.jpg,Normal,405.08760723039205,792.3616455209534,572.2134037990196,766.693425605536,0.6459034551938123,0.5928289647201644,0.6321074175310806,0.59511814219345,7.6796109068627425,11.832064590542096,9.120235906862746,11.559953863898496,4.457252109108218,4.693005884077823,4.529392947834246,4.680072917650222,0.26175900445723244,0.25379779586741025,0.2578254620509164,0.2543902161665261,0.5116238896467135,0.5037834811378895,0.5077651642747033,0.5043711095676735,0.9699363423840122,0.9412920739654987,0.9575324025278698,0.9431938923646477
88.jpg,Normal,404.0496323529413,785.9615532487505,569.4203431372548,765.842245290273,0.6457800280694488,0.5938733855274643,0.6325267388797231,0.5934655272974185,7.66449142156863,11.797062668204537,9.096354166666666,11.573333333333334,4.467190215165278,4.703745516193732,4.539628728333659,4.693508884533348,0.26192358607285215,0.25395218938801667,0.2579784519147158,0.2544645584957491,0.511784706759446,0.5039366918453315,0.5079157921493639,0.5044448022288951,0.9700031653473612,0.9417467099843417,0.9577252894787224,0.9432378972778869
89.jpg,Normal,404.9446078431373,787.9534640522877,568.052144607843,761.4941945405614,0.6462361752787535,0.5939769457313453,0.6325218514821239,0.5949557578947214,7.632414215686274,11.812748942714341,9.116176470588234,11.531810841983853,4.460935664926861,4.698313370021356,4.536002019033308,4.688849485748911,0.262617641333111,0.2546341023718291,0.25861814575899306,0.2550568179718532,0.5124623316236141,0.5046128242245029,0.5085451265708807,0.5050315019598809,0.9699073241528077,0.9415420569295493,0.9577855984486894,0.9435050592404314
9.jpg,Normal,403.5806832107843,790.8413225682431,562.9821691176471,741.5230911188005,0.6220187976469393,0.5703195011323114,0.6143068489761632,0.5708468806934747,7.896277573529411,12.027420222991157,9.241636029411765,11.74488273740869,4.676437858921092,4.911637401715881,4.732262773469512,4.903706060447643,0.23282493899300302,0.22536379297525677,0.22916725366952456,0.2259624476493751,0.48251936644346516,0.4747249656119391,0.4787141669822657,0.475355075337768,0.9708998603742875,0.9430602417384792,0.9594058621614863,0.9466111034555902
90.jpg,Normal,402.1848039215686,789.1057900807382,570.3736213235294,761.3892195309496,0.6465059357135197,0.5946238799664926,0.6319924785414838,0.5956008753943157,7.637224264705882,11.828527489427143,9.129350490196078,11.500438292964246,4.463575637415843,4.702505315843789,4.542830591118895,4.688987749370774,0.26298871994751866,0.2550359306101918,0.25886078326714035,0.25544226473093706,0.5128242583454089,0.5050108222703666,0.5087836310919803,0.5054129645457633,0.9700917354062898,0.9414161090090393,0.9575836467675625,0.9434738109903743
91.jpg,Normal,403.8144607843137,799.0555632449059,577.7640931372547,765.504282968089,0.6470148072627528,0.5951189652970846,0.6346008301807083,0.5959646940975298,7.62984068627451,11.86482122260669,9.12377450980392,11.497762399077276,4.471850097012049,4.710839863207681,4.548313348704677,4.700647954375932,0.2627535197644084,0.2547710092279593,0.2586308083833066,0.25525546525520804,0.5125948885468996,0.5047484613428349,0.5085575762716613,0.5052281318921266,0.9699716892633244,0.9406796342635382,0.9570355993585795,0.9431704175187915
92.jpg,Normal,403.28789828431366,811.3889427143407,583.3555453431371,769.9255978469821,0.649004850823055,0.5952030789216811,0.6352356144474036,0.598524036365513,7.601501225490196,11.919907727797002,9.170557598039213,11.455963091118804,4.463934932415002,4.708439180160294,4.54400924410895,4.690987842067312,0.2632425702310258,0.25524994074824975,0.2591593241444094,0.2558471833726745,0.5130717008674576,0.5052226645235245,0.5090769334240252,0.5058133878938699,0.9699998061032865,0.9397418533904269,0.9566037577683577,0.9428211464179883
93.jpg,Normal,404.7391850490195,812.6185467128029,588.1518229166667,775.1075586312957,0.6460045008090693,0.5941734733376557,0.6331914668587111,0.5964333793815625,7.606862745098038,11.90734332948866,9.197319240196078,11.499407920030759,4.465337091837743,4.704325119025096,4.541875693353953,4.688940507932193,0.26362535264756926,0.2555718476361604,0.2595405231902617,0.25626058460051676,0.5134445954994261,0.5055411433663539,0.5094511980457616,0.5062218728981559,0.9699112775677573,0.9396897802688018,0.9562752013780148,0.9424737383050557
94.jpg,Normal,406.5639399509803,811.1011303344868,587.298606004902,776.8668512110727,0.6472181364396101,0.5941900516605667,0.6314602701343711,0.5951289111969805,7.62784926470588,11.967412533640909,9.27032781862745,11.559600153787006,4.467654915588375,4.709741765613279,4.549839359902004,4.696543370656002,0.2638915755152014,0.25587738522477027,0.25981338131386505,0.2563932335491585,0.5137037818774565,0.5058432417506141,0.5097189238333859,0.5063528745343098,0.9697294557037768,0.9397104587327271,0.9562719072096715,0.9422551093401244
95.jpg,Normal,406.8362898284314,809.7341484044598,584.3652267156865,772.5468512110727,0.6457349692908724,0.5950385289521951,0.6298969631044365,0.5948388306444683,7.645909926470588,11.950742022299117,9.281158088235298,11.545913110342177,4.477431563265398,4.716107573996619,4.562450094758288,4.704082879774893,0.2634154554203535,0.25542879142836994,0.25926301034401605,0.25594164797173063,0.5132401537490549,0.5053996353662812,0.5091787606960998,0.5059067581795391,0.9697246712373152,0.9398427834127205,0.9565124970143929,0.9426055226351756
96.jpg,Normal,407.65741421568634,802.9228758169937,584.2630208333333,774.3896039984622,0.6478075391756305,0.5955446370680412,0.630201577116185,0.595311179098053,7.626133578431374,11.880845828527493,9.281341911764706,11.549373317954633,4.465001094796742,4.704260229895066,4.554240859539437,4.692591585447744,0.26412872971502105,0.25614363008578783,0.2599492270100442,0.25665836175451384,0.5139345578135616,0.5061063426650448,0.5098521619156323,0.506614608706178,0.9696667363654196,0.9403550393621596,0.9565246746833606,0.9424746275888037
97.jpg,Normal,407.0513633578431,796.8751864667436,580.6223039215688,770.3672279892348,0.6473970809583162,0.5964248552459324,0.6305295380073215,0.5959384409483024,7.585922181372549,11.79769319492503,9.21326593137255,11.456839677047288,4.458654438705201,4.698603611274313,4.5482293566457335,4.686463500808822,0.2640997100912209,0.25605351362065965,0.25987446492747684,0.25655258171930134,0.5139063242374245,0.506017305653334,0.5097788392307755,0.5065101990279183,0.9696893578899863,0.9407604057760758,0.9567635519550896,0.9427310038453602
98.jpg,Normal,404.36199448529396,798.8208535178778,579.1851562499999,765.1015763168014,0.6466599166119942,0.5934488905306244,0.6332299682511409,0.5960681004918656,7.598759191176468,11.813271818531334,9.161780024509802,11.44476739715494,4.460336636058598,4.699656497352609,4.540711679856843,4.686747980109976,0.26448900515370416,0.2565015743360767,0.26047323482855134,0.25708167843054475,0.5142849454861615,0.5064598447419861,0.510365785323185,0.507032226224867,0.9698788865112973,0.9405944870960672,0.9568551684073201,0.9431020718042764
99.jpg,Normal,404.9284773284315,791.8356785851596,574.7076593137256,763.6189004229141,0.6474387425472863,0.5962467881772698,0.6339883588432244,0.5972076759358325,7.630683210784316,11.761276432141484,9.118596813725492,11.462468281430215,4.459818251721466,4.695800059941129,4.536223981090345,4.684863552690926,0.264548017889754,0.2565198240820932,0.26042811644897707,0.257143571994387,0.5143423158653719,0.5064778613938552,0.5103215814062512,0.507093257689734,0.9698023148098853,0.9410469620891595,0.9571399219192307,0.9431477322839212
Normal- (256).jpg,Normal,239.13517156862753,460.61556324490573,351.5620557598039,467.8418300653595,0.7707549703424925,0.7311475240232803,0.7555831064910813,0.732107147365655,4.700030637254903,7.347374086889657,5.9250765931372555,7.410888119953864,3.137535445569206,3.309008161430548,3.2091276921814735,3.3069732566801275,0.44618249537531407,0.4376379200558858,0.44100233888314433,0.43790217295834954,0.6679689329417305,0.6615420773132166,0.6640800696325289,0.6617417721123169,0.9779496955314181,0.9576209351854154,0.9675691569384017,0.9569560804684055
Normal- (257).jpg,Normal,240.10818014705882,462.4124721261053,350.5655484068627,467.08707420223004,0.7698535166722845,0.7318878003863332,0.7549011753834867,0.7302518875648342,4.671599264705883,7.308681276432141,5.907153799019608,7.393171856978087,3.1370749974205214,3.3078248749145747,3.2102073445586754,3.3111695439998012,0.4462277341356464,0.4377233784480311,0.44110497345240546,0.4379659401102792,0.668002795005864,0.6616066644525516,0.6641573408857313,0.6617899516540571,0.9778651518736711,0.957465887066501,0.9676688551345665,0.95703590287574
Normal- (258).jpg,Normal,235.77674632352947,458.98495963091125,347.31796874999986,461.35238754325263,0.77104105829073,0.730882098486139,0.7547317985909074,0.7308839315564065,4.6312193627450995,7.2786928104575175,5.86377144607843,7.3342099192618235,3.152045579816095,3.3236476428323756,3.2264070096561026,3.3260354319868597,0.446466334312524,0.4378789339148977,0.44134221471121354,0.4382446461531593,0.6681813633382212,0.6617242128824498,0.664335920082012,0.6620004880309072,0.9782216525277894,0.9576983466588322,0.9679054992767872,0.9574801562524655
Normal- (259).jpg,Normal,231.61807598039215,458.03229527104963,345.6889705882352,454.2181314878892,0.7716788565385374,0.731374953098695,0.7554396448938705,0.7322110690595668,4.581832107843137,7.234878892733565,5.8188419117647046,7.237216455209534,3.151467469174304,3.3253261695461838,3.2244540895743503,3.3231347566135456,0.4475097490814455,0.4389776727106851,0.4423994895761994,0.43924172789544597,0.6689616947788906,0.6625539017398396,0.6651311822311441,0.6627531425013735,0.9785771016340108,0.9577299400078875,0.9680133652380182,0.9580819346894822
Normal- (260).jpg,Normal,231.76519607843142,460.2142406766629,346.61888786764706,454.9946482122261,0.7705674802039951,0.7316907599875495,0.756262795515316,0.7323952600244586,4.581250000000001,7.253533256439831,5.822012867647058,7.2407381776239905,3.1460448585013094,3.3142158770865975,3.21594917879092,3.316135538456609,0.44787117623311207,0.4393211624015311,0.44274398340256754,0.43966819421921105,0.6692317806508535,0.6628130674643727,0.6653900986658635,0.6630748028836649,0.9785213415456786,0.9574447456278105,0.9678640278344305,0.9579273927634503
Normal- (261).jpg,Normal,230.72279411764706,457.07900038446746,346.40588235294115,457.39112648981165,0.7706279515366533,0.7328329086348279,0.7562156826305223,0.7311454580498005,4.567126225490195,7.240199923106496,5.858333333333333,7.28402921953095,3.144718437740739,3.3160202532906053,3.2212152043893933,3.3191832519444255,0.44854893761751774,0.4399738525433315,0.44343339227062617,0.4403383784753774,0.669737961905638,0.6633052483912151,0.6659079457932802,0.6635799714242266,0.9786081787020889,0.9577155242769029,0.967869105753564,0.9576866494243875
Normal- (262).jpg,Normal,228.16326593137268,452.6390926566705,344.3120557598039,451.87378700499795,0.770767273054406,0.7327732571921135,0.7574935117969289,0.732347675133087,4.542034313725492,7.188358323721646,5.8100949754901965,7.229050365244135,3.1492395483499602,3.3211274987996577,3.2215166243138107,3.3221403129501472,0.44891632960054445,0.4403604536805336,0.44380164815571976,0.4407046928539151,0.6700121861582403,0.6635966046330659,0.6661843950106605,0.6638559277839696,0.978825766149312,0.9580874709746316,0.9680336597540505,0.9581583351484497
Normal- (263).jpg,Normal,227.80986519607848,454.4391541714727,344.73924632352947,450.97110342176086,0.7705101418164806,0.7332171084592938,0.7571984404496065,0.7327586891646298,4.548192401960785,7.210488273740871,5.8147977941176485,7.21131872356786,3.147779797429396,3.3183106159961615,3.2189154313570914,3.318498368422344,0.4495719178114337,0.4410139892074161,0.4444755965441477,0.4413802143055321,0.6705012437061051,0.6640888413513782,0.6666900303320484,0.6643645191500913,0.9788525981770743,0.9579089141916376,0.967984938308387,0.9582301321596622
Normal- (264).jpg,Normal,228.39724264705882,455.1042060745867,344.99606311274516,452.35803152633594,0.77075650687082,0.733580514123012,0.757177363013989,0.7333486855992415,4.534191176470588,7.190726643598616,5.806632965686275,7.200353710111493,3.1464198100413663,3.315461234946283,3.2155918552463714,3.3136000006843926,0.4494701877404799,0.4409128655896551,0.4444150858537732,0.44134069465193976,0.6704253782043755,0.6640126998707593,0.6666446473600258,0.6643347760368561,0.9787783239050338,0.9578079386778152,0.9679311504957469,0.9580625326002502
Normal- (265).jpg,Normal,229.9451899509804,458.13284121491756,345.8441789215685,452.78089965397925,0.7715774134967227,0.731911050038094,0.7569431690846283,0.7327052988553894,4.527297794117647,7.216547481737797,5.813909313725489,7.197385620915034,3.1500197005501933,3.3219222945062694,3.223865362523994,3.3200971828667876,0.4497931410376266,0.4412115472696234,0.44469351211541963,0.441620302722713,0.6706661919596265,0.6642375683967472,0.6668534412563375,0.6645451848615811,0.9786100537228122,0.9574782120573984,0.9678151978568419,0.9579749547129388
Normal- (266).jpg,Normal,230.16243872549023,456.5137101114957,345.3019301470588,452.3642906574396,0.7692990537736558,0.7313103355523067,0.7559518171447777,0.7323885556984974,4.538511029411766,7.217623990772782,5.811213235294117,7.186189926951174,3.1583034237452767,3.3273441110180695,3.2289208660878463,3.3282549510246353,0.45002965062547307,0.44153270928683436,0.44499488898031253,0.4419216696739684,0.6708424931572784,0.6644792767926133,0.667079372324098,0.6647718929632693,0.9785751160621194,0.9575996052173416,0.9678437161850515,0.9579849978552273
Normal- (267).jpg,Normal,229.53265931372553,457.44867358708194,346.7719362745098,454.3367627835449,0.7693559175122868,0.7321044915882762,0.7566592705223646,0.7317515554680507,4.5227328431372555,7.194617454825067,5.811121323529413,7.200184544405999,3.1597886272447813,3.3287579561773786,3.2290744898207135,3.32922065732699,0.4503670682690777,0.44188873974328324,0.4453290151605602,0.44235830959050576,0.6710939340130245,0.6647471246596582,0.6673297649292741,0.6651002252221132,0.9786124210129404,0.9574704074485654,0.9676746374604226,0.957759725805296
Normal- (268).jpg,Normal,228.87101715686276,458.49116493656277,349.29708946078426,455.40496732026133,0.7686594519057551,0.730583038828178,0.7555194564800177,0.7320230550914578,4.5405637254901965,7.221653210303728,5.835508578431371,7.19108035371011,3.173608927567191,3.342619544864491,3.2432184290374577,3.3422638317412785,0.4504281219634951,0.4418106296620008,0.445328864977938,0.4423640229462506,0.6711394206597427,0.6646883703375596,0.6673296524042207,0.6651045203171082,0.9786579873014931,0.9573409577563594,0.9674143742088289,0.9576281044770688
Normal- (269).jpg,Normal,230.4662683823529,460.7953248750481,348.2280024509804,452.242060745867,0.7678998296599076,0.7294847657950376,0.7530212284908072,0.7305737953293554,4.557628676470588,7.244659746251442,5.8279105392156865,7.174686658977317,3.1803176352477216,3.3514097573629025,3.2522165868979855,3.3475461097078014,0.4502797569031442,0.4415404089250268,0.4450154753805627,0.4421541879391315,0.6710288793361611,0.6644850705057465,0.6670948023936049,0.664946755717427,0.9785180564590549,0.9571438365332926,0.9675272210502417,0.9579393309011958
Normal- (270).jpg,Normal,234.55196078431376,464.71757016532104,351.60193014705885,456.09417916186084,0.7678201719054991,0.7290152482264559,0.7544049931457094,0.7309482001576482,4.590257352941178,7.276955017301036,5.856188725490197,7.210088427527875,3.182578484414958,3.3537472304873965,3.2510893155337497,3.3499213072075045,0.44998967072084656,0.44117099870351223,0.4446684966184507,0.4418054926675497,0.6708126942156406,0.6642070450571209,0.6668346846246457,0.6646845061136522,0.9781362277403667,0.956776669178252,0.9672108037795145,0.9575787298406346
Normal- (271).jpg,Normal,237.924080882353,467.1954940407536,352.6542738970588,458.50397539407925,0.7663747468884526,0.7287662936301034,0.7535074092707373,0.7294372380802338,4.609803921568628,7.2825067281814695,5.862239583333333,7.2263437139561715,3.1748433027540854,3.3449417273482904,3.243297644080365,3.341175152086634,0.45028000470447077,0.44145971917168464,0.44499556128220663,0.44213314554881655,0.6710290639789537,0.66442435172989,0.6670798762383757,0.6649309329162064,0.977831608884207,0.9565652664867468,0.9671271140789225,0.9573733089466145
Normal- (273).jpg,Normal,239.5519301470588,469.4021683967703,356.85471813725485,460.61877739331027,0.7668055209659254,0.7294409691695855,0.7543281474209101,0.7309162569733567,4.650030637254901,7.325643983083429,5.894852941176469,7.235647827758555,3.174296804947261,3.3444108890394935,3.243613397032557,3.3405875047942404,0.4502438455396137,0.4415262786131555,0.4450037754503224,0.4421806629544341,0.6710021203689402,0.6644744378929528,0.6670860330199714,0.6649666630399107,0.9776687302318597,0.9563380517421333,0.9667186780266523,0.9571550483163744
Normal- (274).jpg,Normal,237.45208333333338,468.8627758554403,357.9540441176472,461.682183775471,0.7670819909867381,0.7299943549048544,0.7550921926914215,0.731976258791511,4.636642156862747,7.3305651672433685,5.912591911764709,7.2406305267204925,3.1676269821178407,3.337031271067308,3.234795048123747,3.3302224731396888,0.4502574263898652,0.4415983758058334,0.4450964732098611,0.44219232345055237,0.6710122401192583,0.6645286869698203,0.6671555090155976,0.6649754307119567,0.9778598197405699,0.9563788212030793,0.966609003973462,0.9570468757109607
Normal- (275).jpg,Normal,237.49770220588232,473.54894271434057,358.9672181372549,460.876093810073,0.7675498634185525,0.73010320444307,0.7542775844275414,0.7307905906592789,4.635784313725489,7.360953479430987,5.923927696078433,7.255271049596307,3.1630515331304894,3.3352138128496733,3.234721174541477,3.3305119120586673,0.45019198536827,0.4414697936691016,0.4448652520449243,0.44200193241856356,0.67096347543534,0.664431933059438,0.6669821976971532,0.6648322588582504,0.9778727612613752,0.9559769580430285,0.9665404139417069,0.957155077786743
Normal- (276).jpg,Normal,240.68474264705875,478.2233756247597,360.18632046568615,461.6592848904268,0.7694308568610205,0.7322384232978479,0.7558242386827942,0.7307727710662818,4.657077205882352,7.389911572472127,5.939659926470586,7.26965013456363,3.159724708779806,3.327915192192256,3.2291673446739857,3.3262474265145228,0.4502373044997716,0.4416363379595077,0.4450320807680262,0.44212403043161635,0.6709972462683969,0.6645572495726065,0.6671072483252046,0.6649240786974226,0.9776082475749504,0.9556069046968599,0.9664754883414409,0.9571445360550478
Normal- (277).jpg,Normal,242.11412377450992,476.9793617839292,358.3869332107844,459.8173164167629,0.7684231125834319,0.731692871011781,0.7558106680570632,0.7326492110582735,4.658272058823531,7.38166858900423,5.917141544117648,7.221237985390235,3.154945163105179,3.3248731059355086,3.2258289809350864,3.3214563973998406,0.45046161937603657,0.44194429699871446,0.4453017740275301,0.44239352379921904,0.6711643758246086,0.6647889116093276,0.6673093540686584,0.6651266975540968,0.9774608262370205,0.9556948141580658,0.9666222084716037,0.9572889452051119
Normal- (278).jpg,Normal,242.26424632352942,475.6977316416763,357.2714001225491,458.5784698193003,0.7673866416042211,0.730699165857605,0.7556352782351395,0.7316314228770215,4.669332107843137,7.380530565167244,5.912699142156864,7.2079200307574025,3.1660998551619346,3.3330948905966817,3.234838160889069,3.329963140237309,0.45012408487157873,0.44166973096586476,0.44502929933893376,0.442079462117977,0.6709128742777103,0.6645823733487556,0.6671051636278449,0.6648905640163477,0.9774355985079473,0.9557919639467339,0.9667096650405418,0.9573829089807516
Normal- (279).jpg,Normal,239.55735294117648,471.7254133025759,355.4347886029411,458.0765090349865,0.767070604588123,0.7307168685194235,0.7545190764210883,0.7299301595390548,4.643321078431372,7.320123029603998,5.888066789215685,7.225913110342175,3.175667982288097,3.339204245010293,3.2415849721141163,3.3402440538825413,0.4493190535707044,0.44091167656363783,0.44426667855455965,0.44135676359061593,0.6703126535958458,0.6640118045363635,0.666533328915036,0.6643468699336333,0.977703146930062,0.9561913679472704,0.9669037461497166,0.9574589270147278
Normal- (280).jpg,Normal,244.58979779411763,478.8590542099192,359.5428002450982,463.54688196847366,0.766892950122499,0.7307203995481446,0.7553652627761056,0.7297798279365197,4.675520833333334,7.369842368319876,5.915808823529415,7.275263360246059,3.179472868879098,3.3495452196720503,3.2474971150148013,3.3462229331678426,0.4494263652726715,0.44102228188046433,0.44435559839984207,0.44144757478750446,0.670392694823468,0.6640950849693621,0.6666000288027613,0.6644152126400361,0.9772412464601691,0.955541338629836,0.9665306176655414,0.9569629650448302
Normal- (281).jpg,Normal,246.2863664215687,479.0157785467128,362.2883425245098,470.27357170319107,0.7657150015066665,0.7295939482547842,0.7558428475759122,0.730741512964974,4.672671568627452,7.35604767397155,5.915027573529412,7.314248366013073,3.181174107934332,3.3474925841011034,3.246512195622178,3.3475357459822837,0.4499777444607018,0.44155214628508455,0.44488896341701506,0.4419400367261815,0.6708038047452488,0.6644939023686256,0.6669999725764725,0.6647857073720685,0.9770620972675645,0.9554851795048913,0.966243374481548,0.9562975906733732
Normal- (282).jpg,Normal,249.1001225490196,481.28083044982696,364.2260723039215,475.6525951557093,0.7675254374482327,0.7307662154840863,0.7553111160421262,0.7317480689625333,4.71859681372549,7.39672433679354,5.950091911764704,7.364859669357937,3.1832917928594195,3.3520034793042264,3.2490118605173075,3.349094975499577,0.4510076167463385,0.4425134229123421,0.44595076194683975,0.4430239387713682,0.671571006481324,0.6652168239847381,0.6677954491809897,0.6656004347740229,0.9767491709418737,0.9551763357054605,0.9659880763168076,0.955700516419574
Normal- (283).jpg,Normal,253.7555759803922,482.7593387158786,365.56623774509814,479.51941560938116,0.76686831455327,0.7309652329678444,0.7551710844521956,0.7313002433181605,4.776991421568628,7.432249134948098,5.951378676470589,7.375470972702809,3.185573736620036,3.352264505915728,3.248985869340211,3.346653483714933,0.45135379038880047,0.4428798931472989,0.44633864564466647,0.4433917382794688,0.6718286912515723,0.6654922186977839,0.668085807097162,0.6658766689706652,0.9762871687954588,0.9549865707181434,0.9658233590208931,0.9552886675144913
Normal- (284).jpg,Normal,253.76997549019612,483.2772164552096,364.2510569852941,479.06462129950023,0.7668064695418108,0.7293255857489327,0.7527564759897142,0.7310789242509113,4.781985294117648,7.4484736639753955,5.965640318627451,7.373425605536333,3.188184121760803,3.354124454069244,3.254161568828386,3.350177196446092,0.4515200443113828,0.4429822533284673,0.44639635519447896,0.4434737062209977,0.6719524122371932,0.6655691198729605,0.6681289959240498,0.665938215017728,0.9762613009576426,0.954891731419929,0.9659110515002548,0.9552849278447403
Normal- (285).jpg,Normal,254.20070465686274,486.708958093041,363.9263480392156,479.3021145713187,0.7678078014681831,0.7314922604540591,0.7555884051236095,0.733740524992024,4.756433823529411,7.430618992695116,5.927634803921567,7.335148019992311,3.1804700614510883,3.346079616917436,3.2459312970839824,3.3417569796763793,0.4521601225293081,0.4435973857391672,0.4469940008378311,0.44407008371222073,0.6724285259633979,0.666031069650033,0.6685760995113653,0.6663858369685094,0.9761945471658738,0.9545210933429882,0.9659036747900643,0.9552132013051413
Normal- (286).jpg,Normal,255.29117647058823,491.9982622068436,366.86999080882356,481.5177393310266,0.7674603788128027,0.7319186294475856,0.756331409239091,0.7318016870980979,4.760079656862746,7.443798539023454,5.939292279411765,7.348450595924645,3.1788311799391273,3.3435316348167197,3.2424153025399822,3.3389153379693486,0.45304261532805123,0.4445191966358427,0.4479128827685717,0.4449276784533084,0.6730844043120084,0.6667227284530225,0.6692629399336046,0.6670289937126485,0.9760799594811677,0.9540033908064269,0.9656102241208796,0.9549832083218405
Normal- (287).jpg,Normal,255.6461703431372,498.9323952326029,372.531387867647,482.93639369473294,0.7683261974832449,0.731793173477479,0.755391299605456,0.7324555294358109,4.7763174019607835,7.513341022683584,5.998330269607843,7.362414455978472,3.181119414205611,3.3489639819675854,3.2482003471829066,3.34291948639681,0.45316606344877847,0.44462162812309636,0.4479956031221465,0.44507210177495105,0.6731761013648497,0.6667995411839276,0.669324736672825,0.6671372435825713,0.9760419694996967,0.9533460091111902,0.9650726976991681,0.9548417574673522
Normal- (288).jpg,Normal,256.26004901960783,502.87844675124967,376.2908241421568,483.9565551710882,0.7672816126606101,0.7305004446723913,0.7558685236686782,0.7322171210632078,4.794056372549019,7.574148404459825,6.048697916666665,7.384805843906191,3.1822749041996836,3.352074124796955,3.247685855513085,3.344154352584744,0.4532612674981526,0.444798993910159,0.44817224933018524,0.4452104958891837,0.6732468102398649,0.6669325257551614,0.6694566821910027,0.6672409578924121,0.9759675244485259,0.9529440872126607,0.9646954555111512,0.95471466792798
Normal- (290).jpg,Normal,252.4056678921569,504.5504652056903,373.403125,475.30297577854685,0.7693761106297704,0.7316639744489369,0.7557429975849653,0.7332767148522752,4.738357843137256,7.578162245290276,6.011734068627451,7.303098808150714,3.176295006033328,3.3487947191046996,3.245486350080899,3.3398026059099877,0.4540935635154223,0.4455597042571242,0.44893182316728386,0.44597309472401503,0.6738646477709171,0.6675025874535051,0.6700237482114226,0.6678121702425129,0.9762828332403822,0.9526955149697831,0.9648980107862659,0.9554376339869834
Normal- (291).jpg,Normal,250.8679227941177,500.5293963860052,371.0153799019608,473.3767320261438,0.7698313075198343,0.7316086185260046,0.7570811896816365,0.7332695904918282,4.726102941176472,7.553064206074584,5.9759497549019605,7.280615148019992,3.184677512247617,3.359159625571866,3.2527674905839596,3.3482858109144944,0.4539633438010621,0.44543254540404603,0.448805796715994,0.4458654114194095,0.6737680192774529,0.6674073309486839,0.6699296953531721,0.6677315414291956,0.976412422746786,0.9530429809437955,0.965100460429611,0.9555903002161069
Normal- (292).jpg,Normal,251.15294117647056,495.10485198000765,364.68147977941186,469.0506574394464,0.7689926662941866,0.7309939382849576,0.7563409657120813,0.733350611010771,4.722058823529412,7.505682429834678,5.922625612745099,7.228158400615149,3.184439088128883,3.3551207533575624,3.248762695920672,3.345245016564807,0.4546201816956294,0.44602311742104916,0.44943518028860596,0.4464994349761374,0.6742552793235136,0.6678496218618748,0.6703992693079296,0.668206132100071,0.9763812479211997,0.9535435734404631,0.9656900918826107,0.9559882773661081
Normal- (293).jpg,Normal,253.35150122549027,497.7992772010766,362.98817401960787,465.7604921184161,0.7676312229212674,0.7300434151736008,0.7539738852790325,0.7326289108243957,4.7527879901960794,7.511049596309115,5.909283088235293,7.223898500576701,3.1946015496331985,3.3672029944441735,3.260781981836438,3.353170620104316,0.45487619015034786,0.44630444204096836,0.4496323237259631,0.446718603748802,0.6744450979511586,0.6680602083951478,0.6705462875342485,0.6683701098559106,0.9761198216125937,0.9531837668454417,0.9657711280602296,0.9561968994495151
Normal- (294).jpg,Normal,249.4166053921569,494.4614686658978,359.60222120098035,460.1486351403305,0.7681834202631,0.7301720614411951,0.7527565021390118,0.7321845968012116,4.727267156862746,7.473725490196081,5.893734681372548,7.17094963475586,3.1916835830405654,3.365054584483114,3.26150693563741,3.352313194945455,0.455064001263036,0.4465125452444062,0.44985821563708966,0.44690362873179923,0.6745843173859262,0.6682159420759177,0.6707147050997836,0.6685085105904032,0.9765090929874051,0.9535341125317691,0.9661169748962511,0.956758582712665
Normal- (295).jpg,Normal,251.24301470588236,501.98354479046526,361.7795343137255,461.9492502883507,0.7676318342275954,0.7300014896669305,0.7558314904795704,0.7329227643718856,4.786611519607843,7.571487889273357,5.908149509803922,7.2196847366397545,3.190322750777907,3.362915494171511,3.2526085307361576,3.3490993319537647,0.45531761911546936,0.446701493008116,0.45003287380266893,0.4470728987357508,0.6747722720410712,0.66835730938482,0.6708448954882708,0.6686351013338672,0.9763297333365281,0.9528124093477613,0.9659010363810759,0.9565757237444623
Normal- (296).jpg,Normal,253.28970588235302,506.0164244521336,363.0972120098038,462.31335640138406,0.7682879601524161,0.7324459658247064,0.7556307017269522,0.734923449720306,4.791636029411766,7.571949250288348,5.920098039215684,7.204705882352941,3.1851218013858302,3.3583158529128507,3.252492984207086,3.3412933004255834,0.4558447749025316,0.44712353409750843,0.45049332656478985,0.44763880381381105,0.6751627765972674,0.6686729649817678,0.671187996439738,0.6690581468107321,0.9761147400370057,0.9523889925044944,0.965744908769173,0.9565010074510321
Normal- (297).jpg,Normal,255.2028799019608,505.88565936178395,364.56162683823527,467.1133717800847,0.7682262724988058,0.7313728141114942,0.7553582815089868,0.7341875488168725,4.824295343137257,7.583775470972703,5.935401348039216,7.242153018069976,3.174243755919901,3.3459393935321002,3.240610993297252,3.329772693231541,0.4563670310988788,0.447578786676109,0.4509513354567278,0.4480955112494072,0.6755494290567337,0.6690132933478296,0.6715291024644634,0.6693993660360064,0.9759442645634564,0.9524208173902214,0.9656207979236698,0.9560673998084219
Normal- (298).jpg,Normal,255.8502144607844,505.6199461745483,367.7369944852941,470.96868896578235,0.7689814997625002,0.7315290221269197,0.7546181532722103,0.73451756465432,4.842034313725492,7.613917723952326,5.998789828431372,7.289642445213381,3.1680210098839576,3.3384547558289004,3.237052364730083,3.3243363570828732,0.45703503859130234,0.44834286922147637,0.4516723015655787,0.4487378825847154,0.6760436661868096,0.6695841016791516,0.6720656973582112,0.6698790059292166,0.9758687212978931,0.9524170676094105,0.9653003167848945,0.9556780315834157
Normal- (299).jpg,Normal,257.0158088235295,506.130088427528,367.5618106617648,469.63132641291816,0.7699707333002034,0.733081492539801,0.7571213932323818,0.7361713390553359,4.832230392156863,7.591434063821609,5.968795955882354,7.255655517108805,3.167604661381532,3.335819228079892,3.2336261012310867,3.321792202501352,0.4571828288511329,0.44851179794953633,0.45178350288012736,0.44886660934390554,0.6761529626135886,0.6697102343174519,0.6721484232519833,0.6699750811365341,0.9757344049188547,0.9523208372879207,0.9652817380379644,0.9557591438669479
Normal- (300).jpg,Normal,256.2308210784314,503.2622837370243,366.280024509804,472.3386389850058,0.7691275708805243,0.7326117309799584,0.7552598473473714,0.7354609771101739,4.822273284313727,7.584006151480201,5.980790441176472,7.279169550173011,3.1660195515826333,3.3360349735846113,3.235186277031067,3.3229371775317675,0.4576556315526557,0.4488600288446714,0.452106512261097,0.4492969328184041,0.6765024992952027,0.6699701701155593,0.6723886616095612,0.6702961530684807,0.9758149940632895,0.9526036351244599,0.9654119986797273,0.9555159700983122
Normal- (301).jpg,Normal,256.21069240196084,504.7114494425221,369.5640931372548,476.7957554786622,0.770378179329451,0.7315199348040395,0.7552723516321465,0.7335833765094957,4.828799019607844,7.605382545174933,6.012561274509803,7.356462898885047,3.1640787525340732,3.3371129622854365,3.2321823154506926,3.322720901126167,0.45810912170762164,0.449328799425176,0.4526162365389436,0.4498256312561889,0.6768375888701968,0.6703199231897975,0.6727675947449785,0.6706904138693119,0.9757887589210245,0.9524114999532475,0.9650609487641262,0.9550436296681004
Normal- (302).jpg,Normal,259.76302083333337,507.486336024606,368.498881740196,477.37007304882735,0.7704739184286933,0.733877672331899,0.7581545555919187,0.7354209484982868,4.840502450980392,7.567074202229913,5.951118259803921,7.318954248366012,3.1619596123654357,3.330274562332873,3.2260507076804767,3.318455991159846,0.45816997335948006,0.4495375465119218,0.4527664675010435,0.44995219683790605,0.6768825402974138,0.6704756121679012,0.6728792369370922,0.6707847619303126,0.9754356071879315,0.9521152345317234,0.9651364361254081,0.9549569074734479
Normal- (303).jpg,Normal,267.1091605392157,511.8499653979239,370.5030943627452,486.53311803152644,0.7700004965986974,0.7344353377560502,0.7567357942408932,0.734796395066663,4.919638480392157,7.607781622452904,6.003063725490197,7.429081122645138,3.164538540250396,3.332396614586741,3.2299403754849814,3.323483307929779,0.458459185901306,0.44982665922268983,0.45307343749530693,0.4502183585676168,0.6770961422880107,0.6706911802183549,0.6731073001352065,0.6709831283777684,0.9747491089112288,0.9517190282947128,0.9649580869256001,0.954107075718754
Normal- (304).jpg,Normal,266.0943933823529,508.2542252979622,368.5798253676469,486.3917108804304,0.7676918092251401,0.7333831331451968,0.7567095554948735,0.7352056755732761,4.930238970588235,7.58940407535563,6.000260416666664,7.431557093425603,3.1683718093728475,3.3313955649627367,3.2325999571140827,3.324257664057215,0.45835308598537067,0.4497223820548716,0.4529061571683662,0.450114626897264,0.677017788529497,0.670613437126689,0.672983028885845,0.6709058256545877,0.9748192010947783,0.9520083580326836,0.965103760374746,0.9540727146326042
Normal- (305).jpg,Normal,269.18140318627457,512.4472433679355,371.8344669117647,492.4359861591697,0.770170265248199,0.7343224566461096,0.7567865365034281,0.7348050664527023,4.933639705882354,7.606643598615918,6.024448529411764,7.494686658977319,3.161041742639384,3.3248725975837377,3.2251371464277714,3.3208966976585272,0.4589730678911808,0.45044007366521704,0.4536010315105667,0.45080886980298157,0.6774755109162107,0.671148324638613,0.673499095404416,0.6714230185233312,0.9744998162701228,0.9515608164739098,0.9647579457171183,0.953452384773024
Normal- (307).jpg,Normal,278.3851715686275,520.2913648596693,379.48756127450974,509.1135101883891,0.7697305800453484,0.7343161692372285,0.7561876954696211,0.7343144303463495,5.010171568627452,7.629158016147634,6.06780024509804,7.606151480199924,3.168812673213715,3.3296217273481874,3.233536269812177,3.3298341077416733,0.4597067795767779,0.4511085348683653,0.4543085397311882,0.4514564181019898,0.6780167988898047,0.6716461381325477,0.6740241388342024,0.6719050662868898,0.9736120487285461,0.9507891034125048,0.9640103842071653,0.951846342274131
Normal- (308).jpg,Normal,280.8197916666667,523.5525259515571,384.7081341911764,514.0041983852366,0.7678490718639779,0.7342921944757161,0.7557421778122594,0.7327444744733683,5.0166973039215685,7.594940407535562,6.077374387254901,7.64412149173395,3.1749955668176746,3.3315829413585263,3.2357392664070224,3.336894269108316,0.45990184920331884,0.4512650510162224,0.45450596182770725,0.45167575514755587,0.6781606367250452,0.6717626448502644,0.6741705732436764,0.6720682667315545,0.9733394209558093,0.9504027498085362,0.9634578501356189,0.9513072832941806
Normal- (309).jpg,Normal,280.9880514705883,527.5228143021915,388.40056678921576,517.162183775471,0.7687229768398613,0.7354628624154275,0.7568782408187481,0.7331935152049294,5.006035539215688,7.607089580930412,6.085799632352943,7.64409073433295,3.1695593952725982,3.3291820048636374,3.232873997213005,3.3337427351314917,0.46012776270319716,0.45153261533544975,0.4547542005610074,0.45192227802248597,0.6783271796877943,0.6719617662750238,0.6743546548819896,0.6722516478391749,0.9732937922663653,0.9499709088309098,0.9630659752658609,0.9509534880012084
Normal- (310).jpg,Normal,280.1340992647059,528.1302114571317,389.69823835784314,521.0081814686658,0.7678675513075763,0.7347349408966238,0.756035720550379,0.731514366798326,5.020251225490195,7.628958093041137,6.104825367647059,7.6988696655132625,3.182434117550183,3.3373596687883147,3.240389912296606,3.344636571694233,0.4599350922440438,0.451362131354264,0.4545834288400946,0.45175026066483454,0.678185145991892,0.6718348988808664,0.6742280243657146,0.6721236944676438,0.9733815171685904,0.9499252639344503,0.9629514007272654,0.9506005401526756
Normal- (311).jpg,Normal,282.8674632352941,531.6849673202613,389.7701133578431,522.922737408689,0.7660504006664777,0.7340918233143225,0.7564843960941752,0.7324331332001799,5.072671568627451,7.687458669742405,6.1208792892156865,7.725505574778932,3.1811499611586056,3.3345372716355657,3.2343044103713234,3.338676123350364,0.46009528547651435,0.45156441252817164,0.4547650619324975,0.45189353599397863,0.6783032400604573,0.6719854258301825,0.6743627079936267,0.6722302700667224,0.9730938960195458,0.9495354461465301,0.9629057702903026,0.9503671078455203
Normal- (312).jpg,Normal,282.5810355392157,531.808335255671,389.3235140931373,520.8149019607844,0.767151427601634,0.7339202253948789,0.7552304333682978,0.7319854615745567,5.056924019607843,7.6940715109573246,6.112055759803921,7.694901960784314,3.1779103821822217,3.334465067930601,3.2357575351271057,3.337551419625159,0.4603274725034391,0.4517724952739764,0.45503167785621035,0.4521625362498468,0.6784743712944794,0.6721402348275071,0.6745603589421857,0.6724303207395148,0.9731296850739172,0.9495394393290778,0.9629597773563161,0.9505825497336776
Normal- (313).jpg,Normal,281.752787990196,533.1348404459825,390.71233149509806,520.9714263744715,0.768393490507638,0.7333402810601382,0.7569689898137953,0.734064091175774,5.057352941176469,7.714186851211076,6.115854779411764,7.678477508650521,3.166339602797035,3.326243465711448,3.2245702517115724,3.3241267121950653,0.4608098538056649,0.45228953073234646,0.4555317470340807,0.45266275612505835,0.6788297679136243,0.6725247435837186,0.6749309201941194,0.6728021671524687,0.973178537408549,0.9493570665010046,0.9627860411718056,0.9505124795845482
Normal- (314).jpg,Normal,284.832506127451,536.4302037677814,394.4910539215686,525.3103267973856,0.7679735071899675,0.7351589005858883,0.7565816331941385,0.7341621566963771,5.075643382352942,7.703098808150708,6.128952205882353,7.693317954632832,3.1595554048815178,3.3143887189898917,3.2167391571973765,3.3140983193621,0.46145781672857944,0.45289508104785015,0.4561141974813248,0.45324642280399347,0.6793068649208394,0.6729747997123297,0.6753622712895093,0.6732357854451837,0.972868550882641,0.9490124960964762,0.9624028070516936,0.9500694365268479
Normal- (315).jpg,Normal,284.8886642156863,539.1922337562476,397.1608915441176,525.1494502114571,0.7664157658366647,0.7339476709698323,0.7563767167287847,0.7343477196454301,5.083149509803921,7.706989619377163,6.137055759803921,7.670603613994617,3.166203763352689,3.3201097567376845,3.221123865225655,3.3179574765966544,0.4615996164617424,0.45310264265614575,0.4563426934183215,0.45345474477402803,0.6794112278007646,0.6731289940688528,0.6755314155672714,0.6733904846179726,0.97283321666431,0.9486934913012753,0.9621066514423006,0.950029723819084
Normal- (316).jpg,Normal,288.95628063725496,542.1500499807769,398.65356924019613,531.8144559784697,0.7685071830055256,0.7343946991323562,0.7576080770318233,0.7343337414841739,5.120680147058825,7.7311034217608645,6.146553308823531,7.7398385236447504,3.161796657413774,3.316924214379749,3.218301509037723,3.3188716911810703,0.46164972078703964,0.4530651786990515,0.4563285971366182,0.45341604590905704,0.6794481001423432,0.6731011652783343,0.6755209820106391,0.6733617496628814,0.9724395223901959,0.9484013766025631,0.9619562889610653,0.9493850570846232
Normal- (317).jpg,Normal,292.17714460784316,546.1784544405998,399.75049019607854,533.9394079200307,0.769457191865723,0.7363455706181035,0.7598391524503937,0.7358715838510373,5.139920343137255,7.747081891580162,6.122457107843139,7.739853902345251,3.150367358325597,3.304285330006054,3.2042918389193984,3.305754703361556,0.4621842324719983,0.45363721302589544,0.4569047381537827,0.4539463141449898,0.679841328893734,0.6735259557180372,0.6759472894788341,0.6737553815332311,0.9721345923671391,0.9480222581753961,0.9618547371091319,0.9491870020334765
Normal- (318).jpg,Normal,293.2797794117647,546.8565013456365,399.5531862745098,533.0157939254133,0.7695480474092529,0.7368246205041671,0.7613745296712147,0.736218196067719,5.127542892156862,7.7630142252979635,6.11017156862745,7.695378700499807,3.1422415897979548,3.29707212387824,3.192009269274158,3.2958782698322633,0.4624020512458775,0.4539356956873862,0.45728587524930325,0.45424514162993823,0.6800015082673548,0.6737475014331304,0.6762291588280582,0.6739771076453104,0.972018413195155,0.9479370825922125,0.9618583925073574,0.9492547730750198
Normal- (319).jpg,Normal,298.34837622549026,551.5159092656671,406.23302696078423,541.3492349096501,0.770825098339563,0.7392933980602071,0.7606855607757984,0.7383619138495728,5.161427696078433,7.775624759707805,6.163664215686273,7.718877354863514,3.140074271029304,3.29280155862531,3.1939759825612133,3.2920071279758503,0.46248920550670874,0.4540832090576466,0.45732750117893334,0.4543309476835942,0.6800655891211588,0.6738569648357481,0.6762599361036652,0.6740407611440085,0.9715414725173471,0.9475056290690628,0.9612296995689072,0.9484733131663166
Normal- (320).jpg,Normal,302.2926164215686,555.5871587850827,407.33524816176464,545.0406920415226,0.7712453257966174,0.739008270623628,0.7620896608263134,0.7390730873388971,5.204932598039215,7.812026143790851,6.1677236519607845,7.754294502114572,3.1412047618093286,3.2930431119782284,3.189769549994386,3.2893454051927047,0.46225336869007705,0.4538904688271642,0.45707643607908477,0.4542032935902422,0.6798921743115426,0.6737139369399777,0.6760742829594133,0.6739460613359516,0.9711626693082047,0.9471133359847083,0.9611210323085143,0.9481172602734462
Normal- (321).jpg,Normal,304.8090992647059,561.6114878892733,411.70387561274515,550.4998846597464,0.7698684014292776,0.7380344781563501,0.7599592447106254,0.7359549602876975,5.22735906862745,7.87849288735102,6.2328584558823525,7.831987697039603,3.148533377716371,3.302009442501208,3.2020657532783803,3.3023393698099968,0.46189496255571766,0.453494311255497,0.4567181381231452,0.4538235789890057,0.6796285474843723,0.6734198625341378,0.6758092468464346,0.6736642924996141,0.970946888130048,0.9465843602726992,0.9607368181775592,0.9476412001125177
Normal- (322).jpg,Normal,306.12895220588246,564.6393387158786,415.5318474264707,554.9544482891195,0.7699754356817945,0.7369861288460183,0.758693208144014,0.7355254317796444,5.2696384803921585,7.9360399846213,6.279764093137256,7.8829834678969615,3.1494387007823113,3.3018403749897045,3.2028360166835057,3.3027856570833594,0.4618763069408029,0.4535760566463583,0.4567370322703032,0.45394838485951844,0.679614822484621,0.6734805540224293,0.6758232256073353,0.6737569182275744,0.9708360043826966,0.9463240472275574,0.9603922069820171,0.9472447158482301
Normal- (324).jpg,Normal,302.3343443627451,563.0699884659746,416.25818014705874,556.8421376393695,0.7676701670492665,0.7359815667902438,0.7566998967443673,0.7336261559381905,5.243014705882354,7.873464052287581,6.272947303921567,7.924644367550943,3.156834903939243,3.306617434070789,3.210339103044144,3.313093173902587,0.4613042938338021,0.45295027361345214,0.4560873311008685,0.4533394757081128,0.6791938558569285,0.6730158048764175,0.6753423806491553,0.6733048906016595,0.9711989973711221,0.9464757528871508,0.9603249024853764,0.9470677592690452
Normal- (325).jpg,Normal,303.4220894607844,566.2094886582083,419.97343749999993,560.2294809688582,0.7686088268592202,0.737066151062354,0.7573977778437451,0.7345670790270514,5.255361519607844,7.902499038831216,6.318749999999999,7.947558631295656,3.143067309568486,3.2950531854941545,3.198813753120155,3.2998905087601296,0.46154080858417584,0.4532257552731988,0.456386078479243,0.45357338036223904,0.6793679478634357,0.673220435870153,0.6755635266051913,0.6734785671142319,0.9710942966917351,0.946175043468765,0.9599690516142885,0.946743514432928
Normal- (326).jpg,Normal,303.4117340686273,568.3357939254132,420.7639552696077,561.0357708573626,0.7673940465936189,0.7354645767721439,0.757421729255642,0.7348298772516837,5.263419117647056,7.954709727028066,6.32081801470588,7.928258362168398,3.138771611669674,3.2903968635205567,3.189966579473678,3.2923845254211286,0.4617900022677571,0.45339084600738383,0.456554846552783,0.4537222988053127,0.6795513242336867,0.6733430373943016,0.6756884241666294,0.6735891171963162,0.9710852582575559,0.9459540227479452,0.9598796368571333,0.9466482195324738
Normal- (327).jpg,Normal,302.9573529411765,572.2917185697808,427.9520680147058,566.3150326797384,0.7666802043360961,0.7355822264365066,0.7566569789109858,0.7348496182758244,5.253063725490196,7.99506343713956,6.399708946078429,7.981930026912723,3.1391545902126845,3.2926637175319726,3.19451548792565,3.293778552689807,0.46199588199250274,0.4536366665824118,0.45684133492264073,0.4539887865563783,0.6797027894547019,0.673525550059099,0.6759003883137225,0.673786899959014,0.9711265306176405,0.9455736689336893,0.9591911022252432,0.9461420662638894
Normal- (328).jpg,Normal,301.26286764705884,573.1894809688583,428.757781862745,565.2410918877356,0.7673239809254818,0.7341999918031757,0.7561577298846294,0.7335174337058095,5.217984068627451,7.991234140715111,6.393688725490195,7.961153402537487,3.1405265673683256,3.298429417028198,3.199744352010346,3.295691554711754,0.46174815634405186,0.45336523115869004,0.45656984674614315,0.45369740907919826,0.6795205341592349,0.6733240164725227,0.6756995240091139,0.6735706414914462,0.9713153524131773,0.9455402160512845,0.9591532744241159,0.9462954070770628
Normal- (329).jpg,Normal,301.3019607843137,573.6235909265665,429.4742647058823,563.7672587466359,0.7681235996833341,0.7351538987803538,0.7568851773013155,0.7353469589579218,5.227236519607843,7.971826220684349,6.376838235294118,7.944113802383698,3.1369426293994787,3.293778365524158,3.1952083057913736,3.2920242391485433,0.46162072345597227,0.45315931952354366,0.4563647070228022,0.4534496779031397,0.6794267609212727,0.6731710923112665,0.6755477089168479,0.6733867223989048,0.9712992812798766,0.9454754419020973,0.9590673274164633,0.9464123143827233
Normal- (330).jpg,Normal,299.882199754902,572.8973779315647,426.2251225490196,556.7654901960784,0.7683790129069603,0.7345638741899284,0.7568004778397291,0.7354436262975934,5.219178921568627,7.9856362937331795,6.368045343137254,7.91449442522107,3.132524735547708,3.2890455592589958,3.187894939814135,3.2847096360537473,0.4618266199589326,0.45348771159940404,0.45671238472075787,0.45375666053381103,0.6795782662496885,0.6734149624112936,0.6758049901567448,0.6736146231591258,0.971438602427591,0.9455524894827537,0.9593829983588812,0.9470856456132846
Normal- (331).jpg,Normal,299.89375000000007,573.4219761630143,426.9952512254903,554.5244136870435,0.7679083317355656,0.7359559817037966,0.7571657169681038,0.7340903552870756,5.210447303921569,7.97846981930027,6.368933823529414,7.877739331026531,3.134081422533151,3.288119181128441,3.192252916657649,3.2888987221304267,0.4615562791542018,0.45324071949968675,0.4564424647793595,0.4535066764165618,0.6793793337703184,0.6732315496912535,0.6756052581051746,0.67342904334203,0.9714674169348978,0.9455596629530875,0.95935222149735,0.9473537861526218
Normal- (332).jpg,Normal,299.9869485294118,571.8038600538255,426.81081495098044,555.667358708189,0.7687822613087155,0.7344796153625449,0.7559735599434605,0.7351493297031284,5.209650735294118,7.986251441753172,6.386550245098039,7.898500576701267,3.1377248920141305,3.2935647688779515,3.1969976928161263,3.2918794668733207,0.4614344412727751,0.45319815154050863,0.4563580874890741,0.4534674118329963,0.6792896593300792,0.6731999342992456,0.6755428095162246,0.6733998899858807,0.9714394609531077,0.9456765999499677,0.9593423206048989,0.9472096249594955
Normal- (333).jpg,Normal,299.69136029411766,567.4748173779315,424.18961397058814,554.9565244136869,0.7690460095232861,0.7357659544118285,0.7565421818838934,0.7349784418202046,5.184466911764705,7.924275278738945,6.337499999999999,7.8815840061514795,3.1270579650966055,3.2806325132904575,3.1866592684237682,3.2850768115756694,0.46166538072796504,0.4534500818527047,0.45669260238418635,0.45382177103089744,0.6794596240601535,0.673387022337604,0.6757903538703304,0.6736629506146953,0.971451159360619,0.9460562057462243,0.9595682579735534,0.9472461866923252
Normal- (334).jpg,Normal,298.30413602941184,565.4537024221454,422.6911917892157,551.3557400999616,0.7690369770190073,0.7359297832806715,0.7575433102185165,0.7366169415079932,5.16326593137255,7.904605920799693,6.325229779411765,7.8366320645905425,3.1282757113970083,3.28445390901911,3.1861288107753936,3.2836280595062513,0.4617520314076919,0.4535150065755621,0.4568826129683068,0.4539291341085061,0.6795233854752107,0.6734352281961214,0.6759309232224153,0.6737426319511821,0.9716074557175025,0.9462937063480255,0.9597451040955022,0.9476327183681547
Normal- (335).jpg,Normal,302.10428921568626,568.0607920030757,424.2090533088235,555.9493271818532,0.7680049266707359,0.7337117210039645,0.7580190656842685,0.7352674493042638,5.186611519607843,7.943637062668206,6.316038602941176,7.86803537101115,3.12542342428425,3.2825201637218897,3.178613684009572,3.2802704563921194,0.4617483587386011,0.4534689518315865,0.45690168064679154,0.4539260819005969,0.6795206830837462,0.6734010334351934,0.6759450278290325,0.673740366833246,0.9712271607759979,0.9460111414211442,0.9595743568923537,0.9471622227325475
Normal- (336).jpg,Normal,302.1052696078431,564.3872971933871,423.56553308823516,555.4029373317956,0.7682535862142729,0.7358849738898148,0.7585465174534143,0.7356618310382188,5.157598039215686,7.869650134563628,6.2784620098039206,7.822529796232218,3.118942316824846,3.2746988267945225,3.1752914322326102,3.2727744849993763,0.46202025229084814,0.4538036450949498,0.4571936317921965,0.45419768772576,0.679720716390819,0.6736494972127195,0.6761609510998077,0.673941902337108,0.9712275452684344,0.9463611730950139,0.959636299663828,0.9472150380311397
Normal- (337).jpg,Normal,305.1393688725489,567.4445674740488,423.9136795343137,561.0037216455211,0.7674363694494518,0.7352697271911536,0.7571061192674081,0.735281148125447,5.177542892156861,7.869696270665132,6.266007965686274,7.838815840061517,3.1371564226069175,3.2893475666176366,3.1921423572830863,3.288425326943897,0.4614566021266232,0.45316136008375824,0.45655020837369487,0.4535341577582102,0.6793059709193077,0.6731726079422411,0.675684991970145,0.6734494470694963,0.9709454821306954,0.9460831648970024,0.9596125888081768,0.9466951542301743
Normal- (338).jpg,Normal,308.2848958333333,569.9696885813148,424.52838541666677,566.6094425221072,0.7684103906197886,0.7355021884152657,0.7586771609243464,0.7359707430837639,5.210079656862746,7.903836985774702,6.270511642156864,7.894671280276819,3.1309186367103434,3.287118499918895,3.187045643265426,3.2860354539705843,0.46137617323133673,0.45295529259219347,0.45636577073815515,0.45334921318671856,0.6792467690253202,0.6730195335888799,0.6755484962148574,0.6733121216692289,0.9706276815856832,0.945809641252647,0.9595289092013407,0.9461291195390817
Normal- (339).jpg,Normal,309.0898284313726,566.5389926951173,422.22968749999984,564.2719261822376,0.7684278237632651,0.7365893583152685,0.7590157969098204,0.7374587382021643,5.244056372549021,7.892595155709342,6.257077205882351,7.873341022683583,3.131917836828837,3.2856369740616946,3.183936662974549,3.2817869418323555,0.4616494905852392,0.45337385517444345,0.45674404967064924,0.4536453673438529,0.6794479307388015,0.6733304205027747,0.6758284173299087,0.6735320091457071,0.9705578887522853,0.9461483864448516,0.9597574191856969,0.9463638794494452
Normal- (341).jpg,Normal,301.41256127450976,556.9325797770086,414.5600337009804,549.9005459438677,0.7700050200597709,0.7366542776417097,0.7609645440835643,0.7362228234993439,5.158762254901959,7.797816224529024,6.170695465686274,7.786651287966166,3.112025075743232,3.2677592869852172,3.166413090360303,3.267553527265499,0.46174696344817784,0.4534041435871598,0.4569026842890954,0.45371645288883494,0.6795196564104513,0.673352911620021,0.6759457702279787,0.6735847778036814,0.9713054427438095,0.9470917715598427,0.960511011483609,0.9477598101446775
Normal- (342).jpg,Normal,302.1854473039216,557.921660899654,417.0051164215687,551.1937870049981,0.7702405604969987,0.7381240561604869,0.7606864653138037,0.7356190646157431,5.14794730392157,7.762368319876969,6.180177696078431,7.790911188004612,3.115915430865301,3.2671662990254307,3.168303375208425,3.2707205302599416,0.46112521443262516,0.45287175662629964,0.45628539288149395,0.45313933797384565,0.6790620107417474,0.6729574701467393,0.6754890027835345,0.6731562507871747,0.9712558059409696,0.9470417124914893,0.9603110854515181,0.9476803266644178
Normal- (343).jpg,Normal,297.6902573529413,554.8423683198769,417.2481464460783,550.6519184928873,0.7715838589545317,0.7381734024837298,0.7603602330278347,0.7353822959962212,5.117310049019609,7.735409457900806,6.192662377450979,7.804459823144943,3.114946211846852,3.268186270331263,3.1684792999787397,3.2740409658050806,0.46052286736922093,0.4522690816133917,0.45555649196767,0.45245309624946833,0.6786183517775075,0.672509540165336,0.6749492514016665,0.6726463381669957,0.9717069096455588,0.9473777507352047,0.9603210332178662,0.9477751805421517
Normal- (344).jpg,Normal,295.301593137255,550.8240522875818,419.1060049019608,548.2748481353326,0.7716719908011779,0.7378765769737183,0.7586709168466941,0.7359606426105372,5.087162990196079,7.704636678200692,6.215502450980392,7.789311803152634,3.111225273466224,3.264108028561112,3.170549516261726,3.2707412450621467,0.4602154759249748,0.4518800124342202,0.45512530029484605,0.4520642243149908,0.6783918306738185,0.6722202112657877,0.6746297505260541,0.6723572148158974,0.9719427052369018,0.9477750828935847,0.9601567729434405,0.9480167789033825
Normal- (345).jpg,Normal,294.01142769607844,549.8229296424453,419.65946691176464,546.6592541330258,0.770666727449844,0.7366941191184209,0.7588753910314106,0.7372219392578264,5.071476715686274,7.714356016916571,6.214613970588234,7.758615916955018,3.1131702601323066,3.267013566089903,3.172160594269057,3.270816250167,0.4601280129684572,0.4517939820561134,0.4549587124505897,0.4518769732340549,0.6783273641601503,0.6721562184909944,0.6745062730995092,0.6722179506931177,0.9720715184304466,0.947881356824673,0.9601128841738936,0.9481812469640405
Normal- (346).jpg,Normal,297.09215686274507,549.5629834678971,423.1677849264706,550.3049134948097,0.7711104022627324,0.7392996913795856,0.7603318730088835,0.7371090122759425,5.078462009803921,7.652149173394848,6.214813112745098,7.765797770088428,3.113033968515884,3.263002206413133,3.171979503586865,3.2706717194670585,0.4595524245764098,0.4513027621204455,0.4544883632403252,0.4514047506349034,0.6779029610323367,0.6717907130352767,0.6741575210885993,0.6718666166992548,0.9718030325307363,0.9479504970065347,0.9598138784775744,0.947880228283352
Normal- (347).jpg,Normal,300.0701286764705,555.5634755863128,426.6559589460784,554.8652825836217,0.7705428534375565,0.7368539084706706,0.7604264203767332,0.7364847068168973,5.118596813725489,7.705728565936178,6.223881740196079,7.777946943483276,3.1207562412329644,3.2717850671024653,3.17459480601309,3.274711245349671,0.458682167554809,0.4503304093995135,0.4536242315577616,0.4504769490810399,0.6772607825312263,0.6710666206864364,0.6735163187019017,0.6711757959588829,0.9715637935734498,0.9474619653674683,0.9595441896490725,0.9475279914648768
Normal- (348).jpg,Normal,305.16302083333335,563.5806228373702,433.1818933823529,562.5636601307191,0.7699330462443956,0.7370528994796548,0.7591381964969084,0.7344150655047172,5.151930147058824,7.7662437524029215,6.274571078431373,7.862975778546714,3.1226161208468244,3.276088929607591,3.178333293291084,3.2813751024923548,0.45852853659894177,0.4500976979102322,0.4533881441238795,0.4503421631966294,0.6771473522055165,0.670893209020804,0.6733410310710907,0.6710753781779133,0.971071750656491,0.9466859742298479,0.9589117521826257,0.9467821776366946
Normal- (349).jpg,Normal,305.3863970588236,565.3116339869281,436.7365349264706,565.5347481737793,0.7693070347590829,0.7354619394160257,0.7572879654853463,0.7342986428583321,5.162377450980394,7.788712033833142,6.305101102941176,7.880030757401,3.133453714691436,3.284202668851954,3.1888952774990558,3.290718581472113,0.4580643097944601,0.44975895770133056,0.4530892165263585,0.44996380305625794,0.6768044841713595,0.6706407068627214,0.6731190210700917,0.6707934130984426,0.9710599883804086,0.9465391846476238,0.9585877589389796,0.9465180850175636
Normal- (350).jpg,Normal,306.8447916666666,572.3971549404077,440.56567095588224,566.8261284121493,0.7671151121732354,0.7351066839623087,0.7561528745300075,0.7316456629585211,5.1916973039215675,7.857208765859287,6.360738357843136,7.924321414840447,3.1329642196466274,3.285885002880039,3.190726196458783,3.290737876331831,0.4577466858684533,0.4493849775047335,0.45269412089475797,0.44962834576533656,0.6765697937895641,0.6703618258110566,0.6728254758068826,0.6705433213188664,0.9709421489579221,0.9459067572435383,0.9582537506904483,0.9464332359092598
Normal- (351).jpg,Normal,308.11106004901967,580.3075124951943,444.4772365196078,568.8724336793541,0.7661567831757495,0.7330892472304704,0.75534963278721,0.7310120854101689,5.212040441176471,7.924244521337948,6.390349264705883,7.927689350249905,3.1449867016900765,3.301303717433786,3.2054614158368873,3.3038427282354768,0.4572418923911478,0.44884124909222956,0.45213099496174847,0.44908623527963176,0.6761966373704825,0.6699561546043364,0.672406867128637,0.6701389671401237,0.9708410228479685,0.9451938635541556,0.9579098285126307,0.946273829738214
Normal- (352).jpg,Normal,306.66210171568616,579.6968089196462,445.97608762254885,568.76676662822,0.767138917181589,0.7327245517930059,0.7559599089777691,0.7326618809321871,5.195802696078431,7.930472895040367,6.389353553921567,7.898362168396771,3.1362227996076086,3.292662198123847,3.1965504348479836,3.294223106821601,0.4570600418859331,0.44865704537086165,0.4519709651702093,0.4489058822051259,0.6760621583005021,0.6698186660364592,0.6722878588597367,0.6700043896909377,0.9709839865052015,0.9452622200619528,0.957776181414602,0.9462942875849338
Normal- (353).jpg,Normal,311.14396446078445,585.6679584775086,451.8901501225491,575.2547327950788,0.7657925499908641,0.7335264019828752,0.754965609042072,0.7302922839714375,5.216973039215689,7.9307189542483645,6.405468749999999,7.929888504421375,3.136260846154002,3.2903310816051783,3.197254045248713,3.293109974886528,0.4566861692881047,0.4483716908337238,0.4516845601047748,0.44861522902275924,0.6757855941702995,0.6696056233587975,0.6720748173416222,0.6697874506309888,0.9705596782774574,0.9446975198886229,0.9572156263877126,0.9456808026478418
Normal- (354).jpg,Normal,315.2841605392157,593.5660438292964,456.87650122549,582.5490811226452,0.7655691410543062,0.7314278592187148,0.7537935730660221,0.7316620422819592,5.254626225490196,8.002921953094962,6.484589460784312,7.988465974625145,3.143764328069251,3.2998604365476574,3.204376222241577,3.2976603686751673,0.4564777467838392,0.44818188585971047,0.45149049118728324,0.4484292375644125,0.6756313690051988,0.6694638794286891,0.6719304213884673,0.6696485925949613,0.9701736465036165,0.9439620775430712,0.9567515232219103,0.9450021769697219
Normal- (355).jpg,Normal,314.5186274509805,594.1724721261053,460.8459712009805,586.5538023836988,0.7659705363226955,0.7317713787549684,0.7538712948844397,0.7313643427891342,5.237561274509805,7.995032679738562,6.525811887254903,8.040184544406,3.1376776008491527,3.2948126405111537,3.1992691120734253,3.2947022599750473,0.45621132515889323,0.44785359938307806,0.451121258645826,0.44812043692419506,0.6754341752968184,0.6692186484125185,0.6716556101498937,0.6694179837173446,0.9703049397195179,0.9440159401415725,0.9564622650411596,0.9447337856879574
Normal- (356).jpg,Normal,313.7846813725489,592.9887274125335,461.158118872549,586.7040984236834,0.7666616749648251,0.7321304947155722,0.7536126847923258,0.7310904002524915,5.2277267156862735,7.968596693579391,6.520741421568626,8.048504421376396,3.1428243123882,3.2993924104341703,3.205586795517037,3.3013713263371267,0.45565094369597164,0.44731621390110937,0.45052194069551055,0.4475427657507885,0.6750192172790133,0.668817025726102,0.6712093121340843,0.6689863718722441,0.9703929540109039,0.9441627028623578,0.9564603858126678,0.9447544791981093
Normal- (358).jpg,Normal,313.62604166666665,584.7584313725489,453.3595128676471,587.6388619761631,0.7672622143407138,0.732233499374898,0.7550627551125814,0.7316893737806726,5.232169117647059,7.901930026912725,6.431755514705882,8.039108035371012,3.145970850447596,3.2988923515236177,3.20081953939267,3.3036035202982923,0.45495234752333846,0.44676475203027954,0.4499525469846332,0.4469717310099139,0.6745015548709569,0.6684046319635132,0.6707850229280863,0.6685594446344423,0.9704383629716241,0.9449942774443788,0.9572406969481438,0.9447233276673039
Normal- (359).jpg,Normal,311.11433823529416,579.7807458669743,449.5336550245097,580.8772164552097,0.7661845833180362,0.7317938412408972,0.7555673261320826,0.7313439736933451,5.233976715686276,7.87836985774702,6.392723651960783,8.013548635140332,3.1421462541400267,3.2940306534412236,3.1963440184170584,3.3010702113459143,0.45493606972171907,0.4466858925847142,0.44979498898785913,0.4469145022594304,0.6744894882218099,0.6683456385619002,0.6706675696556821,0.6685166432179759,0.9706709286482375,0.9454546881272374,0.9575955543849779,0.9453515330455607
Normal- (360).jpg,Normal,310.47417279411775,580.0581314878893,447.19249387254905,579.3504036908881,0.7658979529085022,0.7340025275572546,0.7565911710088521,0.7322749387100242,5.247457107843139,7.889796232218378,6.398376225490196,8.025651672433678,3.135288413441264,3.282002301661281,3.1881845706346468,3.2913675832328275,0.4554645956905475,0.4471736496225314,0.45030370422621396,0.44746073939266556,0.6748811715335874,0.6687104377998981,0.6710467228339723,0.6689250626136425,0.9707332096320975,0.9454326271935237,0.9578194079628976,0.9454992047388558
Normal- (361).jpg,Normal,414.9612745098039,511.6356478277586,202.98284313725495,522.5862053056517,0.5867830563649457,0.5480174494588099,0.6214934777915782,0.5441504170650135,8.534344362745099,10.136532103037293,5.828186274509806,10.343713956170705,5.0939820099649555,5.212346293316009,4.871500350608873,5.22335283586291,0.17174883474711497,0.17101083004037862,0.17642180539974125,0.1709519964890918,0.4144259098404864,0.41353455725051397,0.42002595800705134,0.4134634161435468,0.9715625297826134,0.964941116869965,0.9860789370249249,0.9641907502439173
Normal- (362).jpg,Normal,415.8322610294117,512.2154863514033,201.43872549019608,521.0051211072665,0.5891551516793596,0.5485117272156184,0.6208247821401497,0.5460043113166518,8.564491421568627,10.179438677431758,5.789276960784314,10.311572472126107,5.088538050307705,5.209869422598715,4.866897059775491,5.219298111542148,0.1715352194440314,0.1708194048927741,0.17625638780663538,0.17072754065991536,0.4141681052954602,0.4133030424431619,0.41982899829172754,0.4131918932650002,0.9715696553834743,0.9649805602947031,0.9862159819586512,0.9643796255464059
Normal- (363).jpg,Normal,421.64794730392157,519.3796847366398,206.35477941176475,528.7385159554017,0.588042947517321,0.5473421158692388,0.6221845024343329,0.5457578614401053,8.626194852941175,10.251964628988851,5.813786764705883,10.338362168396767,5.107665439371013,5.231516808520626,4.8836723729447,5.234836761249814,0.17118218409836358,0.17048473527985344,0.1758850869688793,0.17032938651785795,0.4137416876486627,0.4128979719977484,0.4193865603102695,0.4127098090884901,0.9711614155629238,0.9644797252276285,0.9858752413148384,0.9638396765961399
Normal- (364).jpg,Normal,427.28949142156864,533.8206382160706,212.80271139705883,540.9879430988082,0.5865965566408611,0.5450184707017074,0.6185885727565202,0.5429123592287701,8.727175245098039,10.415578623606304,5.9186121323529415,10.459100346020762,5.110344307175007,5.235245539950817,4.888541570057268,5.235991849308084,0.1706176297878221,0.169846076945829,0.1753043971782188,0.16975077133702304,0.4130588696394524,0.4121238611701936,0.4186936794104,0.41200821756006645,0.9708231172657346,0.9635496993114929,0.9854569376115827,0.9630603019382943
Normal- (365).jpg,Normal,421.85554534313724,531.355786236063,214.42981004901958,538.9075278738947,0.5867069327591331,0.5455365362363399,0.6199378940630211,0.544654719925497,8.675735294117647,10.391726259131103,5.891482843137254,10.441830065359476,5.1170238823947605,5.243684799777615,4.896253817130206,5.245664372076037,0.17043708023957135,0.16963564724832264,0.17515336168311924,0.1695546367949747,0.4128402599548297,0.41186848295095685,0.418513275396515,0.41177012615654224,0.971191790482109,0.9637189811104246,0.985346139596643,0.9632033475403979
Normal- (366).jpg,Normal,422.01596200980396,533.7457131872358,215.79281556372553,537.6484582852747,0.5870005091089621,0.5477246687423976,0.6213780963604704,0.5490706009294334,8.715625,10.44895040369089,5.904702818627452,10.418500576701266,5.1228673403005835,5.247800513688879,4.899690144416826,5.243541799039319,0.17062635645413576,0.16992178567939079,0.17539821919547935,0.16971974644951415,0.4130694329699739,0.4122157028539679,0.41880570578190474,0.4119705650280298,0.9712127955938998,0.9635941115140572,0.9852684485067372,0.9633279119000502
Normal- (367).jpg,Normal,427.2639399509804,537.025790080738,216.01372549019607,539.1443906189926,0.5875772638073786,0.5474038599319508,0.6229121884714938,0.5482280547661116,8.714246323529412,10.412856593617837,5.877512254901961,10.414671280276814,5.107363426618489,5.2319315003250235,4.881411254633633,5.228350155943593,0.17134451403062376,0.17059418882011035,0.17614177570394354,0.17040990740703782,0.4139378142071871,0.41303049381384704,0.41969247754033373,0.41280734902256505,0.9709050754154229,0.9634326366290175,0.9852782854432325,0.9632883760792428
Normal- (368).jpg,Normal,427.3827818627451,537.3820530565167,214.41369485294118,541.3094040753557,0.5869381294426657,0.5487538023355572,0.6227571768064271,0.5477188746392387,8.73547794117647,10.424052287581702,5.877236519607843,10.488919646289888,5.1041928323267705,5.22486906501036,4.877009121278097,5.229284832627385,0.17170488603203993,0.1709053912810573,0.17656014318880517,0.17076230385468213,0.4143728828386818,0.4134070527713059,0.4201906034037472,0.413233957770513,0.9709454906613851,0.9634674852133321,0.9854108468603724,0.9632004945158348
Normal- (369).jpg,Normal,432.55937499999993,547.1244752018454,215.0453584558824,541.6898577470203,0.5896040143623711,0.5507633459949612,0.6241522086645216,0.5486057426258316,8.79142156862745,10.52058439061899,5.878477328431373,10.484013840830448,5.103665965733752,5.228018535446909,4.87837029099569,5.226156777585622,0.17204438440894132,0.1711633994023237,0.17688459643488993,0.1710603617542183,0.4147823337715112,0.41371898603076424,0.4205765048536234,0.413594441154881,0.9706133531991326,0.9628334781265065,0.9853789237332241,0.9632026552290921
Normal- (370).jpg,Normal,437.00726102941184,556.4519646289889,217.9450827205883,541.7778854286812,0.5893355670727658,0.5515956454756508,0.6256158564185114,0.5514582427295476,8.840839460784315,10.619530949634758,5.898973651960786,10.468450595924642,5.0910461301513505,5.213828121493663,4.8590852811912475,5.20619933328132,0.1720147750836893,0.17108793284929746,0.17708680090928075,0.17120187997370656,0.4147466396291708,0.41362777088742175,0.4208168258390826,0.413765489104283,0.970347125091554,0.9622480693088938,0.9852006610873567,0.9632436176331691
Normal- (371).jpg,Normal,437.2743259803922,564.2738638985005,220.18704044117646,540.0777239523259,0.5903032967350025,0.5490528267246498,0.6245940554101632,0.550948113567251,8.830269607843139,10.682629757785465,5.88921568627451,10.447920030757398,5.094215322479845,5.221760220602133,4.866180713658843,5.209106995295505,0.17178578272272838,0.17076530036579837,0.17661739456429026,0.1709271119660745,0.4144704847425548,0.41323758343814565,0.4202587233648937,0.4134333222734647,0.9702985692025539,0.9616783840393286,0.985033281659338,0.9633216201380944
Normal- (372).jpg,Normal,435.0670649509804,568.5088965782393,218.55479473039216,530.8646981930027,0.5895072891116624,0.5487593437518178,0.6261438054246968,0.5513425970023914,8.849050245098038,10.723460207612458,5.859022671568628,10.412995001922338,5.108415076435119,5.24123226024265,4.878371727969825,5.225284167997277,0.17164956497256914,0.17066359612966406,0.17647124622290708,0.17071390783511087,0.41430612471042366,0.41311450728540633,0.4200848083695804,0.41317539597017494,0.9704322694790762,0.9613766540722898,0.9851387883240225,0.9639341248614985
Normal- (373).jpg,Normal,425.614705882353,557.2974394463669,217.18149509803925,517.7046366782006,0.5879678702871121,0.5472915303252496,0.6231984352223657,0.5494707405967679,8.83563112745098,10.706374471357172,5.9068321078431385,10.382129950019221,5.115538288443949,5.243164406900004,4.889609425073187,5.233346923862907,0.17170470311429953,0.17070198552858962,0.17649798940668115,0.17066973897745238,0.41437266212227314,0.4131609680603791,0.42011663785987,0.41312194201888186,0.9711025768401316,0.9621828026882291,0.9852494933739137,0.9648694987475134
Normal- (375).jpg,Normal,423.3961703431373,553.8272049211843,211.7434742647059,512.5162629757785,0.5894912505097913,0.549304390945931,0.6240858130238904,0.5509621371544671,8.798988970588237,10.678262206843522,5.898774509803921,10.350326797385623,5.103979301916139,5.231824630420856,4.8786226835090405,5.22075069255288,0.17264345596589215,0.17174449066627887,0.1775071363731423,0.1716445148045121,0.4155038579434518,0.4144206687247619,0.4213159578904439,0.4143000299354468,0.9712386613485563,0.9624061323143245,0.9856140504372112,0.9652103247983094
Normal- (376).jpg,Normal,432.3677083333333,561.5022837370243,215.6766237745098,521.6282968089196,0.5888677006536751,0.5479136235844736,0.6246213612564397,0.5520513836998873,8.865533088235296,10.761337946943485,5.9303615196078425,10.378869665513262,5.102998458042377,5.23241578814584,4.876556954658781,5.215674785247348,0.1729127876138009,0.17202362407266247,0.177890474817378,0.17186505092753332,0.4158278341018082,0.4147573074373283,0.42177064243185297,0.41456609958791046,0.9706286792640124,0.9618824830532711,0.9853457504468857,0.964589323998512
Normal- (377).jpg,Normal,436.66789215686276,563.0919184928873,215.6797794117647,525.6282352941178,0.5903390884966403,0.5525861504257253,0.6279950738431439,0.5525935319872083,8.875275735294117,10.6801076509035,5.865410539215686,10.379946174548252,5.0992979298742345,5.220960566013344,4.866893342985088,5.210267296264959,0.17303240924558017,0.17212338164084112,0.17806935616522204,0.1720983353487945,0.4159716447614911,0.4148775501769662,0.4219826491281627,0.41484736391689236,0.9703888673405581,0.9618427067659326,0.9853716065171669,0.9643813913012566
Normal- (378).jpg,Normal,443.28529411764714,569.8650365244137,219.68170955882354,535.5715186466742,0.5895661667736025,0.5528086746340368,0.6273671593639891,0.5525782272395117,8.96341911764706,10.734794309880813,5.939920343137255,10.49516339869281,5.101932332463497,5.219047755458049,4.868876823893975,5.214581559821953,0.1730432409325366,0.17223154292089757,0.17807583818798664,0.17207813964433566,0.415984664299703,0.4150078829623572,0.42199032949581516,0.41482302207608446,0.9699563427667907,0.961404031072139,0.9851080564515365,0.9637266714617106
Normal- (379).jpg,Normal,441.04473039215685,567.3683044982699,221.3220281862745,538.7937870049981,0.5892701333061562,0.5504035751430254,0.6259286439120373,0.552000655863315,8.890134803921569,10.705021145713188,5.946721813725491,10.497193387158786,5.126412696629582,5.249672091864724,4.8953119083017675,5.243333114915108,0.17186242654661815,0.17090476348005038,0.17682575230229966,0.1708246524530461,0.4145629343617422,0.4134062934693307,0.4205065425202082,0.4133093907148083,0.9700675207181907,0.9615209832231078,0.9849766477954194,0.9634589119535248
Normal- (380).jpg,Normal,440.9025735294117,564.2146097654747,218.96420036764707,539.244644367551,0.5874829596691864,0.5492293675787826,0.6251756331480504,0.5485802746229992,8.922886029411764,10.65822376009227,5.931387867647058,10.569181084198387,5.147160552568526,5.26555901874181,4.91307843877822,5.268198712404191,0.1720550945418379,0.17119631218643755,0.17701548481390877,0.17105435596074675,0.4147952441167062,0.4137587608576253,0.4207320819879425,0.4135871806049442,0.9700132635625558,0.9616516306299121,0.9851043892329838,0.9633487817487669
Normal- (381).jpg,Normal,449.25600490196075,571.4439830834295,224.88852634803925,552.4352018454442,0.5881791162288372,0.5498024274207877,0.6248545922254233,0.5487411134590884,8.92953431372549,10.650780469050366,5.950750612745098,10.611164936562862,5.1374258745016785,5.259641167284197,4.906558448048207,5.260482278231805,0.17213795181972535,0.17132333540422523,0.17725135014177254,0.1712783498967732,0.41489510941890523,0.41391223152284984,0.42101229215044605,0.41385788611161345,0.9694434109316452,0.9611515075402081,0.9846978449294522,0.9624437820525917
Normal- (382).jpg,Normal,458.3356004901961,578.0867512495195,224.56453737745102,565.0248827374087,0.5875214089770122,0.5504465234978305,0.6250367488214097,0.5505756805158722,9.010171568627452,10.727766243752404,5.954856004901963,10.645059592464438,5.132968813265585,5.250365448053608,4.898678207150264,5.247714818429841,0.17249038666956523,0.17169836627174864,0.17752515359458365,0.17162274882889655,0.4153196198948049,0.4143650157430627,0.42133733942600393,0.4142737607294198,0.9688776718812199,0.9607590774205726,0.9847428836137856,0.9616457259554483
Normal- (383).jpg,Normal,459.94209558823525,579.8672971933872,223.80635723039214,565.8054748173779,0.588385120127491,0.5491531475807364,0.6250856196923564,0.5520009999069492,9.027879901960784,10.764890426758939,5.93782169117647,10.645028835063437,5.1393015529964075,5.260145447464082,4.904776625661388,5.255778882442376,0.17263348982362556,0.17193946680963362,0.1778005790197131,0.17175886339518953,0.41549186493074153,0.4146558414030045,0.42166405943560464,0.4144380091101557,0.9687936660376862,0.960664107884466,0.9848043792978363,0.9616180060101366
Normal- (384).jpg,Normal,466.99785539215685,575.4725874663591,225.31248468137255,576.1775778546713,0.5884211640340523,0.5492282051067896,0.6245106855237847,0.5500268906116936,9.109589460784314,10.787958477508651,5.987178308823529,10.738808150711266,5.1344588488318745,5.253682107818913,4.8982426782116,5.252417189774967,0.17194986181321495,0.17130183762463227,0.1772665493271068,0.1710306841141897,0.41466837570908993,0.41388626170076276,0.42103034252546073,0.4135585618920127,0.9683358179111637,0.9609885981712684,0.9847125237527018,0.9609408067318099
Normal- (385).jpg,Normal,485.6720894607843,599.9478046905035,235.66038602941177,595.9040984236831,0.589711470346616,0.5496097621837163,0.6240147603505523,0.5517085578070104,9.132291666666667,10.86945021145713,6.04264705882353,10.731564782775854,5.123377872481736,5.249200464282856,4.893695574922976,5.2408796489017035,0.17177512843899442,0.1711202829893745,0.17709330135288268,0.17078346556148127,0.41445763165731964,0.41366687441632854,0.42082454937049796,0.41325956197223224,0.9671197516376965,0.9593888218641781,0.9840337826085904,0.9596625451351807
Normal- (386).jpg,Normal,493.82221200980393,607.8743406382162,232.72516850490203,601.2906266820453,0.5879617197462309,0.551100919510362,0.6270858953731664,0.5507441627560036,9.211703431372548,10.922276047673972,5.998544730392158,10.793925413302576,5.136407935353592,5.2549320462863385,4.896276603745558,5.248863738789034,0.17185196538834968,0.1711621262989821,0.17715359064121983,0.17086324725606827,0.41455031707664836,0.41371744741910765,0.420896175607738,0.41335607804418245,0.9665732491028919,0.9588561917927962,0.9842341265296364,0.9593018086681844
Normal- (387).jpg,Normal,490.55719975490194,603.0707266435987,226.70655637254902,595.6647443291042,0.590055282324841,0.5508054725074515,0.6247078804952951,0.5527643217638915,9.140563725490196,10.874186851211073,6.0253676470588236,10.74159169550173,5.130388904889591,5.251841492531785,4.903774223631213,5.247167988418,0.1722206566857174,0.1714730501577115,0.17749694049839612,0.17131590076924547,0.4149947670582334,0.41409304529019986,0.4213038576827847,0.4139032504936938,0.9667909612849427,0.9591798385833078,0.9846412820409498,0.9596811286976689
Normal- (388).jpg,Normal,494.3249693627451,604.4193002691273,230.62195159313728,603.550618992695,0.5900792491752908,0.5510709122711941,0.6223079207132778,0.5515319828014608,9.165594362745097,10.878077662437525,6.0699601715686295,10.821730103806228,5.140454456636687,5.26559163434333,4.919535912489266,5.260256941694282,0.17247594778375516,0.17170266332072023,0.17761591317698583,0.17150055349427154,0.41530223667078314,0.4143702008116899,0.4214450298401748,0.41412625308506046,0.9664720474956853,0.9590172206771064,0.9843487416366444,0.9590761217959791
Normal- (389).jpg,Normal,499.0622549019607,608.0075355632449,236.9357230392157,613.8257593233373,0.5900478509024614,0.5499615291802115,0.6243561289169461,0.550905128647569,9.238817401960784,10.969442522106881,6.088235294117647,10.879015763168013,5.143058129559514,5.268292605321866,4.91479330432063,5.261942875749363,0.17261636454616314,0.17190968770920478,0.17772215553175175,0.1716080622586084,0.4154712559806793,0.4146199316352324,0.4215710563259197,0.4142560346677021,0.9660922601702668,0.9587086644162065,0.9838947607458147,0.9583135340671118
Normal- (390).jpg,Normal,504.8263786764707,617.1202306805076,240.06312806372551,623.6991157247214,0.5908800399493002,0.5508429179191059,0.6245831276891094,0.5509595416937785,9.289093137254904,10.996708958093041,6.1426011029411764,10.96973471741638,5.138915261901913,5.264181943497592,4.912274307123525,5.259785868118653,0.17257074528407795,0.17181099523872242,0.17761226291795826,0.1714597374416518,0.41541635172929575,0.4145008989600896,0.42144069917125737,0.4140769704314064,0.9656638043611887,0.9580477383867732,0.9836658327499882,0.9576005012151865
Normal- (392).jpg,Normal,484.2780637254903,597.5171856978086,232.6909466911765,595.1157400999616,0.5877231587509305,0.5476903658517438,0.6226155764194137,0.5504639998637664,9.154227941176472,10.88644367550942,6.083164828431374,10.795709342560553,5.15036743071974,5.2758851621406535,4.922925980049309,5.266355485809385,0.17277246354222986,0.17190072478260443,0.17787799170822977,0.17191615669660074,0.4156590712858675,0.41460912288878116,0.421755843715567,0.41462773266702835,0.9669676605459805,0.9592660176696567,0.9841228846716662,0.9594297291827167
Normal- (393).jpg,Normal,491.7694240196079,609.5169242599001,228.163449754902,593.358892733564,0.5876699597356536,0.5496450282366403,0.6224362946869838,0.5499912935579538,9.17619485294118,10.897408688965783,6.0270833333333345,10.792802768166087,5.144326799629501,5.265457064186315,4.914834580035166,5.2613488564568325,0.17337800116504185,0.17254903569014432,0.1786338645996658,0.17264445151001417,0.4163868407683435,0.4153902209852133,0.42265099621279234,0.4155050559379683,0.9664056051695877,0.9583879356040603,0.9844092203768015,0.959491053535038
Normal- (394).jpg,Normal,498.4155330882353,613.761753171857,228.62837009803923,597.5247673971546,0.5880941681990063,0.548788118778441,0.619710490471271,0.5494271700503873,9.154748774509805,10.912848904267591,6.0627144607843135,10.762383698577466,5.1581223106128355,5.283121844919352,4.937126441744063,5.27669676295125,0.17394440283916496,0.17312875404588862,0.17913756690635813,0.17321145586066095,0.4170664249722878,0.4160874355780148,0.42324646118586523,0.4161868040443629,0.9659116040768253,0.9580492923070144,0.9843590829659583,0.9591590927149569
Normal- (395).jpg,Normal,500.1855085784314,618.6480276816609,236.0372242647059,610.4159630911189,0.5881090090244769,0.5481269568353928,0.6222623078413521,0.5515866650695473,9.191452205882353,10.966674356016917,6.147334558823531,10.866866589773164,5.147251560989181,5.2751604029720625,4.925664213932657,5.265439564106095,0.17407891812850682,0.17322610352597057,0.17925128847303343,0.17328322360266898,0.41722765743477125,0.4162044011371943,0.42338078425104914,0.4162730157032389,0.9657325782965455,0.95764608682995,0.9838258617164651,0.9582096708604119
Normal- (396).jpg,Normal,495.433731617647,609.9864975009613,237.4097120098039,613.7918031526337,0.5866033212136346,0.547507936885666,0.6203955938824258,0.5483402329147965,9.18609068627451,10.922998846597462,6.173897058823529,10.947973856209153,5.160299245711728,5.284449364403411,4.939716204202235,5.284078409518814,0.17472523831166206,0.17398171519220193,0.17992266803464274,0.17385209858509748,0.41800148123142106,0.4171111544806755,0.42417292232607534,0.4169557513515043,0.9659929395944715,0.9581606406161377,0.9837010868180391,0.9578996322964816
Normal- (397).jpg,Normal,489.99552696078433,602.5479277201077,237.23959865196085,607.9832833525567,0.5871282883919615,0.5469618480390928,0.619048311657009,0.5471741077447989,9.13955269607843,10.901299500192234,6.18092830882353,10.870572856593615,5.145920515507581,5.274087336000271,4.933325477363153,5.269043521958562,0.17551575270216088,0.17474573210759003,0.1806347503720776,0.17456615878818676,0.4189460021317316,0.41802599453573464,0.4250114708711726,0.41781115206297065,0.9663247764443225,0.9586248338409438,0.9836945417427817,0.958251604207117
Normal- (398).jpg,Normal,494.87138480392144,597.7615840061515,239.6548253676471,617.3481122645137,0.5869760189037698,0.5464213984486329,0.6182564006879288,0.5475128590035278,9.224999999999998,10.949034986543634,6.2171415441176485,10.988312187620146,5.138476098421637,5.2639966858266085,4.921394109271292,5.260547225230134,0.1762607048530387,0.17545450229786216,0.18130603243231283,0.17530871150761082,0.41983413969452116,0.4188728951577819,0.4258004608174031,0.4186988315097271,0.9659523849035752,0.9589120089427331,0.9835117544955839,0.9575657011179158
Normal- (399).jpg,Normal,491.136550245098,596.9543867743175,244.82565870098045,617.6362475970782,0.5877637461403769,0.5475338874431825,0.620551534362334,0.5480437443178893,9.154840686274511,10.888289119569396,6.227925857843138,10.954109957708575,5.13766741198433,5.263676547564717,4.918311895995015,5.261862921057972,0.17671756954112453,0.17600642783562526,0.18191278453975052,0.1757455820159667,0.42037788897743483,0.41953120007411276,0.42651234980918257,0.41922020707018254,0.9661654494816106,0.9589184208164981,0.9831357382437012,0.9574951236234857
Normal- (400).jpg,Normal,472.684068627451,573.9237677816226,240.934237132353,609.4666512879662,0.5858236716087306,0.547617131023751,0.6182933024757622,0.5473011452026618,9.082628676470588,10.775347943098811,6.260462622549021,10.955432525951558,5.118514008082835,5.239644608858472,4.90613020728263,5.241646401163002,0.17768949292339487,0.17703320424625965,0.18288644863247475,0.17673364761815652,0.42153231539633457,0.4207531393183652,0.42765225199041657,0.42039701190440987,0.9673880803194564,0.96044627559964,0.9833796803878733,0.9579967282947112
Normal- (401).jpg,Normal,474.10692401960796,576.9621068819685,248.55911458333333,615.2849058054595,0.5867003854126434,0.5476703031679953,0.6179487667801693,0.5481862840781397,9.120435049019608,10.81145713187236,6.316222426470588,11.017347174163785,5.110695816898636,5.233537576791277,4.903293485349218,5.236181147939957,0.17848378886538538,0.17780871480389127,0.18363541429659727,0.1775059160548223,0.4224734179393839,0.42167370655981296,0.42852702866516745,0.4213145096656681,0.9672234490690146,0.9601527470857749,0.9828173135931279,0.957506025155737
Normal- (402).jpg,Normal,481.4709252450981,591.287320261438,254.68909313725493,623.03938485198,0.5883627102034406,0.5477766997692154,0.6185596923204684,0.5479239740681188,9.119087009803923,10.899069588619763,6.343014705882354,11.04559784698193,5.10609434229705,5.234137288060046,4.898670947019543,5.235645361544009,0.17885719941699119,0.17817704313589494,0.18392464173935516,0.1777698106530759,0.4229151208185765,0.4221102262868017,0.42886436286937524,0.4216275734022573,0.9666587646578048,0.9590916112603036,0.9823625807414315,0.9568948352479524
Normal- (403).jpg,Normal,476.6101102941176,580.75907727797,243.0757199754902,611.8101806997308,0.5863897965897344,0.5449258981605215,0.6172317602270871,0.5458987525955062,9.151899509803922,10.872264513648597,6.298238357843137,11.052964244521338,5.111525915190635,5.237573135074201,4.9032321104895855,5.239172001813246,0.17975128455420544,0.17902130848736048,0.1848253704629831,0.178778791051441,0.4239708534253333,0.42310909761828625,0.4299132127104064,0.42282241077246724,0.9669535921098183,0.959771733403643,0.9831464006594686,0.9576208723746313
Normal- (404).jpg,Normal,480.1442095588236,584.3962783544791,249.2155943627451,620.4229142637448,0.5834447005365411,0.5464040576761894,0.6178816704574075,0.5461909708675272,9.236917892156864,10.870188389081124,6.285355392156863,11.125382545174933,5.115137707333866,5.231491846151117,4.897586026165201,5.239873804601942,0.1807433751160161,0.17999725654862286,0.1857847995897387,0.1797754880010217,0.4251392420325558,0.42426083551115445,0.4310276088485965,0.42399939622719,0.966639918898484,0.9594342359421818,0.9826840645634856,0.9569334533974893
Normal- (405).jpg,Normal,479.9651041666666,588.4706036139946,245.53258272058824,615.3870818915801,0.5833115375369641,0.5447871838550395,0.6152163278177198,0.543036933092991,9.210998774509804,10.918277585544024,6.317876838235294,11.093564013840831,5.105430219138862,5.2274966499402336,4.893559840611697,5.2304825988934365,0.18111915808372986,0.18036688967556172,0.18619888651788077,0.18022269895602508,0.42558096536820095,0.4246962322361263,0.43150768998695815,0.42452644082085755,0.9666348030981616,0.9591301727778974,0.9829310105623296,0.957260798488211
Normal- (406).jpg,Normal,474.6480085784313,573.6360169165706,234.83532475490193,603.284644367551,0.5859965965343454,0.5456361152132623,0.6159599083983727,0.5455107985273083,9.16032475490196,10.798923490965015,6.273345588235294,11.00250672818147,5.107531967449973,5.228749672049481,4.899363050383422,5.2354689385562745,0.1820591526405484,0.18130619598737716,0.18719588171560367,0.1811454776288243,0.42668390248584304,0.4258006528733571,0.4326613938354145,0.42561188614608064,0.9669581618590656,0.9601046757675489,0.9836516005159568,0.958042668553354
Normal- (407).jpg,Normal,476.61853553921577,577.5881122645137,235.91447610294125,601.5019607843138,0.5833397568692406,0.5453157099291107,0.6161927562337773,0.5450743890355518,9.185202205882355,10.798477508650521,6.25966605392157,10.992464436755094,5.104358792979015,5.218775751739444,4.890108394601116,5.227251418091168,0.1826721146820785,0.1819926602624223,0.18791680147903617,0.18182710053995438,0.4274015847912575,0.4266059777621761,0.4334937156165429,0.42641189071126334,0.9667845986329887,0.9597883998823684,0.9835594422971339,0.9581235212369585
Normal- (409).jpg,Normal,463.9744791666667,559.7553556324491,229.61151960784315,589.753448673587,0.5876315192228354,0.5475253296646279,0.6170580101677072,0.5485691916458845,8.978707107843137,10.629357939254135,6.202144607843137,10.793694732795078,5.075818872566604,5.195576371107697,4.870707451673031,5.198238133440112,0.18441138913199706,0.1837736284849482,0.1895313457414216,0.18359566386867138,0.4294314719859236,0.4286882649256312,0.4353519791403521,0.4284806458507448,0.9676282334606255,0.9609844466708063,0.9839797509679836,0.9588935471607906
Normal- (410).jpg,Normal,458.02101715686274,555.9891426374472,228.70122549019607,580.5810688196848,0.5885875443185971,0.5489033117795485,0.6189139690882639,0.546468842898026,8.942095588235293,10.568612072279894,6.1820772058823525,10.781668589004234,5.067001725583252,5.1853071504338875,4.859564934336786,5.195635298091883,0.18543522548418884,0.1847236265707405,0.19041500280747642,0.18450110369226286,0.43062190548576235,0.429794865686807,0.43636567556062017,0.4295359166498919,0.9680559581062492,0.9612637308330648,0.9840500425308265,0.9595503889728088
Normal- (411).jpg,Normal,458.9258272058824,559.4512264513647,231.8931066176471,581.4949942329873,0.5902424710288673,0.5494432541447176,0.6189455596636466,0.5494885173571642,8.987224264705883,10.631818531334101,6.227879901960786,10.801384083044983,5.04353125339131,5.164042754638546,4.840400553334545,5.17132352681404,0.18663729810293067,0.18602630029765554,0.19175740747624123,0.18579595337965568,0.4320153910486647,0.43130766315665614,0.43790113893005717,0.43104054725704827,0.9679201515094055,0.9609397371984923,0.9837928984933664,0.9594006658335992
Normal- (412).jpg,Normal,468.44659926470587,570.1556478277585,233.58720894607842,588.3724875048057,0.5855975847218062,0.5479361243934259,0.6171324010137359,0.5457708549554822,9.06185661764706,10.673879277201074,6.1846660539215685,10.81905420991926,5.072623366637046,5.190012231518688,4.863067807392069,5.197594899672653,0.18697103474700236,0.18637262614961467,0.19199624947060626,0.1861192394431443,0.43240147403426177,0.4317089600061767,0.4381737662966671,0.43141539082784736,0.9672201873680516,0.960149306412922,0.9836567427483708,0.9588760511205103
Normal- (413).jpg,Normal,477.8007046568629,578.7397154940408,239.4033700980392,603.9366705113418,0.5836494822935095,0.5475463118265715,0.6152684828450771,0.5440932548340115,9.084313725490198,10.69524029219531,6.2506127450980395,10.881414840445983,5.080704764916863,5.196572574056567,4.8741857738184935,5.203005486766626,0.18804879311367637,0.1873824695526415,0.19307660939921703,0.18722710589086708,0.4336459305858598,0.4328769681475806,0.43940483542994496,0.4326974761780649,0.9664927462142707,0.9594614585611289,0.9832132500287475,0.9576965065840033
Normal- (414).jpg,Normal,477.33544730392157,583.325259515571,243.5926011029412,604.4723260284507,0.5854764702498959,0.5447606371363425,0.6144183164351159,0.5437963497797649,9.062071078431373,10.788419838523645,6.348360906862745,10.923752402921952,5.054904428412975,5.179480237836998,4.85774567883986,5.182850158737547,0.18857298021268867,0.18788405524093074,0.19366577887617592,0.18781310119241099,0.4342499052535172,0.4334559438292786,0.4400747423747197,0.4333740892028629,0.966486050303722,0.9590935092986541,0.9828998551126792,0.9576105420080069
Normal- (415).jpg,Normal,476.18498774509806,582.9178931180317,242.50885416666668,599.8308650519032,0.5826314759591971,0.5443673766790625,0.6124214055413167,0.5434788375736462,9.166299019607843,10.816393694732795,6.336580882352941,10.930103806228376,5.078924885212191,5.1969147048021895,4.876355059589728,5.201195740341612,0.18886931586934716,0.18829061486864912,0.19406915907399652,0.18810374432333946,0.4345909753657422,0.43392466496921916,0.4405328127097873,0.4337092854935659,0.9665673062813992,0.9591190238078476,0.9829745931797547,0.9579328896865071
Normal- (416).jpg,Normal,475.11709558823526,581.4748019992311,246.98034620098048,601.8471818531334,0.5831690984366313,0.5455276937663158,0.6154516101685314,0.5441356853451903,9.147426470588236,10.767535563244905,6.349341299019609,10.956724336793538,5.068422606773661,5.1812703572127665,4.859738433824388,5.189410113447904,0.1902649873809052,0.18964232246758084,0.19545823510451216,0.18949488134942324,0.4361937498187075,0.4354794168127592,0.4421065879451607,0.4353100979180511,0.9665693570777271,0.9591281603523708,0.9826213022134378,0.957696186619775
Normal- (417).jpg,Normal,469.13964460784325,583.4208073817763,251.35833333333338,596.5411149557863,0.5839551895241281,0.5442599790796793,0.6145624045617344,0.5448342193845633,9.056740196078433,10.768904267589388,6.390012254901961,10.854994232987314,5.048058539594014,5.166406091471547,4.848134894713895,5.170783347879393,0.1915437588513883,0.19089415696592016,0.19679803199284093,0.1908331761909218,0.43765712475794144,0.4369143588461246,0.44361924213546117,0.4368445675419597,0.9669614959063105,0.9589565803974053,0.9822980062707645,0.958033572026326
Normal- (418).jpg,Normal,462.3424632352941,575.2496424452136,247.28645833333331,590.7085582468284,0.5887283967565474,0.5484281538040675,0.6151349725490604,0.5487788958340504,8.93204656862745,10.662452902729722,6.366850490196079,10.760076893502502,5.010697356854054,5.130772734353472,4.819993945457869,5.1329617065656965,0.19302520012773036,0.192380650804019,0.19821523816711126,0.1922551962018572,0.43934633278056434,0.43861218724976053,0.44521369943782196,0.43846915079838533,0.9674147971015651,0.9594970163098335,0.9825697629450919,0.9584085632828676
Normal- (419).jpg,Normal,465.8262561274511,582.1280738177625,250.26151960784318,589.127474048443,0.5889810878631606,0.5509328817868093,0.6163309906606962,0.549448909107117,8.947671568627454,10.685428681276433,6.3487132352941185,10.723475586312958,5.01391078398253,5.134477843880697,4.824720450000797,5.136875369327727,0.19413786891422477,0.19361702512608273,0.19924009282787877,0.19337477683220353,0.44061079073738624,0.44001934630886713,0.44636318489306304,0.43974399010356413,0.9671340086395463,0.9589661670801433,0.9823398530168254,0.958472783866856
Normal- (420).jpg,Normal,447.3060968137256,561.2712495194156,244.8630667892157,575.1027297193386,0.5920050334226978,0.5514200946296035,0.6188504263782886,0.5507040101208073,8.743106617647062,10.529165705497885,6.251179534313726,10.57668589004229,4.987273198562791,5.112086018857805,4.799372940214316,5.113473680295922,0.19556312804495277,0.19508064330978492,0.20079760606084504,0.19481401495683565,0.44222520059914355,0.4416793444454754,0.44810445887186284,0.44137740648659807,0.9684476526959676,0.9604469990227534,0.9827251652605699,0.9594722892895671
Normal- (421).jpg,Normal,443.15704656862755,557.800553633218,242.2898743872549,573.2913033448674,0.5929406007639075,0.553030680445645,0.6227409947881347,0.5534077450838093,8.75965073529412,10.47912341407151,6.226026348039216,10.617347174163784,4.9637490547226655,5.085652886236909,4.77104855628257,5.089588609066185,0.1967093730898649,0.19617460826367178,0.20180915641858005,0.1959321501903639,0.44351930407803547,0.4429160284564917,0.44923174021720685,0.4426422372417299,0.968726539751697,0.9606705956598092,0.9828974570710372,0.9595783737984757
Normal- (422).jpg,Normal,453.5318321078431,568.812702806613,245.1232536764706,579.2039061899268,0.5959128713137611,0.5547870214223146,0.6247327574464032,0.5558693460721129,8.827542892156863,10.581776239907729,6.285232843137255,10.647166474432908,4.941303769954017,5.063645397594939,4.750766864338461,5.065867734718469,0.19817756509102577,0.19765202387926092,0.203372311707599,0.1974361356595317,0.445171388446097,0.4445807281914736,0.45096819367622704,0.444337862059415,0.9679663767430716,0.9598559049772567,0.982680700405197,0.9591225432679241
Normal- (423).jpg,Normal,444.8139399509804,550.6214994232987,234.20341605392156,566.6256516724337,0.5956045777420986,0.5582354828974723,0.6269882503655253,0.5560960985769536,8.728247549019608,10.37534794309881,6.118213848039215,10.522214532871974,4.91634307435613,5.031409327414283,4.7189779337580005,5.038798689425724,0.19932868813790075,0.19885973055346032,0.20456362784802573,0.19863253411095988,0.4464624151458897,0.4459369131990088,0.4522871077623435,0.44568209983233553,0.9685935559719059,0.9611499262612366,0.9834564110791547,0.9600207249938387
Normal- (424).jpg,Normal,446.7181985294117,549.0364321414839,232.14402573529418,566.5842368319877,0.6002698277887885,0.5616823297356962,0.6269318161107066,0.5588998370404985,8.669209558823528,10.289027297193387,6.096629901960785,10.437493271818532,4.881632280244244,4.998277427001504,4.692747748340098,5.005875788614613,0.2004811947421815,0.19992566098183912,0.2056519354879284,0.19979424102846308,0.44775126436692675,0.4471304742263036,0.45348862773825804,0.44698349077842137,0.9684715651075205,0.9612813767127237,0.9836099452727117,0.9600438871773203
Normal- (426).jpg,Normal,427.76522671568637,523.1561245674741,226.20706188725495,544.2725259515571,0.6051196499280282,0.566411453413194,0.6300553871535981,0.5646674209376581,8.40698529411765,9.992633602460593,6.010707720588236,10.17690119184929,4.8356054614082575,4.950959569887926,4.657997839007496,4.959634650036577,0.2037391518868195,0.2032981673123977,0.20913412819363356,0.20306204874031084,0.4513747355433393,0.45088598039016214,0.4573118500472446,0.4506240658690022,0.9697536824918416,0.9630412845629827,0.9840003992544456,0.961549502218939
Normal- (427).jpg,Normal,413.4926164215687,513.3845905420992,220.12164522058822,521.9217685505575,0.6045321160606801,0.5647245394979414,0.6326792965526458,0.5655025584810781,8.347732843137257,9.987281814686657,5.942264093137256,10.014009996155327,4.8314746827359,4.947382462283936,4.648020285523536,4.9492819377608415,0.20506133082828729,0.20466689353354015,0.21042126753475984,0.20439879696109547,0.4528369804115906,0.45240125279837606,0.45871697977593967,0.45210485173363874,0.9707317353976557,0.9636897095702405,0.9844126606856343,0.963085898278183
Normal- (428).jpg,Normal,417.9951593137256,515.560030757401,223.86772365196083,532.6278046905037,0.606979450436881,0.5669529210035491,0.6317237303978896,0.5667418667303108,8.334252450980394,9.955693963860055,5.9918964460784325,10.076785851595542,4.8068795292411135,4.923746884308811,4.630616235521458,4.926393587642875,0.20694616509143873,0.20655426687248468,0.212248411372917,0.20636815503338338,0.45491335998345744,0.45448241646128035,0.4607042558658613,0.4542776188999227,0.9703696923699581,0.9634817134129743,0.9841235778497591,0.9622727642650427
Normal- (429).jpg,Normal,399.91590073529414,495.2020915032681,216.40511642156866,505.3439446366782,0.6047354524694436,0.5675167539237185,0.633971058892355,0.5664531546827554,8.175674019607843,9.733394848135333,5.87576593137255,9.863406382160708,4.794491501656755,4.905705207748958,4.611602069301191,4.912085206889664,0.20848318320702977,0.20816212485039254,0.21384167710435906,0.20789306629618248,0.45659958739253126,0.45624787654343396,0.462430186195018,0.4559529211400915,0.9716340953370177,0.9649005369293258,0.9846424431205937,0.9641816918242018
Normal- (430).jpg,Normal,373.1695925245099,694.5503883121877,489.9523284313725,687.1082968089197,0.6448488272518244,0.5875587791415755,0.6326225587553903,0.5891808567207792,7.551639093137256,11.243567858515956,8.58155637254902,11.12881199538639,4.469006803218747,4.710279159493651,4.532460792200965,4.693687739250944,0.2377817780327128,0.2300761791999971,0.2341693531756491,0.231383393102437,0.4876287297039755,0.4796625680621713,0.48391048053916863,0.4810232770900354,0.97331820085644,0.9504146000574344,0.9649725478262997,0.9509459064821495
Normal- (431).jpg,Normal,371.6559283088236,699.6704344482891,492.83938419117646,684.3789926951174,0.6436881384847227,0.5874923834188703,0.6337240302535412,0.5904782961590161,7.5499846813725515,11.242106881968475,8.568857230392156,11.079154171472512,4.470404487278036,4.703425142608264,4.529314395396596,4.689194543888496,0.23778519492202524,0.23013414229673287,0.23417582710263177,0.2313549960156394,0.4876322332680903,0.47972298495770754,0.48391716967124837,0.48099375881152495,0.9734478869579475,0.9500893954980137,0.9647945959533598,0.9511802020606915
Normal- (432).jpg,Normal,369.6572150735294,699.1890196078431,494.272993259804,683.7382852748942,0.6467229395935236,0.5902689208347075,0.6357180134233114,0.5918065646435797,7.467784926470587,11.192741253364089,8.553140318627452,11.038154555940023,4.4682064886396855,4.703306542183217,4.5320700513646495,4.692631911428215,0.2381227112403058,0.23043944503644453,0.23448661631137224,0.2316627090902399,0.4879781872587194,0.48004108682116425,0.4842381813853305,0.48131352473230987,0.9735452109036323,0.9500379113843637,0.964631452920924,0.9511419775757239
Normal- (433).jpg,Normal,370.0529258578431,702.4332026143792,500.2583639705882,690.0103806228374,0.6442774523881427,0.5889427779816591,0.6370469725593458,0.5906236096785381,7.497166053921568,11.27450980392157,8.613082107843137,11.124998077662438,4.459938192985077,4.694402655001856,4.5210546966886564,4.6859913420846375,0.2379763827971063,0.23028801680836983,0.23434632626555152,0.2314976936827154,0.48782823083243787,0.47988333666462085,0.4840933032645169,0.4811420722434439,0.9735403376151147,0.9498505801277591,0.9642348338413881,0.9507374933797713
Normal- (434).jpg,Normal,372.6630055147059,712.0682199154171,505.8734221813726,695.2837831603229,0.6469105181788135,0.5884322576586702,0.6343419024702249,0.5895680220703778,7.4577052696078425,11.318600538254518,8.695542279411764,11.18609765474817,4.4591074431137105,4.7019659272257694,4.5307148554481325,4.6947799886506045,0.23839209662543404,0.23067276280483015,0.23472352024593157,0.23190792965353121,0.48825413119136435,0.48028404387906765,0.484482734724295,0.4815681983411396,0.9733173999804782,0.9490934392181573,0.963784089090066,0.9502933775470491
Normal- (435).jpg,Normal,371.70634191176475,711.4192233756248,506.97673100490204,693.5994309880815,0.6460601221404485,0.5865877750923033,0.6341294942667688,0.591132554393125,7.444025735294119,11.304713571703193,8.693550857843139,11.141853133410228,4.464823161873822,4.707875501630265,4.534540664601874,4.697009501280089,0.23816979560426732,0.23044232353185065,0.234500434755225,0.23166075331686378,0.4880264292067258,0.4800440849878797,0.4842524494054986,0.4813114930238668,0.9733886667277979,0.9491452428059971,0.9637090252470314,0.9504190644646473
Normal- (436).jpg,Normal,377.7004136029411,717.3121568627453,506.06541053921575,702.5679507881584,0.6450981189633715,0.5874668998115931,0.6327684838941142,0.588933523209946,7.522625612745097,11.326089965397925,8.624571078431375,11.20170703575548,4.463777984388896,4.704905077921032,4.529796957012875,4.693253088194619,0.23866544131726686,0.2308855649965167,0.23496776200954111,0.23215164049079987,0.48853397150788486,0.4805055306617362,0.484734733652893,0.4818211706544243,0.9729379172384227,0.9486830666355847,0.9637454445159505,0.9497378758053464
Normal- (437).jpg,Normal,382.54270833333334,723.9274586697426,518.1043045343138,720.846428296809,0.6457380709337721,0.5880890397530147,0.63210359585272,0.5891144896791015,7.537530637254902,11.32565936178393,8.701792279411766,11.270634371395618,4.458693392205628,4.697964501137921,4.52739361785375,4.689223641841959,0.2385153553752614,0.2308163542221436,0.23485808739521005,0.23206363163489158,0.4883803388500211,0.4804335065564678,0.48462159196140864,0.4817298326187528,0.972609538883627,0.9482448075269089,0.9629083175504694,0.9484650772763937
Normal- (438).jpg,Normal,381.8374693627452,726.0230526720491,521.9562959558823,721.8011380238368,0.6446696001688282,0.5878913034307383,0.6316844347463693,0.5873286773955302,7.56498161764706,11.433279507881583,8.805775122549019,11.349557862360626,4.454813574779749,4.694011713692764,4.523794654397015,4.684930465751968,0.23886142564984036,0.23115514681677593,0.23523876971897822,0.23238996245639978,0.4887345144859736,0.48078596778272964,0.4850141953788345,0.4820684209283987,0.9726815348654242,0.9481359045108934,0.9626618383896514,0.9484375006980337
Normal- (439).jpg,Normal,377.15026041666664,719.8684044598232,516.2556066176471,710.6621299500193,0.6457389601638004,0.587098840503946,0.633459525959453,0.59064548842555,7.515609681372549,11.382191464821224,8.726102941176471,11.244152249134949,4.450572152739758,4.693485786964262,4.520080060653857,4.6796859335686545,0.23907388313877173,0.23135235887300323,0.2354924483484417,0.23260828501621755,0.4889518208768342,0.4809910174556311,0.4852756416187008,0.4822948113096569,0.9729867496521554,0.9485182435533472,0.9630285662084836,0.9491766349748326
Normal- (440).jpg,Normal,373.7968443627451,725.0949480968859,517.3464613970589,704.8912725874665,0.6437010249132752,0.5867579192345702,0.6338065801740473,0.5891932649825264,7.465134803921568,11.38323721645521,8.71484375,11.16968858131488,4.47023269186735,4.711620769116125,4.536754784146232,4.6976161702962305,0.23929269675519182,0.23156332330702364,0.23575668481623657,0.2328648747021707,0.48917552755140137,0.48121026932830896,0.4855478192889312,0.4825607471626455,0.9731969104738942,0.9480866465291398,0.9629099912074313,0.9495331337111065
Normal- (441).jpg,Normal,376.07152267156874,726.7042675893887,518.8121017156861,704.4743867743176,0.6425571345558495,0.5850252417604832,0.6310433904972717,0.5887669251075245,7.507276348039217,11.422698961937716,8.751041666666664,11.183836985774702,4.48622268045164,4.727137004844809,4.55388603945756,4.710561850566042,0.23972274821339007,0.2320144156544646,0.23615989206938126,0.23329292572386248,0.48961489786707885,0.48167874735602006,0.4859628505033911,0.4830040638792416,0.972982073337765,0.9478717053771107,0.9627337865334307,0.9494663097137599
Normal- (443).jpg,Normal,366.2678002450981,704.2831526336025,503.0333639705882,686.0890119184929,0.6449778252287599,0.5885046235806122,0.631516585120448,0.5872996692777994,7.419025735294117,11.194586697424068,8.616452205882354,11.07933871587851,4.485452959998555,4.724511834602989,4.5544081914660115,4.716076121385135,0.2407349337966843,0.23293660247493025,0.23711046441066086,0.23414335307997494,0.4906474638645188,0.4826350613817134,0.4869398981503373,0.48388361522165113,0.9736562181071967,0.9494225309685623,0.9638243832562957,0.9507291270231903
Normal- (444).jpg,Normal,364.64183517156874,703.1736716647443,502.0066942401961,682.5788850442137,0.6442040258837862,0.5874815430387934,0.6313794038637104,0.5887070488239697,7.389353553921571,11.18978854286813,8.60078125,11.02957324106113,4.48327220268035,4.72381324622659,4.554547790788319,4.713648124088085,0.2416125125731015,0.23382314559463938,0.23799965981289503,0.23502682719996057,0.49154095716745877,0.4835526296016178,0.48785208804810404,0.4847956550960008,0.9737633448393631,0.9494834899427581,0.9638846190243705,0.9509630344526937
Normal- (445).jpg,Normal,365.7403952205883,708.5183698577471,501.01246936274515,679.7822529796232,0.6438019040986769,0.5877710865122125,0.6303212240103654,0.5882866601322193,7.423452818627453,11.293148788927336,8.617095588235296,11.00138408304498,4.479064049920254,4.719431724577872,4.5482831831562995,4.704285404742967,0.24208733100700466,0.23430786674335322,0.23847015439524466,0.23552822534023743,0.4920237098016768,0.4840535783808991,0.48833406024487447,0.48531250276521565,0.9736841905559519,0.9490995393644949,0.96395596874701,0.9511639623183636
Normal- (446).jpg,Normal,362.43648897058824,705.5004536716647,502.4495863970587,676.7073433294886,0.6458765562680756,0.5869265373698145,0.6330033287997396,0.5925712645006547,7.385539215686274,11.26706651287966,8.616957720588234,10.958600538254515,4.460879472734826,4.705399427506853,4.530426186912269,4.68525607341066,0.24204870919913618,0.23424010786966995,0.23842053264895105,0.23549403472269326,0.4919844603228197,0.483983582231536,0.48828325042842813,0.4852772761243754,0.9739309667138576,0.9493340612585878,0.9638650517021972,0.9514018557683984
Normal- (447).jpg,Normal,368.3386948529412,715.149142637447,503.82173713235295,678.4015532487504,0.644125608532846,0.5902013890205082,0.6350764659405149,0.5923271437117167,7.462561274509803,11.302468281430217,8.605101102941177,10.975086505190308,4.452517504262472,4.691001975675918,4.513806697431733,4.672848150997824,0.242736554642633,0.23492512189955622,0.2391086199099355,0.2361363539087751,0.49268301639353573,0.4846907487249537,0.48898734125735355,0.4859386318340775,0.9734909240233867,0.9486111513271361,0.9637450103130389,0.9512517422159454
Normal- (448).jpg,Normal,367.94456188725485,717.2491810841984,502.5262101715686,676.9097116493656,0.6472280165642433,0.5899605932793941,0.6360336162314586,0.5946229879977172,7.419776348039214,11.293410226835832,8.568887867647058,10.954678969627068,4.446013732512272,4.687677488323274,4.511255546691269,4.666236245381133,0.24347887003252208,0.23561111541253546,0.23975718590994147,0.23681445550546099,0.4934357810622595,0.48539789391028004,0.48965006475026784,0.48663585513755664,0.973536162926958,0.9484933698679509,0.9638611465364629,0.9513902015224146
Normal- (449).jpg,Normal,366.7954963235294,728.1916493656288,507.76302083333326,673.4075816993466,0.6459693238868335,0.5905200909995646,0.6369189083079666,0.5941349666637492,7.420894607843138,11.332810457516343,8.542003676470587,10.853763936947328,4.448043664343219,4.6877858589439425,4.508153099753759,4.664519660143709,0.24315356719865114,0.2353660158212595,0.23950365394319495,0.23654142876168793,0.493106040521358,0.4851453553536914,0.4893911052963621,0.48635524954675663,0.9736133974724106,0.947696812620157,0.9634770626178707,0.9516317401341924
Normal- (450).jpg,Normal,364.00637254901966,732.8508727412534,510.7825980392157,672.005505574779,0.6487475909601257,0.5908969344552293,0.6363992224628139,0.5953748698336783,7.349295343137254,11.339054209919263,8.586121323529412,10.836416762783546,4.445487292824479,4.6873681682371915,4.51417151319887,4.665634571940599,0.24351066815216058,0.23567252355103718,0.23977957626160917,0.23685496977842938,0.49346800114309397,0.48546114525370326,0.48967292784225797,0.4866774802458291,0.9738397296933056,0.9474139639049585,0.9632960181785986,0.9517799499371018
Normal- (451).jpg,Normal,359.8294883578432,731.4851364859669,511.08210784313735,671.3604152249134,0.6493587142734647,0.5928490778809203,0.6357927055355225,0.5947564269098404,7.320664828431374,11.313356401384084,8.574601715686276,10.822622068435216,4.444043262401383,4.69056908712524,4.517872334138811,4.668616316062582,0.24437214606086022,0.23644867290713165,0.24057952740063182,0.23765046614283883,0.4943401117255813,0.48625988206629966,0.49048906960362715,0.48749406780271576,0.9740956496943752,0.9474223378227488,0.9632116181681024,0.9517439803624062
Normal- (452).jpg,Normal,364.39995404411764,739.5973241061131,523.0332873774512,689.5726874279123,0.6470600274134998,0.5924458891442652,0.6358363385130663,0.5942578796489398,7.397931985294118,11.369780853517877,8.711351102941178,11.03295655517109,4.440525633120634,4.677352371202671,4.510808177123452,4.664098618127938,0.24482335367463098,0.23693141616930527,0.24101588535565505,0.23807094724901742,0.49479627491992195,0.48675601297704096,0.490933687330229,0.48792514512885826,0.9737700024686864,0.9468463861125591,0.9623561554570365,0.9504415724878834
Normal- (453).jpg,Normal,373.1278492647059,754.2165474817378,529.1524662990196,692.0559630911189,0.6482658419613888,0.591892330823878,0.6357180707179136,0.595243079202412,7.478615196078431,11.452103037293352,8.744316789215686,11.042506728181468,4.4419231883039565,4.682237256100537,4.511855788814483,4.664699276650612,0.24497600879544526,0.23711596270384275,0.2411989346232519,0.23825661564231423,0.49495051146093916,0.4869455438792337,0.4911200816737714,0.488115371241589,0.9731371727186889,0.9457866570167336,0.9619092087804605,0.9502547810493615
Normal- (454).jpg,Normal,372.4855545343139,750.2865205690118,522.8664215686274,688.0333256439832,0.6472463853598831,0.5916767893099435,0.6354389776984749,0.5934219323343841,7.483777573529414,11.464590542099192,8.717371323529411,11.036293733179548,4.443489314448778,4.684228219627274,4.51282500542992,4.666425903493939,0.24513212773764162,0.2373020537305542,0.24135045281468515,0.23840322556565574,0.49510819801094147,0.48713658631902634,0.49127431524015697,0.48826552772610904,0.9731780330831531,0.9460584263922007,0.9623541406231894,0.9505340969584564
Normal- (455).jpg,Normal,374.9398131127451,753.6019069588622,521.939813112745,691.8598077662435,0.6483454379615999,0.5924163558737927,0.6367258083978475,0.5942416528911503,7.490487132352943,11.471680123029605,8.71891850490196,11.100776624375236,4.442778309637539,4.68396642282293,4.511431605068967,4.66808360654878,0.24486195647501122,0.23708490529697487,0.2411227925031839,0.23814118291533376,0.49483528216469286,0.4869136528143105,0.49104255671294306,0.48799711363422404,0.9730372716087776,0.9458920465966165,0.9624708450454003,0.9503250749572038
Normal- (456).jpg,Normal,372.8028952205882,743.4167320261439,518.4583946078433,691.7967089580932,0.6463266396601798,0.5923627747751932,0.6362461646685555,0.5933694702976262,7.493458946078432,11.39372549019608,8.691115196078433,11.095717031910805,4.447981216101683,4.688178322296417,4.515895007240683,4.671666485832411,0.2445990593311467,0.23682757724419423,0.24084273230154124,0.2378990197630491,0.49456956975853933,0.4866493370427974,0.4907573048886193,0.4877489310731999,0.9731571941710099,0.9465560888765463,0.9626742771260561,0.9502670302721221
Normal- (457).jpg,Normal,368.47890625,748.2795847750864,528.3258731617647,692.414640522876,0.6465378485029698,0.5920723142857394,0.6356419033113899,0.5937889246191802,7.415180759803921,11.395309496347558,8.710983455882353,11.000569011918497,4.452653815589451,4.694261030763249,4.52115853088998,4.673326420109149,0.24474034034761272,0.23691379552507003,0.24100716432118965,0.2380503570551711,0.49471238143755075,0.48673791256185295,0.4909248051598021,0.48790404492601935,0.9734810049755005,0.9462317351745281,0.9619816385309133,0.9502459581710245
Normal- (458).jpg,Normal,361.9276194852941,739.0665128796619,525.4834405637255,690.9030988081508,0.6466209832762951,0.5911144339667633,0.6340967340248284,0.5933820556556847,7.345082720588235,11.350188389081126,8.740211397058824,11.032064590542102,4.444720628755044,4.68932119823215,4.5223623862669715,4.672007861933037,0.24481398884950356,0.23697556019399874,0.24105265146949942,0.2381497844631668,0.49478681151532683,0.48680135599030405,0.4909711309939714,0.48800592666807524,0.9739084072337338,0.9468037101799225,0.9621220665780252,0.9502704007808668
Normal- (460).jpg,Normal,352.22198223039214,736.7451903114186,527.771982230392,692.2034909650133,0.6445629178779713,0.5888322591797628,0.6301888367548034,0.5905069869136864,7.28702512254902,11.394048442906573,8.76499693627451,11.040430603613991,4.474755704014351,4.725485088460772,4.553704682483085,4.70468071412661,0.24467994933401518,0.23682840867551447,0.24084344989288228,0.23799306645877918,0.4946513411828732,0.4866501912827267,0.49075803599419776,0.4878453304673308,0.9746081474283955,0.9469707512740245,0.9619554355040512,0.9501767618247274
Normal- (461).jpg,Normal,351.3440870098039,733.3897116493658,524.6154411764705,690.972579777009,0.6445148061956861,0.5866145131734736,0.6311275441673011,0.5902726038018234,7.2940563725490195,11.395063437139566,8.737990196078432,11.058300653594774,4.471294392361774,4.721563205841425,4.551154924550905,4.702913048079813,0.24430168717973552,0.23654498602480548,0.24050600725795074,0.23770153241566666,0.49426884099620877,0.48635890659553616,0.49041411812666114,0.48754644129115193,0.9746778117684295,0.9472254946322807,0.9621920915943117,0.9502778188169856
Normal- (462).jpg,Normal,344.55335477941173,728.6580084582854,521.6568321078431,679.8870126874281,0.642040099717053,0.5855749473456886,0.6287065748148547,0.5868306443206747,7.27345281862745,11.391357170319107,8.747886029411765,11.000645905420992,4.478022054963466,4.730339828512154,4.557393349465153,4.708335463558677,0.24459982045198217,0.23685023756130827,0.24075847715196688,0.2379529434823888,0.4945703392359697,0.48667261846266663,0.4906714554077574,0.48780420609337594,0.9751369170533145,0.9475019558152558,0.9623594719829904,0.951015787902725
Normal- (463).jpg,Normal,344.7069699754902,727.8275893886967,520.1185661764705,673.6740484429066,0.6424386308851631,0.5850661667000594,0.6296157489321973,0.5889558261741094,7.269010416666667,11.41214917339485,8.71035539215686,10.917693194925029,4.479554201656809,4.734010131394892,4.558939322264125,4.7061865998157,0.2445964549532857,0.2368253086937106,0.24078018417270394,0.23804329775272023,0.4945669367773039,0.4866470062516676,0.4906935746193381,0.48789681055805256,0.9751006900968299,0.9475089129831598,0.9624325819106987,0.9514144783553697
Normal- (464).jpg,Normal,331.2543658088236,705.012395232603,506.9675551470588,654.1824990388312,0.6423052047201396,0.5849266348618604,0.6266750104187043,0.589042065213249,7.1355851715686285,11.215578623606305,8.62126225490196,10.735670895809305,4.491278535317441,4.747106532360834,4.57278857681256,4.716997050075877,0.2447704200495303,0.2370361338266224,0.24097232289151113,0.2382513754136795,0.49474278170533253,0.4868635679804173,0.49088931837178035,0.48811000339439825,0.9760491502933915,0.9491048584197399,0.9633466598545334,0.9527742900223409
Normal- (465).jpg,Normal,321.95007659313734,694.7747174163783,498.6610753676471,641.1716724336794,0.6442386558004816,0.5849976811227635,0.6299293288656334,0.5894847911068719,6.9931525735294136,11.1041906958862,8.490701593137254,10.544559784698194,4.495317351748374,4.753777853985506,4.574608679432286,4.721846550711007,0.24537770178537122,0.23754696695634028,0.24149138794179972,0.23873579844856055,0.49535613631545056,0.48738790193883585,0.4914177326285649,0.4886059746345316,0.9766920616624867,0.9497797288572571,0.9639010465165428,0.9536543077468264
Normal- (466).jpg,Normal,319.7724724264707,687.5621068819685,493.0144148284315,634.1431449442522,0.6448945263549972,0.58579020995871,0.6292567726786071,0.5905281204174646,6.912423406862747,10.977593233371781,8.381755514705883,10.38246828143022,4.512286941994393,4.770876307264179,4.594190792814978,4.736067946816639,0.24551634252094304,0.23771716228387002,0.24162770354532365,0.2389064026922482,0.495496057018563,0.4875624701347203,0.49155640932178235,0.4887805260976016,0.9768363474052351,0.9502724324929744,0.9642892378962992,0.9541359307999995
Normal- (467).jpg,Normal,312.90772058823535,674.8630526720492,483.5615196078431,623.1547558631296,0.6442555206657946,0.5844450994456902,0.6285143220087226,0.5916215784412825,6.860784313725492,10.897162629757787,8.302604166666667,10.259684736639755,4.516122475034766,4.776455107984708,4.59807316002424,4.735723249800372,0.24575557287818256,0.23796698072976694,0.24193317065739442,0.23921956636617292,0.4957374031462449,0.4878185940795686,0.4918670253812451,0.4891007732218105,0.9772637435583622,0.9510404695423902,0.9648660336428765,0.954791769783978
Normal- (468).jpg,Normal,311.57480085784306,667.9367474048444,479.9795649509804,620.3687658592851,0.6459331374425774,0.5870199900623657,0.6327492541621895,0.5950866905478799,6.868121936274507,10.870788158400615,8.263419117647059,10.213656286043832,4.516081891001848,4.773313838426899,4.592168191916766,4.734153920804625,0.24580316187922,0.23805445816022314,0.24207272328307475,0.23932803723052729,0.4957853990177807,0.48790824768620494,0.4920088650452091,0.48921164870690403,0.9773768397927713,0.9515777346993964,0.9651511122435965,0.9550261891094319
Normal- (469).jpg,Normal,310.8350337009804,669.4357093425605,481.3697916666667,624.6491503267973,0.645563556129841,0.5892452519050281,0.6336264732169845,0.5939141836736287,6.8895373774509805,10.890442137639369,8.266727941176471,10.283752402921952,4.497170780202315,4.751994166234086,4.569610864356686,4.716107051246012,0.24622122078572542,0.23839306356159992,0.24241961721547153,0.23969564623430986,0.49620683266731164,0.48825512138798904,0.4923612669732171,0.4895872202522344,0.9774460811517912,0.9515025160845383,0.9650742287557637,0.9547470926662521
Normal- (470).jpg,Normal,315.2167279411765,675.179500192234,481.6263020833333,630.0715570934258,0.6454603454296062,0.5882013192764999,0.632369922505039,0.593154704714531,6.938725490196078,10.952602845059596,8.327558210784314,10.407581699346407,4.496248583481163,4.750855352403979,4.573698104031152,4.720695229770968,0.24619856456388473,0.23844673351168721,0.2424060138378268,0.23969798691864444,0.4961840027287102,0.48831007926489417,0.4923474523523269,0.489589610713549,0.9771602373151024,0.9511549869500796,0.9651045749219344,0.9544182644469364
Normal- (471).jpg,Normal,315.7559589460784,674.2826912725875,482.6299172794117,632.4547481737793,0.6474115326713266,0.590448491560357,0.6329332322638096,0.5939501268740952,6.956694240196079,10.941514801999231,8.341559436274508,10.447889273356402,4.484967428352484,4.739709813400802,4.562034493245361,4.7089697254183545,0.2462451635329186,0.23857789898629758,0.2425233034150777,0.23980831670781091,0.49623095785422194,0.48844436631646965,0.49246655055453026,0.4897022735375147,0.9770946211985533,0.9511634202990853,0.964991246646125,0.9541929117917629
Normal- (472).jpg,Normal,315.69496017156854,668.967843137255,476.2616881127452,628.2925028835065,0.6467955503623461,0.5902732300795821,0.6327577608504302,0.5940583531664488,6.9651501225490176,10.886428296808923,8.306265318627453,10.455517108804306,4.496944621360432,4.747927147665258,4.571583005969748,4.719534732315603,0.24634834615142007,0.23870309899144165,0.2426457845005153,0.23997705824261542,0.49633491329083435,0.4885725114979778,0.4925908895833492,0.48987453316396784,0.9770909918867047,0.9515311963367337,0.9654409615206881,0.9544782514170642
Normal- (473).jpg,Normal,320.5866881127451,667.7760707420223,473.0879289215686,630.0056132256823,0.647253510992606,0.5898972388534431,0.6332249781037915,0.5944190625383862,6.987178308823529,10.890472895040368,8.262285539215686,10.44947327950788,4.491440095755561,4.742974798787919,4.563977384671503,4.71151044769564,0.24709202597389682,0.23938931280829653,0.24336875730732319,0.24073236564589862,0.49708352011900053,0.4892742715576781,0.49332419087991536,0.4906448467536357,0.9767369470491306,0.9516197193115722,0.9656726001061465,0.9543561835492624
Normal- (474).jpg,Normal,314.11816789215686,658.148589004229,469.09843750000005,624.8497347174164,0.645061316704786,0.5891357897129615,0.6335795083354616,0.5929718469851126,6.942738970588236,10.824236831987694,8.23030024509804,10.409319492502885,4.499657990229708,4.746238387746103,4.568483076206312,4.718977446441089,0.24746809147266838,0.23978050224967437,0.24376653064814327,0.24108567559190036,0.49746164824302624,0.48967387335825296,0.49372718240759567,0.491004761272129,0.9771515028092383,0.9522025964057862,0.9658802274469439,0.9546208934350021
Normal- (475).jpg,Normal,315.2338388480392,654.4350634371397,463.60531556372547,618.6736793540947,0.6454193980751408,0.591433612390664,0.6357690441839015,0.5940936810117459,6.938740808823529,10.776839677047288,8.165088848039217,10.345067281814687,4.496598372937864,4.739551469811518,4.561984353770986,4.7118037471733265,0.24810494064688915,0.24042261910621726,0.2443925212667979,0.24169300997856527,0.4981013357208442,0.4903290926573879,0.4943607197854598,0.491622833052499,0.97705404971059,0.9524386572810327,0.9662558342219799,0.955037630868336
Normal- (477).jpg,Normal,309.91640625,653.2757093425604,458.8448835784315,606.2094425221069,0.6466247640053246,0.5898636259046457,0.6344056617315874,0.5944229584087365,6.844715073529411,10.699838523644747,8.071170343137256,10.172564398308342,4.504928469833029,4.7552972256340835,4.574053818088187,4.723335780826151,0.24898332595091888,0.24128013024298883,0.24521607161026568,0.24257090401305142,0.49898229021771795,0.4912027384318911,0.49519296401530755,0.49251487694591667,0.9773764585868414,0.9523869802680087,0.96650654001879,0.9558173344948457
Normal- (478).jpg,Normal,315.66829044117645,658.6602076124566,463.299080882353,615.2059054209919,0.6458843216037086,0.5909395036207945,0.6332118034690519,0.5931309070223064,6.88204656862745,10.717723952326027,8.091789215686275,10.224344482891196,4.505669343055755,4.75038277465748,4.571512892907409,4.724767692017416,0.2493045356043574,0.2416149296968411,0.24553283597542114,0.2428705214227929,0.4993040512597083,0.4915434158818945,0.4955127001151647,0.4928189540011554,0.9769390173883028,0.9519579975511204,0.9661557437068881,0.9551275099463873
Normal- (479).jpg,Normal,316.24005821078435,665.8048135332565,471.00954350490207,623.2588696655133,0.6469448908025307,0.5899572376922823,0.6341272962143615,0.5937054055113756,6.880836397058825,10.781361014994234,8.138679534313727,10.26792772010765,4.510847381728152,4.761513910286654,4.577055274837743,4.731915176386787,0.24951903757156202,0.24184999665198414,0.24575060934252313,0.2431088278973529,0.4995188060239194,0.49178246883351195,0.4957323969063583,0.49306067364712114,0.9768748689263608,0.9513899193045701,0.9655590453779159,0.9544961776593255
Normal- (480).jpg,Normal,314.82201286764695,673.5617839292581,479.65523897058813,626.9829603998462,0.6479996288623242,0.5911111131439329,0.6343151285118529,0.5934948693743649,6.867417279411763,10.776762783544791,8.16378676470588,10.24647443291042,4.515305746495915,4.766181090621481,4.5848597683587515,4.736134838751921,0.24998534698662317,0.24222420744039974,0.24622868392340075,0.24353187945191873,0.4999853467719061,0.4921627855094285,0.49621435279866777,0.49348949274723036,0.976960480554283,0.9507850373153232,0.9648994441370281,0.9541884000306533
Normal- (481).jpg,Normal,318.32867647058833,683.9092349096502,482.87389705882356,630.5050365244138,0.6457082809791864,0.5897076576920227,0.6352197262331056,0.5953194067424463,6.939920343137258,10.895040369088813,8.19705882352941,10.2961937716263,4.528122245015815,4.775514876128319,4.592240648816132,4.744584264679732,0.2506450913842484,0.2429268587880833,0.24689581249549458,0.24419599346715645,0.5006446757773905,0.49287610896459905,0.4968861162233199,0.494161910174344,0.976704482554034,0.9500306537367668,0.9646648163034894,0.9539325938551436
Normal- (482).jpg,Normal,322.31510416666663,681.9214917339484,479.1393229166665,631.48984236832,0.6460536797404541,0.5922556336908258,0.6363471769198492,0.5968630345392957,6.959987745098039,10.842952710495961,8.17783394607843,10.284275278738946,4.529135934772064,4.773516954873167,4.590853190329291,4.74592659439491,0.251081369906744,0.24334953146255364,0.24731471547526782,0.24457036673411478,0.5010802030680758,0.49330470448045965,0.4973074657344969,0.49454056126278945,0.9763827272638472,0.9501125667272899,0.9648928649756969,0.9538020024952745
Normal- (483).jpg,Normal,323.6162224264705,679.5300730488275,478.87463235294115,630.0269896193771,0.6458277984635019,0.5922800327364561,0.6369843727607533,0.5964519284913145,6.95500919117647,10.779561707035755,8.12922794117647,10.266005382545176,4.535333641180977,4.77403382776182,4.591895263928187,4.747824572208724,0.2519807262193324,0.2441903417208151,0.24814414992693623,0.24538324085271074,0.5019768184083129,0.4941561916244854,0.4981406929040592,0.49536172727887523,0.976262707358399,0.9502360335759419,0.9648754906738378,0.9538612885563693
Normal- (484).jpg,Normal,323.97630208333334,671.4071818531334,473.33950674019593,628.9414532871973,0.6443406935249537,0.5930594626418758,0.635175856396331,0.5949361725811454,6.969715073529412,10.686228373702422,8.096675857843135,10.267158785082662,4.535363248203042,4.769593249549144,4.591590253916361,4.748672387714387,0.25190449997353026,0.2441733157669668,0.2481029865128495,0.24531597000591704,0.5019008866036503,0.49413896402425783,0.49809937413416766,0.49529382189354737,0.9762060497969497,0.9507682882266504,0.9652382812825556,0.9538821371182173
Normal- (485).jpg,Normal,323.06585477941184,668.1198462129951,468.1052389705883,620.4129950019222,0.6469457033353001,0.5928159152014785,0.6354338354557854,0.5963243512887171,6.981418504901963,10.692487504805843,8.056832107843137,10.23346405228758,4.525362705085233,4.760759209973445,4.580243264951102,4.736483550569924,0.25307513549757754,0.2452463972615152,0.24922720058841555,0.24654692222743993,0.5030657367557222,0.49522358310314263,0.4992266024446369,0.4965349154162675,0.9762612828586672,0.9509855757641072,0.9656060650650093,0.9544854326497726
Normal- (486).jpg,Normal,323.36136642156873,669.084951941561,470.0989736519608,614.5697962322184,0.6457703246523387,0.5925203444582792,0.635660248644432,0.5943680229902869,6.955055147058825,10.676524413687044,8.065916053921569,10.201230296039986,4.515811643789602,4.752274103887274,4.572514894202076,4.728821736082583,0.2535435474693479,0.2457154743517598,0.24971306823941666,0.24704685344899582,0.5035310789507912,0.4956969581828799,0.49971298586230145,0.4970380804817633,0.9762126004506473,0.9508592723073259,0.9654209417218772,0.9548631202702232
Normal- (487).jpg,Normal,324.46011029411784,679.4348942714339,475.26764705882357,619.5846212995001,0.6481502109684414,0.5947522641156324,0.6376602243791705,0.596436074142809,6.989338235294121,10.749926951172625,8.094914215686275,10.270480584390617,4.497570980951154,4.733434326082904,4.55312612231751,4.712120169605791,0.25406794939990796,0.24621377239198042,0.2502354986710716,0.247528127545656,0.5040515344683596,0.4961993272788471,0.5002354432375534,0.497521986997214,0.9761466097499557,0.9501302635409812,0.9650627841293451,0.9545232044471308
Normal- (488).jpg,Normal,325.80591299019613,686.9866205305652,481.1673866421569,622.904129181084,0.6478709829321369,0.5943455979919392,0.6379344406317103,0.594486555239313,7.034497549019609,10.854978854286813,8.18702512254902,10.390603613994616,4.503031800467299,4.740278459911244,4.560126425752031,4.723330539706197,0.2540091327225782,0.2461844292874668,0.2502041047538807,0.24747916923680455,0.5039931871787338,0.4961697585378081,0.500204063112127,0.4974727824080475,0.97604203759438,0.949564186930738,0.9646209658067151,0.9542688674268722
Normal- (489).jpg,Normal,328.0160386029412,690.2889965397924,484.03230698529427,631.3776547481739,0.6478026822525321,0.5948997916978346,0.6381541566412813,0.5985113087860221,7.061259191176472,10.856224529027298,8.17452512254902,10.397108804306036,4.506075179395959,4.7361251605115715,4.560122080615286,4.72098979083587,0.25448832334806637,0.24669254332576365,0.25063818533023663,0.2479671236375682,0.5044683571326019,0.4966815310898561,0.5006377785687339,0.49796297416330887,0.9758701838432146,0.949301981972027,0.9643965683000774,0.9536287035092018
Normal- (490).jpg,Normal,332.09664522058836,692.6621914648213,485.01004901960783,638.7016839677046,0.647319347914538,0.59594564797703,0.6382545747798537,0.5970758666752303,7.1025275735294136,10.846274509803923,8.175735294117647,10.455317185697808,4.501565705508865,4.730524315426714,4.5512541039637355,4.715569624548737,0.2548726332861385,0.24705773371700263,0.25098986257914624,0.24828266240722177,0.5048491193278825,0.4970490254663041,0.5009888846862236,0.49827970298540336,0.9755695992904867,0.9491268234417892,0.9643239969662437,0.9530899998052431
Normal- (491).jpg,Normal,333.92049632352945,693.6595001922338,482.5134037990196,640.2622529796233,0.6445478523239732,0.59685983755049,0.6387335595621325,0.5971220896188769,7.156188725490198,10.88564398308343,8.181204044117646,10.508465974625146,4.510798987860168,4.733828665226472,4.555991052495987,4.71926216863147,0.2548935017481258,0.24710406505290822,0.2509879151329266,0.2483104133639193,0.5048697869234461,0.4970956296859873,0.5009869410802308,0.498307548973442,0.9754437595882774,0.9490708998952018,0.9645197412965426,0.9529913734818221
Normal- (492).jpg,Normal,337.21747855392164,695.1818377547099,484.0890318627451,644.1682891195694,0.6463143360754937,0.595861120136857,0.6386510134907943,0.5977620512263924,7.2088694852941195,10.94020761245675,8.255208333333334,10.593910034602077,4.49475368126806,4.721542146281944,4.544208636805727,4.706562509621431,0.25550738987671523,0.2477018323624088,0.2515576879375946,0.24889705822487757,0.5054773880963571,0.4976965263716523,0.5015552690756968,0.4988958390534817,0.9751946575124626,0.948945456538298,0.9643942953587753,0.952691920117295
Normal- (494).jpg,Normal,330.38613664215694,696.4085659361782,484.79341299019626,638.8224067666282,0.6473382481005044,0.5986161201148922,0.6389579852578193,0.5986920463192201,7.122196691176471,10.83510957324106,8.186734068627453,10.493302575932335,4.495318070994538,4.720111606561806,4.543814200516767,4.705977647686893,0.2565056047215916,0.24880510553936233,0.25262877056938743,0.2499672587407233,0.5064638237047061,0.4988036743442878,0.5026218962295489,0.49996725766866307,0.975681648317675,0.9488231316511578,0.9643198506664582,0.9530549568047924
Normal- (495).jpg,Normal,326.1859375,695.2394463667817,483.5992187500001,633.9325643983083,0.6502683781224533,0.5995981841680518,0.6406420709843532,0.5998532604921156,7.050704656862747,10.76529027297193,8.12170649509804,10.391956939638598,4.488185716870736,4.7129792254756815,4.540484867568106,4.700293032227597,0.2569430490366912,0.24928966148973236,0.2531063236176441,0.25044215963428124,0.5068955011012538,0.4992891561908113,0.5030967338570627,0.5004419643018372,0.9759725173305708,0.9488703628485234,0.9643807590773801,0.9533790233486106
Normal- (496).jpg,Normal,328.4792738970589,696.5041599384854,487.23449754901964,637.5241676278355,0.6499503819341936,0.5984873836955186,0.6417081552592149,0.6011432122481203,7.055315563725491,10.771657054978856,8.093995098039215,10.388450595924645,4.486753738720109,4.715145416830055,4.534066658148545,4.698876710697964,0.25723755973983126,0.2495500305164622,0.25338785959820886,0.2507074840200608,0.5071859222610888,0.4995498278615079,0.5033764591220062,0.5007069841934111,0.9758017405281223,0.9487736188671659,0.9641102604173921,0.9531114702959125
Normal- (497).jpg,Normal,328.31432291666675,696.9211072664361,491.6957720588237,645.6251749327182,0.6477914368574377,0.5980637033617017,0.6408329016521113,0.5994605826742622,7.05574448529412,10.761537870049981,8.13982843137255,10.457500961168783,4.481951746524495,4.708200566000411,4.530850192328791,4.694071625314288,0.2579192941585718,0.25022282861957823,0.2540456343742116,0.2513795399722787,0.5078575530191235,0.5002227789891003,0.5040293983233634,0.501377642074593,0.9758069436634351,0.9487284811039322,0.9637712427052264,0.9525022516735386
Normal- (498).jpg,Normal,332.47405024509806,704.4330334486737,498.76933210784307,655.2007381776239,0.6489084906393701,0.5988628617582512,0.6404560528304086,0.6003423460482599,7.091544117647061,10.847274125336408,8.262591911764705,10.591372549019606,4.467161280999202,4.6972406917304586,4.5240811598354504,4.6871491562793866,0.2585925287102242,0.2508742165679925,0.25469980464995434,0.2520472014357001,0.5085199393438021,0.5008734536467195,0.5046779216985366,0.5020430274744387,0.9754772037603875,0.9481269865103253,0.9632152222461458,0.95175235243648
Normal- (499).jpg,Normal,333.6003063725491,708.2360322952711,503.82187500000003,661.1522029988465,0.6507623746080984,0.6004066222905188,0.639780885720682,0.5991502911531742,7.079656862745098,10.835709342560554,8.30955882352941,10.614778931180314,4.465429784306934,4.692979384693748,4.52827925516068,4.686384621525819,0.25876755470589746,0.25106338298004743,0.25489208005841346,0.2522453172936029,0.5086920037762511,0.5010622545952224,0.5048683789448627,0.5022402983568751,0.9753775107767294,0.9478116672903242,0.9628170653797787,0.9512811695981973
Normal- (500).jpg,Normal,331.5190716911766,706.6246674356019,501.4305147058822,657.564090734333,0.6504238739610221,0.600852863587224,0.6424280462708812,0.6021884528650696,7.063281250000002,10.802968089196465,8.245588235294115,10.533748558246828,4.47072218149301,4.698035695336828,4.527223091216229,4.688668302966853,0.259136666631937,0.25144962226547296,0.2553017889284617,0.2526547733910642,0.5090546794126708,0.5014475269312563,0.5052739741253864,0.5026477627435182,0.9755400712062153,0.9479496798217464,0.9630071463438158,0.9515635060057348
Normal- (501).jpg,Normal,331.61171875,704.6044444444444,503.04174325980404,660.5231526336024,0.6517756932059371,0.601470306495094,0.6418348665087651,0.6005054350331983,7.033532475490196,10.773548635140331,8.283992034313727,10.623575547866206,4.474834480629177,4.701874528583543,4.535812483024921,4.697835521503592,0.2595734225709086,0.251861823942851,0.25569198778527197,0.25303001391976376,0.5094834860630014,0.5018583704022989,0.5056599527204739,0.5030208881545216,0.9755095174770568,0.9480483231478231,0.9628522049816596,0.9512985113143042
Normal- (502).jpg,Normal,331.0404258578433,698.83415609381,500.12184436274515,657.2467051134179,0.6510494370237021,0.6017861132364619,0.6403815279813468,0.6011517305538933,7.032123161764709,10.7199231064975,8.276685049019608,10.608027681660898,4.466055980190519,4.690927468569706,4.529102691868662,4.690647608115288,0.26025903158396874,0.25255981331522875,0.2563709940428185,0.2537109390245759,0.5101558894925832,0.5025532940049531,0.5063309135761103,0.5036972692248549,0.9755262705122615,0.948420173849863,0.9630296714499781,0.9514896767825559
Normal- (503).jpg,Normal,329.78587622549026,698.5806228373702,498.2664675245096,657.5263821607075,0.6518591497222029,0.5999909063437079,0.6374424941213588,0.5987894932321044,7.046476715686277,10.753048827374087,8.276577818627448,10.631557093425606,4.473665474010417,4.703365275857241,4.540204838909794,4.698385690093948,0.26095258291113244,0.25324485655341217,0.25705267765759393,0.25439956956193893,0.5108351817476283,0.5032343952408382,0.5070036268682838,0.5043803818170756,0.975576261270353,0.9483486710522414,0.9631023326725285,0.9513841203913285
Normal- (504).jpg,Normal,332.8553615196079,703.7111880046134,502.4520220588235,661.0179161860822,0.6493336155130909,0.6001449118143622,0.6366723018378495,0.6001056858108385,7.08514093137255,10.805013456362936,8.311856617647058,10.658454440599767,4.469438304773617,4.694149162767971,4.535940458498733,4.690405906582965,0.2614943284706079,0.25378378037843957,0.2575763589462286,0.2549429026572898,0.5113651615730269,0.5037695707150637,0.5075198113829928,0.5049187089594619,0.9753322399225526,0.9479341564048273,0.962766978877753,0.9510929255859352
Normal- (505).jpg,Normal,336.29666053921574,710.7803613994618,503.4726562500001,663.0007074202233,0.6484234544632117,0.5998414593335071,0.6393006231546526,0.5990834388026921,7.154166666666668,10.899207996924261,8.331081495098042,10.68326028450596,4.453855546425835,4.675853075465453,4.510374154672372,4.670482484030878,0.26169291190118443,0.25402922585744314,0.25781765689578523,0.25518825720034044,0.5115592946093194,0.5040131207195336,0.507757478424282,0.5051616149316379,0.9750611851350959,0.9473773805876557,0.9626671171253575,0.9509147469578417
Normal- (506).jpg,Normal,339.08045343137263,709.9290580545944,499.0714307598038,660.4625759323336,0.6471997663237232,0.5970278089694694,0.6389140796237228,0.5977349820981959,7.2063112745098055,10.928335255670897,8.283379289215684,10.671695501730103,4.4715050825907365,4.695828446815337,4.522426273245264,4.683979718133978,0.26197573534574287,0.2543062903230813,0.2581018057019833,0.25545595644534413,0.5118356526715806,0.5042879042006474,0.5080372089738933,0.5054265094406348,0.974834955718102,0.9473989272148426,0.962964457978635,0.9510640681145106
Normal- (507).jpg,Normal,344.3087775735296,708.7874048442908,495.74905024509815,659.2935793925415,0.6464120349082381,0.5980186093279879,0.639035589510037,0.5993802243492796,7.282490808823533,10.90102268358324,8.259375000000002,10.695809304113803,4.4761238746522665,4.693020560937786,4.5219186557969415,4.686151906034853,0.262317060201455,0.254694594528677,0.25845614599384104,0.25584197459912866,0.5121689762192309,0.5046727598441162,0.508385823950512,0.5058082389593201,0.9744632000569329,0.947517192196822,0.9632344529493031,0.951182007500924
Normal- (508).jpg,Normal,343.79805453431385,707.7185082660516,493.0473498774509,659.2541330257593,0.644846357594085,0.5966011704508967,0.6380599888353143,0.597817974377152,7.304151348039218,10.930257593233371,8.280346200980391,10.73359477124183,4.483240908493501,4.697611570941623,4.526654070018275,4.69220698211772,0.2630986655945505,0.255456443999225,0.2592334818592534,0.25662091257894615,0.5129314433669966,0.5054269917596655,0.5091497636837843,0.5065776471370861,0.974475802184346,0.9475445381309814,0.9633976276809034,0.951136674210129
Normal- (509).jpg,Normal,341.68203125,701.3464513648598,491.5278186274511,662.124582852749,0.6453604967288625,0.5979119285405654,0.6366420010366849,0.5974489527087838,7.228446691176471,10.849073433294887,8.254381127450982,10.692733564013842,4.493135827532294,4.710132254704018,4.544170714190536,4.704925333066815,0.2632574532115428,0.25563354170851693,0.2593880486405845,0.25679808289509803,0.5130862044642623,0.5056021575394204,0.5093015301769518,0.5067524868168858,0.9746154157072965,0.9479810514809615,0.9634852495861302,0.9508901420666223
Normal- (511).jpg,Normal,342.06750919117655,703.1025451749327,499.01461397058824,675.5657823913878,0.6457541152492793,0.5990183082129432,0.6359541039021191,0.6001989192529837,7.229580269607845,10.83277201076509,8.299050245098039,10.728012302960398,4.496115858955331,4.716544994607401,4.550356027157393,4.707860853072749,0.2640008969657104,0.25635890256623556,0.26012487872753265,0.25752689021360936,0.5138101760044369,0.5063189731446329,0.5100243903261222,0.5074710732776888,0.9745697835388087,0.9478162170921377,0.9629037835563465,0.9498599765137796
Normal- (512).jpg,Normal,346.96305147058825,704.3460822760478,502.0731924019609,682.3090196078433,0.647211014662552,0.5996227219179417,0.6362691520263578,0.6005001766691374,7.233118872549019,10.79443291041907,8.292616421568631,10.751495578623608,4.485979135094474,4.7042060828196846,4.538887448553756,4.695805717117684,0.26454542911680595,0.25687898266437315,0.260676971517678,0.2580457711160393,0.5143397992735989,0.5068323023095244,0.5105653450026529,0.5079820578682276,0.9741618464270749,0.9476349958045732,0.9626124162321792,0.949273353577994
Normal- (513).jpg,Normal,347.797212009804,708.1369319492503,503.3130208333333,685.86614379085,0.6478965842826448,0.6004563486350937,0.6392498402825336,0.6010274662411196,7.242677696078433,10.822145328719724,8.297120098039215,10.79713956170704,4.478583192759428,4.697788858040772,4.529797563565794,4.692802190010621,0.26526955621786097,0.2575295414282591,0.26132242639080355,0.2586834213499349,0.5150432566473043,0.5074736854539939,0.5111970524081721,0.5086093012813813,0.9740874117423299,0.9473283602964581,0.9625012164257207,0.9489848745620875
Normal- (514).jpg,Normal,346.9344209558824,706.3073433294886,501.77984068627467,685.1866051518648,0.6513893710835308,0.6009016741508683,0.6395250821349809,0.6013468063131824,7.223207720588237,10.831264898116107,8.314246323529416,10.823975394079202,4.46850063221594,4.6917085992627205,4.528073763608058,4.68752101620762,0.26580893546239737,0.2580404653756776,0.2618176498325088,0.259179200026725,0.5155666159308585,0.5079768354715376,0.5116811994127876,0.5090964545414994,0.9741749420920822,0.9475118908549713,0.9626485128680646,0.9490814449891035
Normal- (515).jpg,Normal,344.919393382353,700.8298808150709,500.52768075980407,687.0100269127258,0.6510077664325445,0.6006895213622775,0.6411973492152347,0.603873741030355,7.2253982843137265,10.842983467896959,8.350628063725491,10.861437908496729,4.454784852597137,4.67607850921021,4.511745881578023,4.671494583504066,0.26606890885566853,0.25828212181722293,0.26206345478601983,0.25945459985593927,0.5158186782733527,0.5082146414825364,0.5119213365215596,0.5093668617567688,0.974346255175155,0.9479625380145287,0.9627724243131217,0.9489886787967277
Normal- (516).jpg,Normal,350.1291360294118,705.1153863898501,500.0698529411764,686.39231064975,0.6511627404044612,0.603643912964971,0.6421395615674805,0.6028741350937572,7.240318627450982,10.8240522875817,8.310508578431373,10.84299884659746,4.449080827879255,4.666568476367122,4.503386084088901,4.669874538530858,0.2662152550157242,0.2585138062860216,0.26229275924524215,0.25969332210528556,0.5159605169155138,0.5084425299736653,0.5121452520967485,0.5096011402119167,0.973984794596946,0.9476964849230252,0.9628433730162338,0.9490853110544097
Normal- (517).jpg,Normal,347.64114583333344,698.961599384852,495.7714767156863,682.0406612841215,0.6527536558091105,0.6032161950460514,0.6422411606526173,0.6036603913295101,7.2136948529411775,10.775178777393311,8.271783088235296,10.802614379084968,4.453030636316325,4.672947604992588,4.509759052422815,4.672844432027748,0.26652937288148654,0.2588216118338539,0.2626044414539329,0.26000595056968745,0.5162648282436898,0.5087451344571797,0.5124494525842845,0.5099077863395375,0.9741311807752223,0.9480757507531318,0.9631080156732846,0.949332768317768
Normal- (518).jpg,Normal,350.78141850490204,703.1762399077279,498.9313419117648,687.2218223760092,0.6520253265273723,0.6046205221297489,0.6427735607775215,0.6046199000818924,7.233532475490197,10.756339869281048,8.278125000000003,10.855440215301805,4.444508054456083,4.660068804778177,4.499284446770202,4.6648493521770575,0.26632211710846654,0.2586828430966057,0.2624484614306622,0.2598305765046743,0.5160640629887597,0.50860873281591,0.5122972393353903,0.5097357908806034,0.9739073903130272,0.9477824051255116,0.9628875714414211,0.9489671739840828
Normal- (519).jpg,Normal,351.5138633578432,705.4495809304113,501.504381127451,691.7199077277969,0.6532703221749024,0.6058754112228917,0.6426131069544003,0.6035496085976813,7.240548406862746,10.786174548250674,8.33091299019608,10.90462129950019,4.451563427301021,4.668728646197262,4.5111296348024466,4.6757829430181355,0.2666239939172284,0.259009071866453,0.2627552145987647,0.2601112201100898,0.5163564601292681,0.5089293387754856,0.5125965417350811,0.510010999989304,0.9738407172911807,0.9475894170840053,0.962678811611141,0.9486094477073791
Normal- (520).jpg,Normal,352.83523284313736,706.4255747789313,500.4883731617647,694.7025451749328,0.651445370947246,0.6055375536440559,0.6407880893109374,0.6029425452542219,7.288725490196081,10.827604767397156,8.330070465686275,10.932456747404842,4.454533185828559,4.668163757509069,4.510684740685952,4.6738985060302705,0.26670595807783537,0.2590941616664457,0.262840980022332,0.26021095639286984,0.5164358218383339,0.5090129287812302,0.5126801927345468,0.5101087691785644,0.9737470321230731,0.9475262869645096,0.9627603172686354,0.9483970805955857
Normal- (521).jpg,Normal,349.3412377450981,703.9337946943483,501.1667432598039,695.6874279123414,0.6514207437619921,0.6033783600894491,0.6430390013806739,0.6023915325127072,7.2696384803921585,10.824529027297194,8.339292279411765,10.989542483660133,4.456450497482253,4.672895810648581,4.5106240504939885,4.6788695806568015,0.2670681126765773,0.2594177748155598,0.26317254558887354,0.2605550235092793,0.516786331743185,0.5093307126176074,0.5130034557280034,0.5104459065457174,0.9739721377155899,0.9476413745471524,0.9626596915366422,0.9482547396575366
Normal- (522).jpg,Normal,350.38538602941185,704.7446674356015,502.03921568627453,696.3522645136486,0.6513921300671471,0.6031651807802632,0.6411665811022502,0.6025440316103393,7.247212009803924,10.812672049211839,8.314920343137256,10.951541714725105,4.438556180991973,4.655391191085566,4.497192744989838,4.662329094416496,0.26776210938907974,0.26010750001367283,0.26385750893398874,0.26126119487063276,0.5174573503092595,0.5100073529015762,0.5136706230007598,0.5111371585696277,0.9739110665358774,0.9476147485083065,0.9626186844822334,0.9482385746371168
Normal- (523).jpg,Normal,349.13710171568647,701.734209919262,497.48635110294117,694.603198769704,0.6506645773079145,0.605206024069738,0.6436220977862673,0.6033878854415585,7.237622549019611,10.771687812379854,8.251148897058822,10.917047289504037,4.4549629288069195,4.667839339910702,4.506041560894386,4.6752977146351125,0.2677699033978444,0.2601537857042237,0.263878384201126,0.26127573811923693,0.5174648813183793,0.5100527283568079,0.5136909423000624,0.5111513847376694,0.9739991130968719,0.9478287887927156,0.9629512727436778,0.9483589517569067
Normal- (524).jpg,Normal,350.6235140931373,697.7053440984239,493.7537837009806,693.6694502114572,0.6520309658788357,0.6035028168349883,0.6430860722059668,0.6040567686508233,7.244316789215688,10.764628988850445,8.249647671568631,10.90248366013072,4.4554526449482825,4.670591950341991,4.506327425420464,4.674819903814069,0.2678451554512163,0.26025533053637295,0.263976755109213,0.2613802118222357,0.5175375884428264,0.5101522621104144,0.5137866824949952,0.5112535690068439,0.9738615971523161,0.9480750405252631,0.9631920071035126,0.948375401742642
Normal- (525).jpg,Normal,353.6417279411766,695.2506113033448,489.57798713235303,691.4584698193001,0.6515890758944063,0.6041688850707252,0.6437813135484871,0.6039103747789031,7.275827205882356,10.781007304882738,8.224126838235296,10.91517108804306,4.4500773505031646,4.665000477864957,4.497160136831447,4.6702748055886945,0.26827726030478083,0.2606018755096855,0.26436094419720635,0.2617458508623764,0.5179548824992201,0.5104917976908987,0.5141604265180337,0.5116110347347644,0.9736264114578106,0.948237965865693,0.9634893980228543,0.948520294214274
Normal- (526).jpg,Normal,353.30220588235306,691.9354248366012,487.07409620098036,689.2201614763553,0.6510485745296117,0.6042455985557006,0.6416758068968808,0.6033971738592604,7.326133578431374,10.80302960399846,8.28717830882353,10.958908112264513,4.455462022030021,4.667976658488172,4.508179312549041,4.676586931783628,0.26864795161228555,0.26095800387896817,0.2647387116874744,0.26209659993842027,0.518312600283155,0.5108404877052799,0.5145276588167778,0.5119537087847106,0.9736560920020557,0.9484934963461797,0.9636823940098556,0.9486956159619212
1.jpg,kidneyStone,307.19145220588223,665.7074971164939,523.9599571078431,657.5821607074204,0.774419285386997,0.7381754220424442,0.7621597279134784,0.7379082335860196,5.476562499999999,8.805628604382932,7.134987745098039,8.703483275663208,2.999050307148526,3.1674037677575795,3.066746370390924,3.16350214090202,0.4686483866725686,0.45865362037284635,0.46197031574769915,0.4586144910698148,0.6845789849773133,0.6772397067308195,0.6796839822650664,0.677210817301241,0.9702940720442498,0.935799412348402,0.9493321945458563,0.9365830168212207
10.jpg,kidneyStone,313.8649203431372,673.3062975778548,530.0969056372548,668.1032833525568,0.7766982847087025,0.7395424614976119,0.7654801532987394,0.7396248022474384,5.526133578431373,8.84410611303345,7.190226715686275,8.79526336024606,2.98003913977765,3.1497203181089866,3.0455234207294115,3.1461436516876127,0.4720837978434902,0.462007634895105,0.46530031925070875,0.462007025777948,0.6870835450245408,0.6797114350186445,0.6821292540645861,0.6797109869480911,0.9695098659203015,0.9347703466821464,0.9485041982058936,0.9352744126850115
100.jpg,kidneyStone,288.2480698529412,584.9986005382547,449.3435049019608,570.9488965782392,0.8072076763250315,0.7718630519656277,0.7953781295810953,0.7720569812908199,4.834558823529413,7.68901191849289,6.25171568627451,7.610488273740869,2.5876938864566474,2.749168207067684,2.6533492938525756,2.743405681297083,0.5186728324142158,0.5049577820378138,0.5103915214025254,0.5061811104208139,0.7201894420318975,0.7106038151022086,0.7144169100759902,0.7114640612292471,0.969634849382419,0.9385528394446849,0.9526644420816385,0.9400285941117753
11.jpg,kidneyStone,316.6405637254902,675.6902422145329,529.6157781862745,668.1339484813534,0.7768835996089954,0.7394520949760386,0.765028985483705,0.7400823234098616,5.55952818627451,8.875509419454056,7.220772058823529,8.821007304882738,2.990501087252985,3.1603911884187292,3.0562406940663065,3.1577515628079276,0.4724144646609027,0.4623987079763041,0.465667679319928,0.4623568023477794,0.6873241336232147,0.679999049981913,0.6823984754671775,0.6799682362785628,0.9692235783025863,0.9345039913376736,0.9485230877077533,0.9352364380253472
12.jpg,kidneyStone,313.8214154411764,675.763752402922,529.8401041666668,666.1054978854288,0.7752782816714802,0.7380263788241347,0.7641433649003431,0.7374661584735719,5.540624999999999,8.865420991926182,7.200857843137257,8.803044982698964,2.988484434369407,3.1578284784754067,3.053877378387752,3.1553426109942366,0.4724969720602126,0.46246083284147793,0.4657927217230528,0.4624176408653639,0.6873841517377401,0.6800447285594367,0.6824900891024372,0.6800129711008195,0.9694618583570662,0.9344201322477905,0.9484409560564828,0.9353574229085017
13.jpg,kidneyStone,310.4098345588235,673.0114263744715,527.3746323529411,659.7492964244523,0.7747081053447644,0.737866902603101,0.7634093852411745,0.7364928487935286,5.504503676470588,8.831064975009614,7.1599264705882355,8.757954632833526,2.9843113192147213,3.1532681376558696,3.050557807024897,3.1544007332173862,0.47243305328028884,0.46244055648900906,0.4657304921456368,0.46233370627125503,0.687337655945234,0.6800298202939405,0.6824444974835951,0.6799512528639499,0.9698139344105923,0.9347306081936183,0.9487150100607431,0.9360167842108046
14.jpg,kidneyStone,313.6615808823529,673.7998615916954,526.1091299019608,660.4232218377546,0.7742210207330534,0.7377708139957198,0.7640941046574229,0.7385394171623689,5.540441176470589,8.818762014609765,7.125735294117646,8.729903883121874,2.9839337062155775,3.149353060840158,3.043220443512321,3.148395863029243,0.472709106891167,0.4625683329734031,0.4659449858997291,0.4625697725758627,0.6875384403007347,0.6801237629824465,0.6826016304549302,0.6801248213202211,0.9694698099642786,0.9345944696963415,0.9487912683783244,0.93589293570481
15.jpg,kidneyStone,345.4419883578431,677.1420838139178,495.96021752450974,640.8083660130719,0.7152798237428117,0.6721753364032079,0.704735408170673,0.6734014651078397,6.558195465686275,9.932518262206845,7.731326593137255,9.65281045751634,3.6739516442157165,3.858665182570415,3.72700008388006,3.8495913734134657,0.36567138671875005,0.35760378714542246,0.36148180417856857,0.35857830884847314,0.604707687001538,0.5979998220279187,0.6012335687389457,0.5988140853791544,0.9713260804442609,0.9439132882230535,0.9588275117786839,0.9469227581803821
16.jpg,kidneyStone,344.56974571078433,675.4331410995771,497.3531709558822,641.8814917339486,0.7150638483127227,0.6718686217053442,0.704689353032125,0.6737731056376814,6.55482536764706,9.917416378316034,7.72958026960784,9.645674740484429,3.6748181922698944,3.8564054323704013,3.7234067708998007,3.8505831696984827,0.3656345714435628,0.3575314594791788,0.36138935034846104,0.35850518889239213,0.6046772456803404,0.597939344314437,0.6011566770389073,0.5987530282949658,0.9714009384181994,0.9440596167724087,0.9587153861472235,0.9468384145678139
17.jpg,kidneyStone,347.50412071078443,683.3048058439063,505.5618259803923,647.2578085351788,0.7130772038819135,0.6706572752711888,0.7044423524410387,0.6728733816488479,6.619071691176472,10.030711264898116,7.811488970588238,9.703575547866203,3.6810009633066985,3.8643035081288777,3.729294367569475,3.8530157491351837,0.36576969673247695,0.3576687103310012,0.361489364582958,0.35864346865673297,0.6047889687589192,0.5980541031804741,0.6012398561164737,0.5988684902854157,0.9711352554828132,0.9433641291447137,0.9580016709198311,0.9463518925364498
18.jpg,kidneyStone,349.2401348039216,685.6268819684736,507.3432904411764,649.7623683198772,0.7123496519317001,0.6707621150080054,0.7041346845303519,0.6718331255018013,6.637898284313725,10.003168012302961,7.805177696078431,9.7360399846213,3.6913237776751657,3.8713309313913133,3.7375767856461057,3.8654336916370426,0.36583724089743114,0.3576470183812721,0.3614841446808694,0.3586204027345235,0.6048448072831832,0.5980359674645599,0.6012355151526475,0.5988492320563862,0.9710080327844092,0.9432048053770755,0.9578783332694767,0.9461757099409112
19.jpg,kidneyStone,349.2993412990196,686.3600922722029,510.59650735294116,651.0621914648211,0.712350718291191,0.6701615314930164,0.7033117803869504,0.6710058615785458,6.611504289215686,10.014994232987311,7.8488051470588225,9.74300653594771,3.6990091097628515,3.881258556515847,3.7500397923028563,3.873626181870806,0.3658092266758877,0.3576380467040078,0.3614742234760594,0.3586317226642636,0.6048216486501519,0.5980284664662776,0.6012272644150957,0.598858683383871,0.9709626527313391,0.9430642701567357,0.9575487807633559,0.9459923421222112
2.jpg,kidneyStone,309.4838848039216,672.2210841983851,527.8393688725491,663.1354402153017,0.7744353608346007,0.7383709302121814,0.7628091746687256,0.7400292448464969,5.4910539215686285,8.834540561322566,7.1737132352941195,8.717078046905037,3.000379221778008,3.1708483934231397,3.068559249785293,3.165853804989969,0.46933446324637024,0.4592963332205502,0.4625074294639157,0.4591331982597414,0.6850798955204934,0.6777140497441013,0.6800789876653415,0.6775936822755518,0.9700575585540328,0.9351393253633461,0.9489317532466801,0.9360159729605485
20.jpg,kidneyStone,351.01813725490194,690.8198539023454,514.2958180147059,654.5817608612073,0.7115622740265728,0.6692378659128275,0.7024417974589114,0.6713693152161274,6.6160845588235295,10.076724336793543,7.905560661764706,9.794156093810074,3.695683420050857,3.8793191301302175,3.7488296698896684,3.8716321518945613,0.3661802025090635,0.358040373493707,0.3618031357380575,0.35890802724117143,0.6051282529423523,0.5983647495413704,0.6015007362739114,0.599089331603536,0.9708522116592271,0.942758681401537,0.9572890576250315,0.9457613690305201
21.jpg,kidneyStone,352.25320159313736,695.3177393310266,515.084543504902,654.7862514417532,0.713639436588714,0.6687726723322959,0.701724031668308,0.6719198559527066,6.613648897058825,10.133517877739331,7.934420955882353,9.786512879661668,3.686641265862673,3.8750634168431466,3.7446285427773383,3.867386783054976,0.36613146144305236,0.3579874780956249,0.3617124118240278,0.35878322598249474,0.6050879782668405,0.5983205479470223,0.6014253169131042,0.5989851634076546,0.9707253689377763,0.9423377960118671,0.9571877799300691,0.9456990433818283
22.jpg,kidneyStone,358.50802696078426,704.7193079584775,518.0304687500001,659.001476355248,0.7133588490816105,0.6681635662895988,0.7023493344855304,0.6732231765980654,6.685447303921567,10.226359092656672,7.957215073529413,9.835801614763554,3.6869117460444505,3.8739792408392537,3.7417761991363445,3.8610024034945782,0.3665389950116839,0.35837242559385896,0.3620269889200895,0.3591522933908394,0.6054246402416108,0.5986421515345031,0.6016867863931279,0.599293161475116,0.9701709429838947,0.941490628878433,0.9568931352510488,0.9452863551284997
23.jpg,kidneyStone,360.4413449754902,705.4056747404845,520.0109221813725,659.6887966166861,0.7131730810521573,0.6707384850715943,0.7026838126700872,0.6724862611695276,6.70859375,10.204413687043445,7.958992034313724,9.84562860438293,3.687331213507775,3.872024735694789,3.7411000689088265,3.862560585953972,0.366316605054246,0.35804765735711325,0.36177151807222563,0.35887555672034,0.6052409479325123,0.5983708359847706,0.6014744533828728,0.5990622310915119,0.9700501640604394,0.9415117838195133,0.9567861979564899,0.9453023666664481
24.jpg,kidneyStone,363.77925857843127,711.8239292579777,521.392049632353,665.7836370626683,0.7126867125634406,0.6696257364570263,0.7027998112162241,0.672777981208148,6.7238357843137235,10.228296808919648,7.942846200980393,9.853917723952327,3.692917189460905,3.8772347048975933,3.743799551915291,3.8670708527623483,0.36633309487148863,0.35818825592912906,0.36184015364245403,0.358928193146072,0.6052545703020248,0.5984883089327051,0.6015315067745446,0.5991061618328357,0.9697466704935702,0.9409288666087183,0.9566341710065092,0.9447495477207984
25.jpg,kidneyStone,367.3953125,720.1038831218762,523.5986672794118,667.5808842752788,0.7101922581810386,0.6698033598631083,0.7021018005354855,0.6708241558177653,6.796017156862746,10.279415609381008,7.9595435049019585,9.876032295271049,3.6943482131186958,3.8746849376164714,3.7403242249305264,3.8641703150964792,0.36660195895865616,0.3584076729131919,0.36214910651664917,0.3592744512395124,0.6054766378306071,0.5986715902004971,0.6017882572106648,0.5993950710837656,0.9694520152102407,0.940253505826821,0.9564590893125603,0.9446113007479394
26.jpg,kidneyStone,365.63362438725505,718.168396770473,525.3695618872549,670.2826605151865,0.7112357475942002,0.6704546487355799,0.7013887924567892,0.6724393069967629,6.7865655637254925,10.230834294502115,7.970542279411767,9.906559015763168,3.68829812183873,3.867806649302769,3.7359564288927576,3.8604907288922687,0.36675919406279317,0.3585050292519025,0.3622821406298809,0.35938869955231184,0.6056064679829577,0.5987528949841516,0.6018987793889276,0.5994903665216914,0.9695859140756469,0.9403891489690165,0.9562934203479591,0.9443638567161957
27.jpg,kidneyStone,365.3339613970589,724.1873125720874,529.5506587009804,673.768950403691,0.7104328508697155,0.669828289559432,0.7028569450787421,0.6718239996350762,6.823023897058825,10.296378316032293,8.00016850490196,9.94316032295271,3.7001160604016747,3.8776106318720176,3.7456717607308385,3.86998078832341,0.3670843176161589,0.35875760380216315,0.36254222947604275,0.35967999910128323,0.6058748365926405,0.598963775033318,0.6021147975893324,0.5997332732984583,0.9695787706966086,0.9398259786630976,0.9558989371172733,0.9440153307108677
28.jpg,kidneyStone,241.3297487745098,490.73299500192235,354.31659007352937,457.1305651672433,0.678289355380232,0.6290309050259534,0.6754737909760028,0.6316207895055244,6.0718137254901965,9.201184159938485,6.9372702205882355,8.804475201845442,4.015365533394473,4.216205629284433,4.052548736294873,4.195564552466314,0.29742703893559563,0.28959735883678844,0.29342311801932397,0.29053141865260157,0.545368718332465,0.5381425079259103,0.5416854419488528,0.5390096647116835,0.9814622614012102,0.9623755824708065,0.9727878194999936,0.9649518752063104
29.jpg,kidneyStone,241.66933210784316,489.95051134179164,352.3340379901962,459.2390003844676,0.6781449801735633,0.6269426148492534,0.6729672299023908,0.6314355492556136,6.096783088235295,9.235893886966553,6.932199754901962,8.849396386005385,4.01879557282167,4.220878592108752,4.056803704114959,4.201048357053495,0.29787619350599076,0.29007725494039277,0.2939974708073145,0.2910143491080311,0.5457803528032048,0.5385882053483837,0.5422153361970818,0.5394574581077094,0.9814293867848213,0.9624220478392345,0.9729305829503668,0.964777542246983
3.jpg,kidneyStone,310.8794730392158,676.32830449827,531.4130821078431,666.5267204921186,0.7762565813214815,0.7397853179617018,0.7633567847436447,0.7404784074148432,5.479687500000002,8.821314878892734,7.161151960784315,8.715663206459055,2.9942580198854905,3.1662114785870004,3.063176995223711,3.158035600786211,0.47004762150149587,0.45981550537818455,0.46317259146497153,0.4599447030176931,0.6856001907099325,0.6780969734324026,0.6805678448655736,0.6781922316111363,0.9699061314841881,0.9347076692465026,0.9485579563546209,0.9356539083149867
30.jpg,kidneyStone,237.82375919117646,487.8190849673201,352.0062040441176,458.22803537101106,0.6782872863894104,0.6284657056437317,0.674187666873341,0.6319749996321975,6.031847426470589,9.165705497885426,6.918458946078431,8.829188773548633,4.030546220214607,4.2329219940276355,4.068816155110163,4.215213935293686,0.29822689445052686,0.29036474227447173,0.2942993042039118,0.29130044721509374,0.5461015422524705,0.5388550289961779,0.5424935983068481,0.5397225650416089,0.981695400011531,0.9625251541905638,0.9729122993070773,0.9647983740278634
31.jpg,kidneyStone,237.80422794117646,487.1047443291043,352.28223039215686,460.70981930026915,0.6787030599642796,0.6283283604767407,0.6733290776715246,0.6308229396637915,6.026501225490197,9.146851211072665,6.926991421568628,8.859331026528258,4.034124184430983,4.238345578280857,4.074940358351753,4.222730694026602,0.29830065652802545,0.29042117838036147,0.2943965852320171,0.29138687338336283,0.5461690732072125,0.5389073931394535,0.5425832518904514,0.5398026244687616,0.9816920497491488,0.962570211650718,0.9728838732175044,0.9645984334424912
32.jpg,kidneyStone,237.50248161764705,486.67334102268376,352.41957720588226,462.2766935793925,0.6769659904757113,0.6288309592674692,0.6746832129893382,0.631495234691051,6.033333333333333,9.109419454056134,6.896844362745097,8.862314494425222,4.033705732283128,4.2305554568346055,4.069039271994959,4.216650286714797,0.29839859777301714,0.2905272901130359,0.2944566182712551,0.2915403932566084,0.5462587278689625,0.5390058349526802,0.5426385705709235,0.5399448057501881,0.9817350743655304,0.9626438443812064,0.9729023558066503,0.9645164864218688
33.jpg,kidneyStone,238.03437500000007,488.4776931949249,355.1439338235295,464.19217224144563,0.6793758930757314,0.6295485836492428,0.6738711186638866,0.631052749924917,6.0153799019607845,9.130765090349865,6.950490196078432,8.879108035371011,4.030099280008916,4.230024175232823,4.071684581298195,4.218166817632475,0.29831137370073263,0.2904779021938889,0.2943343284340008,0.29142241455944917,0.5461788843416895,0.5389600191052105,0.5425258781238005,0.5398355439941401,0.9816898028848475,0.9624963225020354,0.9726863052826685,0.9643608832760439
34.jpg,kidneyStone,240.33187806372553,490.04173779315636,357.16628370098033,468.0200538254517,0.6798591167876542,0.6312019065545091,0.6724784937909378,0.6292702796608133,6.037239583333333,9.12310649750096,6.965977328431372,8.932810457516338,4.0436508249541685,4.242090581698411,4.085944451996502,4.235598601241259,0.2983762310047142,0.29056043230644585,0.2944082753065227,0.2915345675612593,0.5462382547979537,0.5390365778928605,0.542594024392568,0.5399394110094755,0.9815014333889122,0.9623525661913792,0.9725138739758966,0.9640443810422162
35.jpg,kidneyStone,238.83757659313733,490.7696732026144,358.10598958333344,467.96973471741643,0.679779540464286,0.6291257025266832,0.6732432628343257,0.6311845941463873,6.0183670343137265,9.132641291810842,6.943367034313726,8.88959630911188,4.040293996512247,4.242400185910071,4.081982749278087,4.230878396838962,0.29945622251658033,0.291448325866445,0.29547174637797075,0.2924154459268838,0.5472259337025067,0.5398595427205534,0.5435731288225815,0.5407545154012898,0.9816080705701176,0.9622795329164476,0.9724292178660447,0.9640319320072995
36.jpg,kidneyStone,243.36404718137254,498.62886582083803,362.0733302696078,472.57605536332176,0.6792199464277179,0.6303771346572665,0.6740126124105335,0.6311210488864165,6.080376838235294,9.214486735870818,6.995603553921569,8.956186082276046,4.04684319518428,4.246550528605139,4.0840815457424835,4.236127483162766,0.2994899088307006,0.29153217200789744,0.29559180095809007,0.2925452653365361,0.5472567120015072,0.5399371926510503,0.5436835485446383,0.5408745375191331,0.9812629113105661,0.961682494553972,0.9721292217898062,0.9636845421188416
37.jpg,kidneyStone,244.25628063725492,499.5295347943098,363.49442401960783,476.59558631295647,0.6789093921251251,0.6303176846220696,0.6728446706860205,0.6301355661494378,6.113970588235295,9.228389081122643,7.043229166666667,9.04713571703191,4.05295260239773,4.251265000928802,4.0949119027349745,4.245353553911852,0.2996019895348994,0.29168039583746275,0.2956674934689331,0.2926233680861809,0.54735910473372,0.5400744354600232,0.5437531549048089,0.5409467331319978,0.9811947817652342,0.9616144005614055,0.9720210372897455,0.9633767255064422
38.jpg,kidneyStone,247.9468290441177,504.76509034986543,366.5543658088235,483.3775317185698,0.680175345236298,0.6281494721948144,0.6718145664670709,0.6298250691805442,6.155775122549021,9.31755478662053,7.090579044117646,9.106343713956171,4.047928979518062,4.252196110811686,4.094580046544681,4.242844594264605,0.29962537789702287,0.2916611189527111,0.29564977438346285,0.2926078986862327,0.5473804690496573,0.54005658865781,0.5437368613432998,0.540932434492731,0.9809075464610142,0.961205929488253,0.9717807414317059,0.9628496851153341
39.jpg,kidneyStone,248.80140931372551,507.70439061899276,370.1601409313725,487.528150711265,0.6787086345350708,0.6280975169270471,0.6719143593469888,0.6313343957761511,6.150214460784314,9.349388696655135,7.130453431372548,9.093456362937335,4.049888942890732,4.2551868692181944,4.097192901620356,4.24271097180556,0.300172909711334,0.2921243368822303,0.2962647942789055,0.29314601804144497,0.5478803790165642,0.5404852790615395,0.5443021167319723,0.5414296058043419,0.9808259980269193,0.9609479499234507,0.971479173778583,0.9624998835797116
4.jpg,kidneyStone,311.5757659313726,678.2611918492887,532.1162377450979,666.8022760476741,0.7765978624033892,0.7393026570919974,0.7639164728743274,0.7398033485851261,5.499448529411764,8.859577085736255,7.174724264705881,8.733440984236832,2.9891080222469792,3.1625513865099624,3.061327765120141,3.157565090025524,0.47076262184034534,0.46056764113882204,0.46392388378643423,0.46057025640479854,0.6861214337421222,0.6786513398931899,0.681119581120991,0.6786532667016335,0.9697870998122323,0.9344091590471915,0.9484017162527838,0.9355172866134849
40.jpg,kidneyStone,249.19535845588243,509.0996847366398,372.5570159313725,489.85797770088436,0.6774190777411314,0.6296232087545118,0.6699662142529674,0.6292963708627335,6.121829044117648,9.310280661284121,7.146262254901961,9.11918492887351,4.051706324910642,4.254167962055468,4.100434926258231,4.246672086593518,0.300292716490127,0.2923513278023817,0.29626525902372286,0.29318153875989783,0.5479897047300497,0.54069522635435,0.5443025436498738,0.5414624075223485,0.9807809940724344,0.9608108499663405,0.9712724396611233,0.9622920257881603
41.jpg,kidneyStone,251.01139705882352,515.7975855440216,375.36660539215677,491.71577085736254,0.6756360452873449,0.6282753546231097,0.667940466785225,0.6278753489652484,6.1872549019607845,9.399984621299502,7.2077818627450965,9.16158400615148,4.068704566804609,4.266803220032318,4.1148847449913575,4.258624016807564,0.30012607678593417,0.2922410268667555,0.2962305762244387,0.29308836665754656,0.5478376372484225,0.5405932175552663,0.5442706828632594,0.5413763632239097,0.980645283152401,0.9603041531558455,0.9710628734906241,0.9621574926330415
42.jpg,kidneyStone,253.70585171568626,522.1177393310267,382.3863970588234,499.42954248366004,0.676549277076505,0.6272552750831341,0.6691125845814531,0.6287434569306831,6.195741421568628,9.439108035371014,7.244025735294116,9.199446366782006,4.070389439315733,4.275271849391376,4.121314685950129,4.26395375570714,0.3004722165199758,0.2924492841528287,0.2964622626035133,0.2933378990513363,0.5481534607388481,0.540785802469729,0.5444834823973206,0.5416067753004353,0.980436425623469,0.9598155166151451,0.9705197419501147,0.9615617002832453
43.jpg,kidneyStone,253.5762714460784,524.2283583237217,385.16721813725485,503.03555555555556,0.6783208648513213,0.6283396217316013,0.6697756850038958,0.62862487970511,6.159267769607843,9.419623221837755,7.254105392156863,9.222837370242214,4.067502515810954,4.274982872414611,4.122193423761593,4.265659123246927,0.30063564219872624,0.29267074477166316,0.2966364371341175,0.2934885439767423,0.5483025097505265,0.5409905218870874,0.5446434036450983,0.5417458296809882,0.9804097461485003,0.95957739055784,0.9702489227029504,0.9612115417358144
44.jpg,kidneyStone,253.26989889705897,524.6303267973856,385.0871629901962,503.1724259900039,0.6794558043227583,0.6295926572366292,0.6702406201094865,0.6287127352559545,6.1624540441176485,9.428112264513647,7.256127450980394,9.223944636678201,4.06574402325641,4.271310346150808,4.118000505100438,4.263209871553617,0.30051614165168616,0.2925212720804599,0.2964801475938491,0.293504064934656,0.5481935257294509,0.5408523570073999,0.5444999059631224,0.5417601544361268,0.980451933552094,0.9595847842106922,0.970283371751318,0.9612378066289918
45.jpg,kidneyStone,250.38979779411767,521.2480123029604,382.5931372549019,500.4794771241831,0.6774523938784381,0.6293000546830636,0.6691328252851066,0.6284073730371915,6.149295343137254,9.37528642829681,7.223805147058822,9.176009227220302,4.061699602361389,4.263503544804042,4.11454265407255,4.255379978842042,0.3004806990221985,0.2925398360226104,0.29654755999701876,0.2934390652398946,0.54816119802682,0.5408695184816855,0.5445618054886138,0.5417001617499247,0.9806879183084168,0.959873774469153,0.9704965278005426,0.9614725583625379
46.jpg,kidneyStone,252.8685968137255,523.7523567858516,386.4918964460785,505.87704728950393,0.6782921233150975,0.6278116790299559,0.6691344274348906,0.628637451039652,6.152634803921568,9.383544790465207,7.2557444852941195,9.203860053825451,4.062086675181676,4.265160525365283,4.115308692889454,4.25850529341744,0.3003138061194913,0.2924195624047238,0.2963769910226462,0.2933519108744884,0.5480089471162778,0.5407583216231848,0.5444051717449478,0.5416197105668223,0.9804922443645812,0.9596716520945617,0.9701890387887266,0.9610480310090357
47.jpg,kidneyStone,252.10098039215694,526.5440061514803,387.19126838235303,503.125597846982,0.6766263198308091,0.6263588264636223,0.6689205881472848,0.6291927535886361,6.168229166666668,9.460330642060745,7.275612745098041,9.190988081507113,4.066370765092414,4.274301856676526,4.120607653897753,4.260941144589586,0.3002755908606741,0.2923345388259714,0.29629602006195793,0.293321479376592,0.547974078639377,0.5406797007711418,0.5443308002143163,0.5415916167894329,0.9805289282009496,0.9594097070031464,0.9701005596562664,0.9612149883158088
48.jpg,kidneyStone,248.96908700980393,524.7785467128028,385.23788296568614,495.6253287197233,0.6761265762871158,0.6279019686199885,0.6693314004081445,0.6295656417779977,6.096660539215685,9.37770088427528,7.19440870098039,9.070096116878126,4.071297436458263,4.277285897694852,4.123971576711275,4.263593148923033,0.30038239217638635,0.29246301039688255,0.2964231705363095,0.2934323185962991,0.5480715210411743,0.5407984933382143,0.5444475829097871,0.5416939344281964,0.9807688582088526,0.9595415777094908,0.9702484564784682,0.961789179506629
49.jpg,kidneyStone,247.43771446078432,526.5502191464822,385.4017463235294,492.3928642829681,0.6762156269244177,0.6283437637282414,0.6683629581862438,0.6293527733196187,6.093474264705882,9.387958477508652,7.1777267156862745,9.037262591311034,4.074851603608722,4.280150781154834,4.126483122978957,4.266575543790582,0.3002242802638633,0.2922378119437988,0.296282872512037,0.2932390057885937,0.5479272581865802,0.5405902440331297,0.5443187232789599,0.5415154714212639,0.9808963192062714,0.959424471503299,0.9702502280928392,0.9620566092847307
5.jpg,kidneyStone,311.7237132352941,678.8557631680123,531.3914215686275,663.9093271818532,0.7763194125238314,0.7386445786512991,0.7645782982057113,0.7403941417064803,5.506678921568628,8.881168781237985,7.166666666666668,8.707881584006152,2.988039498938285,3.1626111807479864,3.0546318739327747,3.15437127297288,0.4709712646906764,0.46077450103847617,0.4640280016437488,0.4606742695154215,0.6862734620329395,0.6788037279202849,0.6811960082412027,0.6787298943728804,0.9697617030065724,0.9343277262227433,0.9484531623905582,0.9357736393155285
50.jpg,kidneyStone,247.351868872549,526.8557016532103,386.4391544117647,494.57719338715896,0.6771414009811607,0.6283963972900849,0.6695860794068281,0.6279286215960264,6.076133578431373,9.356186082276048,7.170128676470588,9.055655517108807,4.074201433244486,4.281495872595128,4.127995769515439,4.272603093472443,0.3001365860495737,0.29218393221428307,0.29615801936248226,0.29314938468199264,0.5478472287504735,0.5405404075684658,0.544204023655175,0.5414327148242823,0.9808915489346781,0.9593766776760986,0.9701523833160752,0.9618655190064896
51.jpg,kidneyStone,249.58504901960785,529.7118339100347,387.52362132352937,498.6021376393694,0.6783293196304686,0.6285074266030454,0.6693313012380365,0.6296129089281838,6.113020833333334,9.42889657823914,7.227297794117646,9.097270280661283,4.077185414660347,4.286515508329919,4.133426821627996,4.275807642008151,0.30009297970394494,0.29210305680496407,0.29613065890466544,0.2930887536970446,0.547807429398274,0.5404655926189604,0.5441788850228071,0.5413767206825988,0.9807242503080856,0.9591674003302209,0.9700766609342679,0.9615654773455897
52.jpg,kidneyStone,252.60790441176465,533.6241138023838,387.1202818627451,500.3386082276047,0.6756389959654366,0.6268242017441644,0.668683551740803,0.6302210364089524,6.16237745098039,9.477554786620532,7.2181372549019605,9.092871972318338,4.077433188729755,4.287336350580162,4.12873982872777,4.26885190426647,0.3000507174927837,0.29205355441767367,0.29604808286720424,0.29305802597735076,0.5477688540733069,0.5404197946205095,0.5441030075888244,0.5413483406988062,0.9805003439225816,0.9588860443553237,0.9701218811329044,0.9614505813850703
53.jpg,kidneyStone,251.23261335784318,528.5056824298347,384.1262101715686,498.05868512110743,0.6777034261808315,0.6268433500968331,0.6680887365593502,0.6309092825554574,6.133746936274511,9.442645136485968,7.1929074754901965,9.092687427912344,4.077017714639209,4.287645267498273,4.1315136742466505,4.271445504785218,0.29996008814687425,0.2920229806623632,0.2960325741648719,0.29297481331301173,0.5476861219228348,0.54039150683774,0.5440887557787534,0.5412714783849337,0.9806004047713431,0.9592674813272614,0.970343704805766,0.9616140651533895
54.jpg,kidneyStone,253.56974571078436,531.249627066513,385.73900122549026,498.64490580545953,0.6778076927041896,0.6269029208162419,0.6706872383792613,0.6319897080878479,6.169378063725492,9.50088427527874,7.194362745098042,9.096701268742795,4.078646401761958,4.289934145867984,4.127936215209849,4.269093224367953,0.3000135952818628,0.29202285673404244,0.2960941662874557,0.29304934957586637,0.5477349681021495,0.5403913921724165,0.5441453540070481,0.5413403269440273,0.9804094960129303,0.9590341632365783,0.9702032651143319,0.9615483855924088
55.jpg,kidneyStone,255.07166053921569,531.3186928104575,385.06207107843136,499.2346328335254,0.6765971320606339,0.6280050043412537,0.6695632771833604,0.6298542944847233,6.209712009803922,9.47666282199154,7.203553921568628,9.141099577085733,4.08002399592546,4.286636338819912,4.128206730550815,4.271806665451567,0.2999835081881442,0.29196628440160144,0.2960856430716627,0.2929706793338437,0.5477075024026458,0.540339045786626,0.5441375222052443,0.5412676596046023,0.9803075622002387,0.9590580476022494,0.9702767576421236,0.9615303567343709
56.jpg,kidneyStone,259.02571997549023,537.7884044598234,388.22778799019596,502.1586005382546,0.6772243942100797,0.627859035272598,0.6706163054319995,0.6313300707804909,6.2310814950980395,9.52908881199539,7.2186274509803905,9.15750865051903,4.076657987180241,4.282955992168016,4.122961807244653,4.266821296326292,0.29991587039371115,0.29179545819850766,0.2958814046787141,0.29286618966679634,0.5476457526482892,0.5401809494960995,0.5439498181622218,0.5411711278946765,0.9800029622313167,0.9585608126043749,0.9700335211849035,0.961306260645521
57.jpg,kidneyStone,262.9738970588236,542.159477124183,392.5170955882354,507.16705882352943,0.6760048500687069,0.6291596982055464,0.6700784594579254,0.6302576158405103,6.283517156862746,9.547650903498655,7.2609068627451,9.2081507112649,4.078983995111839,4.280204962567387,4.122537415704947,4.266643103015971,0.29969159435373444,0.291740216085228,0.295755980483205,0.29270960327712364,0.5474409505633776,0.5401298141051167,0.5438345157152173,0.541026434915267,0.9796999490066903,0.9582277137532216,0.9697051917261226,0.9609238084917573
58.jpg,kidneyStone,386.55867034313724,715.8232833525566,493.499525122549,666.3857747020378,0.7808510087681658,0.7480788050282013,0.7738960937701216,0.746529461278621,6.116207107843136,8.85362552864283,6.775168504901961,8.750065359477125,2.738786074571552,2.880721871804205,2.77132278045388,2.88292909371203,0.501308208907031,0.486801569384265,0.49550731924395075,0.48541009900518844,0.7080312202911896,0.6977116663667485,0.70392280773104,0.6967137855713696,0.9599033193474746,0.9258431856975123,0.9487269421791156,0.9309647404636605
59.jpg,kidneyStone,385.93498774509806,715.1889427143408,496.0589307598039,672.2897808535179,0.7815079073138004,0.7485065908599762,0.77387419898656,0.7475607933377061,6.093014705882354,8.822345251826224,6.781602328431372,8.771780084582854,2.736368367819106,2.8774651472152897,2.7687980023678804,2.879967406670775,0.5023020987270521,0.48761548435885366,0.496086820127963,0.48609432902289235,0.7087327413962559,0.6982946973583959,0.7043343099182113,0.6972046536153443,0.9598665009924741,0.925720764577985,0.9483299340211967,0.9301762542436579
6.jpg,kidneyStone,313.2754901960784,683.1810226835831,530.9665441176471,661.6883967704729,0.7750545926385056,0.7384614423223848,0.7645477893079525,0.7395926430060833,5.502757352941177,8.889134948096885,7.141299019607843,8.69041138023837,2.9906096181603044,3.1606072047507343,3.0531718801315693,3.1532865385523943,0.47130479987884016,0.46098309155928996,0.46434077291110987,0.46111115137599007,0.6865164236045924,0.6789573562156095,0.6814255446570152,0.6790516558966557,0.9695897306987727,0.9338627287425905,0.9484580310242164,0.9359433831853409
60.jpg,kidneyStone,389.76528799019604,720.5883737024224,497.32210477941175,678.7768550557481,0.7833925922349906,0.7493203479056056,0.7752669845879995,0.7488799886347292,6.084313725490196,8.812502883506346,6.769255514705883,8.797800845828531,2.728332638193907,2.8716941532587397,2.763217848369247,2.874101568663095,0.5046439720309274,0.4897166897480209,0.49823978223144355,0.4886418407376223,0.7103829756060651,0.6997976062748578,0.7058610218955595,0.69902921307884,0.9592677199928766,0.9247888305847677,0.9479410953864326,0.9291528937964538
61.jpg,kidneyStone,394.798774509804,720.8525336409075,497.04770220588244,682.7099115724722,0.7846979603789066,0.7516463571586025,0.7768544784105875,0.7499239011461115,6.14497549019608,8.839061899269513,6.749479166666668,8.822545174932719,2.713832015311474,2.8533962630010445,2.7460292674262083,2.8597285952927916,0.5060040933212288,0.49123164145455545,0.49997735504185614,0.49002538313347976,0.7113396469487897,0.7008791917688493,0.7070907686017801,0.70001813057483,0.9585987309568575,0.9245009472210179,0.9477894884647298,0.9284958445159316
62.jpg,kidneyStone,391.04307598039213,713.7746712802768,492.44417892156866,679.1353479430989,0.7853737314224907,0.7525939978809089,0.7786802740310673,0.7505128135571317,6.130055147058823,8.783514033064206,6.704963235294118,8.793663975394082,2.7037108766998146,2.8392986393220427,2.7295700762707638,2.844484625870919,0.507858513960789,0.49358385715368985,0.5023437027159398,0.49211568507720627,0.7126419254862774,0.7025552342369173,0.70876209175995,0.701509575898438,0.9588553301959323,0.9249919637185507,0.9480994663974102,0.9286320867520277
63.jpg,kidneyStone,390.1605392156864,714.6655594002309,493.0810049019609,676.243444828912,0.7874267989231301,0.753310659713275,0.778725967165568,0.7513331419959578,6.094546568627454,8.793479430988084,6.7279411764705905,8.754232987312573,2.6904919717999096,2.8287816146948837,2.7213277258297977,2.8332096760366925,0.5108707473443961,0.4962404118369878,0.5050529887702824,0.4950055067986894,0.714752227939442,0.704443334723942,0.710670801968311,0.7035662774740482,0.9587623270066216,0.9245589321460991,0.9477970769655335,0.9286148227852081
64.jpg,kidneyStone,333.4666973039217,731.2419223375625,561.0579963235294,672.7956939638599,0.7179661050491453,0.6672914654762451,0.6983275933438131,0.6683458972900878,6.025061274509806,9.997477893118031,7.984283088235294,9.548850442137638,3.659925884347685,3.882993115111777,3.7544717241684578,3.86621736463512,0.35277826387668676,0.34349173140605876,0.347001328224496,0.34398184320022407,0.5939513985813037,0.5860816763950727,0.5890681863965291,0.5864996531970195,0.9727430909974341,0.9402732986878471,0.9540728645041091,0.9450470955918036
65.jpg,kidneyStone,334.5787683823529,727.0009996155325,556.9077205882352,671.3015301806997,0.718373600195629,0.6677773504242381,0.6989282466528584,0.6703769585992634,6.029564950980391,9.958569780853516,7.956709558823528,9.514525182622068,3.6458062807832285,3.8632379124649097,3.7382024205017688,3.8485141775572664,0.3523681889364966,0.3431667135388881,0.34660845154113645,0.343624296277376,0.5936060890325305,0.5858043304200543,0.5887346189423011,0.5861947596809238,0.9726756438814333,0.9406702953005126,0.9544516645865544,0.945215864117109
66.jpg,kidneyStone,337.52052696078425,728.1040061514802,555.860830269608,667.3068050749714,0.7192821806587694,0.667216030753173,0.7001419987298848,0.6700238177909619,6.04549632352941,9.943575547866207,7.917141544117649,9.47375624759708,3.637723907915534,3.8557168187202144,3.7257432817748177,3.8374458518198136,0.35224806642220674,0.34302839948140484,0.3464574714258789,0.34352039314131266,0.5935049000827262,0.5856862636953378,0.5886063807213433,0.5861061278824106,0.9724411255745409,0.9405923641637663,0.9545466083152301,0.9455529439036119
67.jpg,kidneyStone,337.290594362745,730.7875586312955,557.19453125,668.2664052287582,0.7183494581599497,0.6669553054045605,0.700710994911699,0.6688402137765481,6.027542892156861,9.963875432525949,7.907582720588234,9.488519800076894,3.634309651647923,3.8550357012046934,3.7236881048831934,3.8361419492437605,0.351655803769884,0.34247586293444926,0.3459457662627128,0.3429295231287288,0.5930057367090844,0.5852143734858614,0.588171544927764,0.5856018469307699,0.9724734998760589,0.9404030204672976,0.9544602615367395,0.9455017278216903
68.jpg,kidneyStone,340.2068321078432,732.8911034217609,559.9760110294118,670.4853517877741,0.7177883932145785,0.6665290137058402,0.7004694692045522,0.6696963802485298,6.060784313725492,10.020638216070743,7.945557598039217,9.510988081507113,3.620305929871804,3.838429180758964,3.706598097674452,3.818842065732552,0.35144035565216064,0.3422048039075263,0.34574900766832467,0.342753278254408,0.5928240511755243,0.584982738127824,0.5880042582059459,0.58545134576189,0.9722610733976341,0.9402866805056729,0.9542752918857637,0.9453712757043399
69.jpg,kidneyStone,332.307475490196,727.076216839677,559.4540287990196,672.0748481353324,0.718664839506984,0.668098796898515,0.6991060197987986,0.6694020785006007,5.992738970588234,9.951603229527105,7.971706495098039,9.525951557093425,3.660331912249221,3.882997160778988,3.7550815306488112,3.864525355622515,0.35368049102396004,0.3443715881908017,0.34782473131859587,0.3448789763970056,0.5947104261940933,0.5868318227489046,0.5897666753204999,0.5872639750546645,0.9728195442154298,0.9405742765389065,0.9541736176336559,0.9450696733775114
7.jpg,kidneyStone,311.2436580882352,677.8599615532487,527.6814338235292,660.1800230680508,0.7748751058084099,0.7385207460140253,0.7640791908413322,0.7386507048483968,5.50395220588235,8.863544790465207,7.13348651960784,8.722214532871973,2.9840637243770782,3.154166727008207,3.0476306677155143,3.150977755485214,0.4714502212424679,0.46114908550388983,0.46446433777535934,0.4610679284177958,0.6866223279521777,0.6790795870175231,0.6815162050717205,0.6790198291786447,0.9697893364448902,0.9343830448200139,0.948780944294771,0.9360944657579167
70.jpg,kidneyStone,330.34852941176473,727.5116186082276,558.382306985294,669.2853364090735,0.7188416623739668,0.6672033314985278,0.6993893798894506,0.6691704480508194,5.974509803921569,9.952218377547098,7.944347426470586,9.486828143021917,3.6537292689121577,3.879945821379793,3.7512221690412937,3.8613792009958656,0.35331726414476244,0.3439905645375502,0.3474829926393618,0.3445188716787573,0.594404966453648,0.5865070882244734,0.5894768804960563,0.5869572997065096,0.9729643104890353,0.940504248120512,0.9542350793513201,0.9452659816103677
71.jpg,kidneyStone,465.25353860294115,874.459423298731,625.4112285539215,824.4004921184159,0.6243555397723151,0.573070972103084,0.6175548508619981,0.5741668045706291,8.604794730392157,12.573594771241828,9.67124693627451,12.336947327950785,4.616221451358378,4.834577448055073,4.660364378609916,4.829624522837091,0.23660068428365139,0.22980859087557035,0.23310455122804333,0.2294009901553552,0.48641616367432877,0.47938355298817914,0.4828090214857665,0.4789582342494544,0.9659873406767208,0.9361548000083939,0.9542715431330543,0.9398096550964857
72.jpg,kidneyStone,460.52810968137254,875.1106651287967,624.6258578431373,819.8572702806614,0.6248451168588307,0.5734108009050961,0.617067769338969,0.5744903055693767,8.566314338235294,12.593571703191081,9.698468137254903,12.329519415609383,4.612491859390911,4.832755179286945,4.659462730631448,4.827565083907032,0.23745219968731981,0.2304262374466036,0.23400521060953872,0.23027240195819756,0.4872906726865597,0.4800273298955004,0.48374085067269096,0.4798670669656312,0.9663139923101086,0.9360721192265214,0.954303694341719,0.9401084458066138
73.jpg,kidneyStone,461.99594056372547,861.4615455594003,620.0031556372547,822.7561245674741,0.6250744037782531,0.5720797776462894,0.6169582229455257,0.5743373320096548,8.55142463235294,12.510280661284122,9.608547794117644,12.282183775470973,4.617078012035146,4.839278427285811,4.66392911418523,4.833672244255555,0.23718877361903326,0.23023654694073398,0.23371537480983115,0.22976291938702187,0.4870203010337796,0.47982970618828297,0.48344118029997313,0.479335914977192,0.9661861196221145,0.9370318830855252,0.9546158752142632,0.9398610371978663
74.jpg,kidneyStone,465.7350183823529,867.2732026143793,622.4211703431372,826.8999923106498,0.6226237181387966,0.5721889651187311,0.6166815684458288,0.5729593821243353,8.600520833333334,12.519677047289507,9.613511029411764,12.326120722798926,4.627744897135811,4.8440545912844435,4.66969599157466,4.8414667941484995,0.23709627449947882,0.23022884517400152,0.23358178783682207,0.22972037153072034,0.4869253274368451,0.47982168060020125,0.4833029979596879,0.4792915308355869,0.9659234060677432,0.9366267973926371,0.9544525842838409,0.9395769400106443
75.jpg,kidneyStone,234.7860294117647,854.8491195693964,662.2911764705882,678.0640061514803,0.7955763415700792,0.7552896054900949,0.7815091257555192,0.76097351944704,4.221292892156862,8.165536332179931,6.444148284313725,7.239584775086506,2.824434790337605,3.0089576872998154,2.898954615931374,2.982347203348685,0.5002734099274094,0.4853045566569271,0.49060556378744047,0.4891905029872727,0.7073000847783135,0.6966380384797597,0.700432412005213,0.6994215488439519,0.9761703116742904,0.9134821854610111,0.9328029354222261,0.9313743038545468
76.jpg,kidneyStone,233.45222120098043,855.3869281045751,664.834742647059,678.8300653594772,0.794081953785281,0.7545184196318444,0.7822456798492636,0.7616031372635842,4.237270220588236,8.199569396386005,6.47763480392157,7.255317185697809,2.822231128080565,3.00642385535365,2.894863194718922,2.9755485682660403,0.5008367706380963,0.4859072736493712,0.49110386562090746,0.48975352921517046,0.7076982200331553,0.6970704940315371,0.7007880318761925,0.6998239272954094,0.9762915365406274,0.9133762231382484,0.9325046118587074,0.9312558771045907
77.jpg,kidneyStone,232.14692095588242,850.6447827758557,662.274387254902,677.5062668204537,0.7934747686367855,0.7546260984775047,0.7824395014148822,0.7618022747792047,4.226792279411766,8.165982314494427,6.478676470588235,7.2412302960399835,2.8212051135285563,3.0022871963896156,2.8962352587850098,2.974007434041625,0.5007743318609806,0.4859518432637849,0.49112697485454815,0.48977805839028266,0.7076541046733076,0.6971024625288487,0.7008045197161247,0.6998414523235121,0.9763656984833274,0.9136434314046241,0.9325981360736901,0.9312202724460911
78.jpg,kidneyStone,228.34316789215688,846.1248442906577,660.2920649509805,671.7919569396388,0.7957280725869793,0.7578531944005422,0.7828719886414988,0.7623875349645208,4.188511029411765,8.128073817762402,6.468106617647059,7.217808535178779,2.797261460923142,2.9773916110204253,2.8735015524018044,2.9526622488475054,0.5035352125684832,0.48863925598071684,0.4937507462199035,0.49234340111993724,0.7096021509046342,0.6990273642574494,0.7026739971138134,0.7016718614280733,0.9767000121385183,0.9139070562301663,0.9326471824395053,0.9316453741264178
79.jpg,kidneyStone,226.65055147058823,849.7742099192619,663.3727941176471,669.2887966166859,0.7962059241367445,0.7580105163953426,0.7836345389420747,0.7640340136778013,4.151746323529411,8.140561322568242,6.455269607843137,7.13925413302576,2.792826191533809,2.9752800637751586,2.869147775126787,2.9450951731958717,0.5046885479931097,0.4897381002574794,0.4948089935173671,0.4935992809082834,0.7104143495123882,0.6998129037517666,0.703426608479781,0.702566211049381,0.9768089089269734,0.9132974875398921,0.9321467471865164,0.9317124248409685
8.jpg,kidneyStone,313.0635723039216,676.410580545944,530.6448835784315,662.9212456747405,0.7759552568641969,0.7399480113347107,0.7658096242058686,0.7403876205217755,5.512622549019608,8.846689734717417,7.169515931372551,8.751341791618607,2.981588540891732,3.150677664785452,3.047037686447484,3.146134092463112,0.4721705917833584,0.4621144543672833,0.46530522154001785,0.4620328735835048,0.6871467032471003,0.6797900075518052,0.6821328474278436,0.6797300005027767,0.9695845703333016,0.9344628299710286,0.948445639920046,0.9357698066187302
80.jpg,kidneyStone,226.59492953431374,856.8265282583624,668.252113970588,672.6631449442525,0.7978323488657219,0.7581309066782702,0.7856688977477426,0.766129220920215,4.137607230392156,8.145221068819687,6.451072303921567,7.135793925413305,2.7907858576927427,2.9753748171627836,2.8668568518314554,2.9451534921549403,0.5054910429676237,0.4907225014600455,0.4957950066108512,0.4943957536812287,0.7109789328578053,0.7005158823753003,0.7041271238994072,0.7031328136854578,0.976768846474838,0.9124057174437146,0.9315129311364542,0.9312329349755152
81.jpg,kidneyStone,227.0964920343137,862.6299577085736,673.3984375,678.6998692810457,0.7973912658513672,0.7590896350585243,0.7862619760396508,0.763219454484698,4.140762867647059,8.13267204921184,6.4572610294117645,7.167135717031911,2.792102966307399,2.974190194522998,2.864312468812318,2.9469633604906473,0.5063072094886131,0.4914893247369885,0.49647536744525106,0.49496679279743505,0.7115526751327783,0.7010629962685154,0.7046100818504168,0.7035387642464593,0.9766757407313331,0.9116546501477417,0.9308623666660291,0.9304916588387573
82.jpg,kidneyStone,229.1088082107844,872.5429757785469,681.5645220588235,685.1653210303728,0.7981130181504409,0.7584816777099862,0.7847894061463393,0.7643135919472261,4.139445465686276,8.171980007689351,6.5024816176470575,7.186420607458668,2.7974236533891697,2.983289584511999,2.874973420146217,2.9545533454797672,0.5071490715522575,0.4919550612021728,0.49696175357828853,0.4955227158513101,0.7121439963604674,0.7013950821057793,0.704955142954705,0.7039337439356846,0.9764117339780041,0.9104219453368468,0.9298540981956257,0.929658735117555
83.jpg,kidneyStone,230.7483149509804,882.9005767012688,687.6367647058823,688.0464744329105,0.79849629659527,0.7607980576497309,0.786543402577215,0.7648178587781724,4.1256127450980395,8.150926566705115,6.470220588235295,7.162752787389465,2.8042092706339523,2.987323307926326,2.8808012202385576,2.961862419516482,0.5070590813038031,0.4919553843854751,0.49683216111103606,0.4954990029712347,0.7120808109363733,0.7013953124918038,0.704863221562195,0.7039169006148629,0.97619512161904,0.9091764888643434,0.9290871650958074,0.9292210263742406
84.jpg,kidneyStone,236.46449142156868,895.2380469050365,693.1852941176471,695.0519953863898,0.799668262853023,0.7604905435405533,0.7864349137600274,0.7651463856341384,4.201041666666668,8.235663206459055,6.511764705882353,7.226574394463666,2.801036244564126,2.9847700582340932,2.877060837890175,2.9560852732445,0.5081069975621609,0.49312004465203624,0.4981912644447523,0.49675548288956967,0.7128162438961116,0.7022250669493623,0.7058266532547155,0.704808827193282,0.9755626415244576,0.907746211182683,0.9283900121533503,0.9283752737932591
85.jpg,kidneyStone,239.79143688725495,901.7837600922724,694.1596200980392,696.4143483275665,0.7983705671095089,0.7602272337884152,0.7882034730116954,0.7654798693010919,4.266467524509805,8.322752787389467,6.532536764705881,7.269065743944639,2.7917473978156164,2.974546653415846,2.862524899039214,2.943519704023486,0.50924077674546,0.4941138200624048,0.4992553236923599,0.49786193894312986,0.713611082274834,0.7029323011943646,0.7065800193130003,0.7055933240494342,0.9751483018154126,0.9068077187564124,0.9280857335082425,0.9280310372801882
86.jpg,kidneyStone,240.4826593137255,901.6363552479817,692.2924938725489,694.4409688581316,0.8002439649572483,0.7598417277953778,0.7876884697064569,0.7660276509105893,4.2745404411764705,8.374809688581315,6.5697303921568615,7.298515955401769,2.784935423641561,2.971558538901013,2.8585912669668945,2.942934296970066,0.5093563294841529,0.49402939708664967,0.49927893732841633,0.49799432608136857,0.7136920410682418,0.7028722480555408,0.7065967289256414,0.7056871304490174,0.9750590325120869,0.906757018364965,0.9282288546894488,0.9281841885268195
87.jpg,kidneyStone,238.05818014705875,900.8506881968473,693.2644914215684,694.4606535947712,0.7998135939632526,0.7604159187268118,0.7867191660811208,0.7663611258709178,4.239185049019607,8.383544790465205,6.609528186274509,7.290211457131873,2.772980417518022,2.959945796447424,2.8522750527916707,2.9295933710800495,0.5101689087524179,0.49491898058904676,0.49992943822031316,0.4986488909937783,0.714261092845199,0.7035047836291142,0.7070568847131843,0.7061507565624909,0.9752997368869316,0.9067979427343793,0.9280969997149865,0.9281510660389071
88.jpg,kidneyStone,233.82120098039218,898.8398615916955,696.2087009803921,693.9565090349865,0.8005696877389218,0.7621229947794576,0.7885390782879257,0.7675780114628664,4.204564950980392,8.343006535947712,6.621017156862745,7.270895809304114,2.764790331939117,2.9485995243062133,2.84215713027765,2.9191137091467105,0.5113812171381652,0.4958592536127161,0.5009361312261957,0.4997234005020693,0.7151092344097965,0.7041727441563725,0.7077684163808072,0.7069111687489944,0.9756925423375814,0.9068269406470578,0.9276520303770995,0.9280649938130484
89.jpg,kidneyStone,233.13976715686277,897.5713956170704,695.3850796568628,692.2613456362938,0.8024126226695376,0.7617927464102222,0.787323100130926,0.7671309220056943,4.159466911764706,8.305820838139178,6.6390625,7.245059592464438,2.7590744582390867,2.9451380679899617,2.841584690254558,2.9169147600846084,0.5114487610684592,0.4958792836458223,0.5008903453552643,0.499698432611241,0.7151564591531416,0.7041869663987131,0.7077360704070864,0.7068935086781042,0.9757644909010029,0.9069626670132647,0.9277402325405318,0.928243981880092
9.jpg,kidneyStone,312.3902573529411,674.3826528258362,530.4402573529412,666.5547404844291,0.7757305684113751,0.7391794241847358,0.7640917032800275,0.7388112665519876,5.511397058823528,8.844413687043446,7.194730392156863,8.788435217224144,2.980243459817013,3.149510047434224,3.048016022064768,3.148605777467386,0.4723553615806193,0.4623414365367711,0.46552838763655346,0.4622171818398301,0.6872811372216026,0.6799569372664501,0.6822964074627342,0.6798655615927535,0.9696279002499153,0.9346117986842492,0.9484280190288324,0.9353707937531724
90.jpg,kidneyStone,233.64143688725486,894.1238446751247,690.6356617647059,686.4944098423686,0.7999275585728168,0.7612539137662326,0.7865942155283911,0.7664131385849356,4.193275122549019,8.34148404459823,6.647303921568628,7.249073433294889,2.7661922562924808,2.950735444228398,2.849412539710757,2.9222904466820596,0.5100631371263078,0.4946423590962041,0.49967386904976463,0.49852270240012114,0.7141870463165149,0.7033081537250966,0.7068761341633799,0.7060614012960355,0.9757851233575933,0.9075972427378131,0.9284483754190285,0.9290545971989361
91.jpg,kidneyStone,234.5787224264705,887.7486966551323,684.551194852941,682.8574702037679,0.7995634058252061,0.7605280383832655,0.785990208561753,0.7670613376518775,4.21346507352941,8.352956555171087,6.639552696078429,7.246336024605921,2.760081328683164,2.945979961650546,2.840787921090953,2.912692895980028,0.510216856431796,0.49492310818259494,0.49976123028102154,0.49858919727588297,0.714294656589139,0.7035077172160906,0.7069379253378768,0.7061084883188156,0.9757559480621506,0.9085121588160276,0.9292766842920682,0.9296274317037259
92.jpg,kidneyStone,235.0797181372549,877.1359015763169,676.34375,681.1604767397157,0.7987010965456892,0.7591907788568867,0.7856810946566277,0.765890362088022,4.232904411764705,8.341530180699731,6.625459558823529,7.281968473663977,2.762478690706747,2.9461725509470806,2.8407169275277826,2.9141297960134778,0.5086239541892316,0.49354124993477655,0.4985093197938066,0.4972459859803131,0.7131787673432458,0.7025249105439441,0.7060519242901379,0.705156710228523,0.9757658451542707,0.9098349662153045,0.9303020125797415,0.9299802262253059
93.jpg,kidneyStone,235.8854319852941,874.9633371780085,673.7748774509803,679.8712956555172,0.7980578732308353,0.7592129561919468,0.7842270617694551,0.7640913672766301,4.259972426470588,8.364183006535947,6.636917892156863,7.304805843906191,2.783446318124925,2.9648980013111172,2.862620486333512,2.9358093756538324,0.5056415548181586,0.4907408277152445,0.4956626384636842,0.494541728117169,0.7110847732993294,0.7005289627954325,0.7040331231296466,0.7032366089142181,0.9757722221599775,0.910388558726164,0.9308215976180197,0.9303693719546029
94.jpg,kidneyStone,236.91323529411764,870.7871741637834,670.9860600490197,681.6819377162631,0.7977224720309024,0.7588018507588025,0.7848575204456326,0.7633734792105662,4.278216911764706,8.350080738177626,6.621875,7.310880430603614,2.7767762549368995,2.9580839849785954,2.8552069190858385,2.9292642967667555,0.5063136689839846,0.49125605497900215,0.4963506392523308,0.4950370639394158,0.711557214132486,0.7008966079094706,0.7045215676275147,0.703588703675248,0.9756862586657036,0.9108878672298389,0.9311634232471364,0.9302399792473668
95.jpg,kidneyStone,279.0927083333334,552.0863052672048,423.08409926470586,543.3020222991156,0.8034266815781661,0.7686927025187326,0.7915491798062766,0.7676582198757795,4.8239889705882355,7.598062283737024,6.168045343137256,7.539746251441752,2.613518432549011,2.7744212674483215,2.682253894413087,2.7707590618665625,0.513732246771449,0.49980773585293303,0.5048255132538039,0.5010818087444849,0.7167511749355204,0.7069708168325854,0.7105107411248642,0.7078713221656072,0.9709110102133645,0.9426237038778917,0.9559032225675352,0.9435366220502659
96.jpg,kidneyStone,283.7411151960785,560.4106420607457,429.0486825980392,550.1866974240676,0.8033421769330708,0.768378926935331,0.7916009323545224,0.7675874448670765,4.853982843137256,7.642076124567471,6.201838235294118,7.564936562860437,2.612394543704626,2.7726873250058324,2.680154620538083,2.7678314143903036,0.5153039953223747,0.5013613109795256,0.5067044610621513,0.5027285240453311,0.717846777050907,0.708068719108199,0.7118317645779453,0.7090335140494637,0.9703294675564688,0.9415678374135827,0.9551347965624147,0.942633854277731
97.jpg,kidneyStone,282.20214460784314,561.3527104959632,430.958088235294,551.3173394848136,0.8042318123568803,0.7688037151135246,0.7921959850507188,0.7680064607030793,4.844178921568627,7.630173010380624,6.194148284313724,7.561707035755479,2.605253327682308,2.767883833502423,2.673695244967815,2.762448009032997,0.5165326537851277,0.5025384086592549,0.5079043885333313,0.5037737469736674,0.7187020619040464,0.7088994347996441,0.7126741110306528,0.7097702071612103,0.9704084658067192,0.9413073538535932,0.9548100138586572,0.942356609461863
98.jpg,kidneyStone,280.63293504901964,567.8445520953481,437.4452205882352,558.5881737793156,0.8038096790526608,0.7686404354177041,0.7926708561521723,0.7686196243503723,4.8505208333333325,7.672772010765093,6.227144607843135,7.617470203767782,2.6032963974455487,2.7632214671889894,2.668570558514915,2.7586625978954005,0.5164984329147367,0.5026045614313603,0.5077777480932437,0.5036291693328844,0.7186782540989651,0.7089460920488668,0.7125852567189723,0.7096683516494761,0.9705947853555622,0.9406723905299315,0.9541637170835504,0.9416394840695534
99.jpg,kidneyStone,284.77521446078435,575.9565397923875,443.58866421568626,566.8586851211071,0.8054319475516909,0.7717975247230728,0.795312974342778,0.7713487210105113,4.840196078431374,7.650811226451365,6.220251225490196,7.632202998846594,2.596480195866106,2.7544678450442888,2.659049897903471,2.7524375686116844,0.5169618277309584,0.5034609782621391,0.5087870225976038,0.5044389810738809,0.7190005756123972,0.709549841985846,0.7132930832397043,0.7102386789480568,0.9701096004137324,0.9397218029818677,0.9534403215165645,0.9406739621092133
Stone- (328).jpg,kidneyStone,267.82928921568623,552.6513033448674,395.4515778186276,515.1059900038446,0.6747904586832214,0.627128982876084,0.6714627504206235,0.6292936787210551,6.34203431372549,9.634002306805076,7.25966605392157,9.292041522491347,4.087923782800008,4.291876646870094,4.126494525663041,4.278969178695242,0.2988896464898191,0.29083710902307264,0.29488584067444773,0.2917843980688821,0.5467080084376111,0.5392931568479917,0.5430339222133804,0.5401707119688017,0.9793131304700761,0.9573941528008998,0.9694606369547362,0.9602886540416787
Stone- (329).jpg,kidneyStone,268.4127297794118,555.1025451749329,400.2628982843137,521.4613917723952,0.6768358198627137,0.6294202059946334,0.6719333934466192,0.630268955544262,6.375536151960786,9.665990003844678,7.303645833333331,9.358077662437523,4.082347544148334,4.286566341509457,4.119918281062907,4.271769754497273,0.29936950531064527,0.2911260050957838,0.2953411991950961,0.2921043581705851,0.5471466945076477,0.5395609373331096,0.5434530331087463,0.5404667965477482,0.9792649898374672,0.9571989646340493,0.9690841311432996,0.9597928568960269
Stone- (330).jpg,kidneyStone,269.1197150735294,557.3354863514035,403.3368719362745,524.9735332564399,0.6748328324297775,0.6286358295438145,0.6709930010836171,0.6299301094100519,6.366283700980392,9.658069973087276,7.33390012254902,9.37528642829681,4.098255362203929,4.298854160714438,4.1355838774440725,4.287409489577804,0.29803742921705295,0.29007470530439544,0.29401802165652174,0.29103853854453116,0.5459280439921116,0.538585838380843,0.5422342866847519,0.5394798777939092,0.9792349320794741,0.9570775144409724,0.9688832678549243,0.9595698292107961
Stone- (331).jpg,kidneyStone,267.4412530637255,554.243475586313,403.50914522058827,526.0934717416379,0.6744456663753712,0.6283600803799498,0.6715171620149443,0.6297845949015852,6.391651348039216,9.645367166474433,7.358134191176471,9.423790849673205,4.080306118842296,4.279848528831858,4.116527528727683,4.2688887504289905,0.2989465051612134,0.2908588967570956,0.29497767910779493,0.291857553027619,0.5467600069145634,0.5393133567390072,0.5431184761244962,0.5402384223910949,0.9793368045022119,0.9572584340584963,0.9688283363208482,0.9594292764744723
Stone- (332).jpg,kidneyStone,267.37152267156864,556.2891810841984,407.3020373774509,530.3750557477894,0.6756463058208175,0.6268471366276006,0.6696910571248679,0.6275599014926645,6.3821537990196076,9.684059976931952,7.427864583333332,9.512095347943099,4.082309965408239,4.286680990349291,4.127421254997367,4.281150310979214,0.2986886762115232,0.2905264880082647,0.2946212218276174,0.29148747066051695,0.5465241771518651,0.5390050908927156,0.5427902189866887,0.5398957961130249,0.9793552691670694,0.9571276136695634,0.9685554786942014,0.9591247770705711
Stone- (333).jpg,kidneyStone,270.0826899509804,561.9837908496731,413.2049938725491,539.9556170703577,0.6755893999892079,0.6286222585251173,0.6689454461139905,0.6288983819291638,6.392708333333333,9.69750096116878,7.470312500000002,9.556262975778548,4.08172702595871,4.282985509909324,4.126137851226892,4.277302472058166,0.29864047768023416,0.2903839141512572,0.2945410415549683,0.29135989000179,0.5464800798567447,0.5388728181595888,0.5427163546042889,0.5397776301420707,0.9791486258391389,0.9566943491463468,0.96810467910984,0.958391808073389
Stone- (334).jpg,kidneyStone,272.0301930147059,563.5460976547481,414.5317401960784,542.0844444444446,0.675879530218916,0.6271523620999723,0.6707652166910881,0.6294013141429579,6.40669424019608,9.733840830449825,7.469914215686275,9.581468665897734,4.077048060199683,4.281130630652724,4.118973740548865,4.269696128348791,0.29871136035794527,0.29051344951909014,0.2947282505292061,0.2915777627301836,0.5465449298620794,0.5389929957978027,0.5428888012560271,0.5399794095427932,0.9789970518654539,0.956571546503506,0.9680005614386482,0.9582254420983476
Stone- (335).jpg,kidneyStone,272.4489430147059,564.8675586312957,415.4713848039215,541.9378546712803,0.6776434023685262,0.62811009681684,0.6710701881400418,0.6283066240971833,6.39312193627451,9.738823529411764,7.490533088235295,9.591218762014611,4.07424572314502,4.283861726422639,4.122165651033545,4.274450635086206,0.2990035858212962,0.29077809643793284,0.2948711006020821,0.291787291818824,0.5468122034312112,0.5392384411723007,0.543020350080991,0.5401733905134758,0.9789527585736763,0.9564447411766958,0.9679098160110398,0.9582127825086147
Stone- (336).jpg,kidneyStone,273.0143535539215,564.763321799308,414.7485906862745,544.7148173779317,0.6753573330015198,0.6278057080297141,0.6696842813829051,0.6279687266536427,6.408318014705882,9.731134179161861,7.479442401960784,9.588604382929645,4.075809768364406,4.280601441321192,4.121603433506481,4.274360712753317,0.2985638618982556,0.29038317850423073,0.294444499002975,0.2912791756519876,0.5464099760237322,0.5388721355797038,0.5426274034758796,0.5397028586657547,0.9789197033367727,0.9564748041723777,0.9679818350044438,0.9580199028841909
Stone- (337).jpg,kidneyStone,277.76410845588225,570.3407304882737,417.68748468137267,550.7511572472125,0.675256827876398,0.6271215799602045,0.6699550209786036,0.6258242916410031,6.490579044117646,9.757416378316034,7.4779871323529425,9.681937716262976,4.077738430699625,4.279566291671719,4.120058122629595,4.2762535353116835,0.2983656613160352,0.2901755772814437,0.2941919470951679,0.2909646692241662,0.5462285797319976,0.5386794754596129,0.5423946414698139,0.5394114099870025,0.9785590178655957,0.9560572706949084,0.9677639764115376,0.9575665777952401
Stone- (338).jpg,kidneyStone,277.21551776960797,575.203475586313,422.8160692401962,553.2146405228758,0.6772218411754536,0.6282881493675622,0.6697379242893858,0.6285659824193334,6.48730085784314,9.80167627835448,7.528416053921571,9.682891195693966,4.067962021930757,4.271990518360542,4.113633780104872,4.264067755969771,0.2985343584048204,0.2902953741064013,0.2944384147294987,0.2912541609332818,0.5463829777773282,0.5387906588893328,0.5426217971382081,0.5396796836395472,0.9785882947774978,0.9556557094213047,0.9673483344024769,0.9573508996156025
Stone- (339).jpg,kidneyStone,276.60579044117657,575.7922952710496,423.9034926470587,554.2313879277201,0.6767020436869963,0.6283386633652247,0.6703814396338406,0.6281329194818542,6.499019607843138,9.838093041138025,7.565533088235293,9.70878892733564,4.063788659075346,4.269419683031851,4.110514498119693,4.261326612077866,0.2982164760004417,0.2901019925941593,0.29423546861108096,0.2910942167719777,0.5460920032379541,0.5386111701349678,0.5424347597740036,0.5395314789444428,0.9786237835592496,0.955585974643544,0.9672463005717182,0.9572490859656642
Stone- (340).jpg,kidneyStone,277.0371783088235,573.6640522875817,423.12080269607833,554.2380776624375,0.677069607266649,0.6278755826129164,0.6702604406768483,0.6268011443034072,6.50749080882353,9.838662053056517,7.549785539215684,9.731564782775857,4.059585598672271,4.264134866113164,4.105956793500439,4.258329809823122,0.2984325431521605,0.29028851630572394,0.29436339416855883,0.2911154243606361,0.5462897977741855,0.5387842947838438,0.542552664880156,0.5395511322948328,0.978598245143745,0.9557663368004686,0.9673184890826264,0.9572642204755302
Stone- (341).jpg,kidneyStone,274.51858149509803,569.1462360630527,420.47483149509816,552.2849980776625,0.6757979338584132,0.6279513685498819,0.6695070334732208,0.6282358218686287,6.5114736519607845,9.79829296424452,7.541743259803924,9.73047289504037,4.05016311804701,4.250736742305088,4.09358817316557,4.2467510367305925,0.29869320257495613,0.2907404875036234,0.2947762461966252,0.29136769736775014,0.5465283181821012,0.5392035677771647,0.5429330034144408,0.5397848621142965,0.9788019052808279,0.9561335421203546,0.9675364483016622,0.9574331075729894
Stone- (342).jpg,kidneyStone,274.3674325980392,571.7394848135332,426.25401348039225,558.1731334102269,0.6758099893280181,0.6275133960340857,0.666912313136224,0.6273704902115951,6.491911764705883,9.829173394848137,7.624234068627452,9.794079200307575,4.061265440738061,4.2632192955519885,4.110347806844369,4.2589826375931485,0.29775619770828826,0.2899156119677745,0.2937583427619862,0.29064268298901996,0.5456704112450008,0.5384381226917114,0.5419947811206176,0.5391128666513348,0.9788133416988686,0.95593322902566,0.9670899293536288,0.9569788543779864
Stone- (343).jpg,kidneyStone,272.0394301470588,567.8489657823915,421.60323223039217,554.0433217993079,0.67760607232245,0.6304559910028908,0.6712056264253059,0.6296545054873655,6.493535539215686,9.808058439061899,7.545297181372549,9.737562475970782,4.045573588012992,4.246771934689468,4.087363995037087,4.241671410164274,0.29800858500186234,0.2902012360017093,0.29406978256653826,0.2908467800439337,0.5459016257549179,0.5387032912482616,0.5422820138696638,0.5393021231591192,0.9789929543493594,0.9562327782998941,0.9674484793360086,0.9572968546957851
Stone- (344).jpg,kidneyStone,271.1108455882353,569.1682276047674,421.6149203431371,551.7325643983083,0.6763207733684997,0.6274054812048265,0.6698064838020822,0.629848268696462,6.509497549019607,9.907912341407151,7.610018382352939,9.747297193387158,4.0541996502713,4.2591648147084875,4.101668545065779,4.248466423149155,0.29801876937825156,0.2902175655682662,0.294057452925257,0.2908218722252302,0.5459109537078841,0.5387184473992572,0.542270645457835,0.539279030025487,0.9790567408789039,0.9561144762798718,0.9674347724454024,0.9574588471953798
Stone- (345).jpg,kidneyStone,271.9940104166667,574.4191926182239,425.8931832107843,554.6005382545175,0.6769001882373682,0.6275879474081723,0.6699888822361677,0.6299607461578678,6.491406250000001,9.884628988850443,7.5943780637254905,9.728412149173392,4.045587251250891,4.249221108974377,4.092075319153151,4.241510539256957,0.2991984843804443,0.29107474441631515,0.2952346629282458,0.2918436363974994,0.546990387831856,0.5395134330267553,0.5433550063524268,0.5402255421557735,0.9789859900895055,0.9557043594516446,0.9671007610508257,0.9572326509870392
Stone- (346).jpg,kidneyStone,277.77902879901967,582.654671280277,429.9677542892158,562.1373933102655,0.6772872753188596,0.6270012717488076,0.6684118757082393,0.6287391897104859,6.562208946078432,9.984375240292199,7.6585018382352965,9.832341407151098,4.055382294864782,4.2625173318120275,4.105286382986553,4.252655700035826,0.29881537625533916,0.29088064085605164,0.2947737333362996,0.29146378462369404,0.5466400792617928,0.5393335154207011,0.5429306892562803,0.5398738599188648,0.9785153323374491,0.9550197195367711,0.9667492391096739,0.9566036301495621
Stone- (347).jpg,kidneyStone,278.13042279411764,584.7154786620531,432.6564031862745,564.5816532103036,0.6775635004821855,0.6271872398528019,0.6696518559835146,0.6305929385634188,6.539093137254902,9.973118031526337,7.654718137254902,9.799707804690502,4.053464155478908,4.262049831315128,4.101613311770633,4.249831032265796,0.2986324043083263,0.29077859286072955,0.2946538026568433,0.291335131772138,0.5464726931039888,0.5392389014720002,0.5428202305154473,0.5397546959241188,0.9784925932721539,0.9548699603479115,0.966548169920073,0.9564239474991746
Stone- (348).jpg,kidneyStone,279.99034926470586,591.1137254901961,439.55082720588234,574.3369165705498,0.6787209229014353,0.6260414965339434,0.6680460547159686,0.6297832626607746,6.5757965686274495,10.038231449442522,7.719393382352942,9.87617070357555,4.068670364259483,4.27985056206038,4.118972281279593,4.266383266328253,0.2980306496449681,0.2902249609435108,0.2941484953907076,0.29079992331343896,0.5459218347391576,0.5387253112148257,0.542354584557656,0.5392586794048279,0.9783522115037506,0.9543831776992098,0.9660208165359805,0.9556778603943665
Stone- (349).jpg,kidneyStone,283.19782475490194,594.8375701653209,443.8561734068627,584.0348327566321,0.675644535677316,0.6288741193180213,0.6694855230072725,0.62911600076918,6.645098039215686,10.05273356401384,7.748146446078431,9.96891964628989,4.079631346623768,4.280337680821878,4.121101418157009,4.2733433215686745,0.29801812171569375,0.2903934414956775,0.29420260489880684,0.2908287846584309,0.5459103605132383,0.5388816581548099,0.5424044661493919,0.5392854389453056,0.9780982315384193,0.9540832218590796,0.9656792632367914,0.9549171081530664
Stone- (350).jpg,kidneyStone,287.60240502450984,603.0531487889275,450.4719975490196,590.2397078046906,0.6746638753294546,0.6278016972275094,0.6683933042924748,0.628193658366115,6.682858455882353,10.10825067281815,7.8100796568627455,10.000784313725493,4.081710698349143,4.28438195805841,4.123517159870251,4.272247519632085,0.29778777841511533,0.2901825993344471,0.29405749387348756,0.2905532044945894,0.5456993480068629,0.538685993259939,0.5422706832141007,0.5390298734713962,0.977749612592673,0.9534323610067111,0.9651553710150399,0.9544218122602435
Stone- (351).jpg,kidneyStone,290.25897671568623,605.6907958477509,451.993106617647,593.6752326028452,0.6748350210303571,0.6270388801523908,0.6689168316586372,0.6284510051098668,6.691115196078432,10.12176855055748,7.794638480392156,10.007689350249905,4.08086233542695,4.281612578302209,4.1204675880850825,4.272277859487613,0.2977498222213211,0.29003865611679547,0.293869478723628,0.2904139387432835,0.5456645693292914,0.5385523708208845,0.5420972963625884,0.5389006761391968,0.9775515876848969,0.953244156147904,0.965049612036234,0.9541716884840814
Stone- (352).jpg,kidneyStone,292.55070465686276,608.8938408304498,452.7463848039216,597.759569396386,0.6760494845172916,0.6263161278657371,0.6679087299587364,0.6285816668705277,6.73624387254902,10.190665128796619,7.819944852941177,10.055455594002307,4.0737120663124475,4.280335957741261,4.114546858203045,4.266768556856476,0.2977190169496109,0.2898406050611061,0.29381802451468486,0.29046224276263194,0.5456363413021633,0.5383684658866138,0.5420498358220256,0.5389454914577465,0.9773608118822109,0.9529687557495736,0.9649703902873881,0.9538287720681027
Stone- (353).jpg,kidneyStone,296.02715992647074,618.1837447135717,458.8819393382354,604.6351710880432,0.6755287280270643,0.626557352898121,0.667592219684923,0.6282383248303246,6.767509191176473,10.257870049980777,7.86919424019608,10.122875816993465,4.071965042621687,4.278186562423554,4.116211123997674,4.266005395208254,0.2978245308013296,0.2899271535021651,0.2939106886004633,0.2905512244795093,0.5457330215419712,0.538448840190194,0.5421353046984335,0.5390280368213785,0.9771036614606723,0.9522759954747012,0.9645144345198583,0.9533219501678575
Stone- (354).jpg,kidneyStone,299.5831954656863,623.9233371780083,461.77000612745104,609.7783160322953,0.6746943437378783,0.6258552460207906,0.6688306033160833,0.627935879705042,6.805897671568627,10.298577470203766,7.889889705882354,10.207627835447905,4.072845791174098,4.278952690438391,4.117506760226552,4.267876585372221,0.2978825497508095,0.2900029522256617,0.2938699839473552,0.29049053354068854,0.5457861758516879,0.5385192217791874,0.5420977623522857,0.5389717372373884,0.9768299104096767,0.951835437201717,0.9642933605770687,0.952927380263724
Stone- (355).jpg,kidneyStone,301.45269607843136,629.2232679738563,466.2710018382353,613.4535178777394,0.672636628501246,0.6239399086845108,0.6669841293386706,0.62542133534098,6.88642769607843,10.384513648596695,7.9549785539215705,10.272587466359095,4.0800689273365816,4.283565848515902,4.121836955400587,4.275724155065443,0.2978217747155543,0.2900378239759616,0.2939002460976925,0.2904769772250669,0.5457304964133435,0.5385515982484516,0.5421256737120024,0.5389591609992976,0.9766785601914271,0.9514122996453308,0.9639345143221091,0.9526300166805025
Stone- (356).jpg,kidneyStone,305.2040134803922,632.7941560938101,470.0303308823529,621.6939331026527,0.6746372621295572,0.626859841446114,0.6671279930918921,0.6270643823422541,6.877849264705883,10.35128027681661,7.963449754901961,10.301668589004226,4.080854131799255,4.282265166649738,4.123031581278811,4.2750408782868625,0.2978227384655992,0.29007060065177664,0.2938454957321854,0.2904682845047766,0.5457313794034563,0.538582027783862,0.5420751753513394,0.5389510965799926,0.976385234152653,0.9511300839242766,0.9636389751862253,0.9519873405230863
Stone- (357).jpg,kidneyStone,311.36530330882346,639.5804844290659,472.11602328431366,629.2118877354865,0.6746026837919424,0.6261655554764363,0.6690218482696759,0.6275353891154741,6.964813112745096,10.41693194925029,7.95269607843137,10.366397539407924,4.086133679662002,4.28731892358075,4.12171894977666,4.281819037176017,0.297859254666174,0.28999033814368574,0.2938764970626155,0.2904421642461178,0.5457648345818683,0.5385075098303511,0.5421037696443509,0.5389268635409797,0.9759178718893748,0.9506252354241423,0.9634920914032233,0.9514256773281577
Stone- (358).jpg,kidneyStone,310.396737132353,641.7437908496734,472.2961550245098,627.533379469435,0.6734287128848346,0.6261441657391987,0.6667971038424615,0.6258040371772889,6.946185661764707,10.421007304882739,7.951424632352941,10.314863514033068,4.089549882485935,4.289838728969096,4.127425910514085,4.281746091766233,0.29801066866841336,0.2900472396902915,0.29404106401196345,0.2906642216838791,0.5459035342149869,0.5385603398787284,0.5422555338693773,0.5391328423346876,0.9759775880220591,0.9504269407731634,0.9634549968378914,0.9515246585462603
Stone- (359).jpg,kidneyStone,309.8657169117647,644.2602229911573,473.61254595588235,628.2527181853135,0.674007251200117,0.626467979680369,0.6678975136740117,0.6270154748806209,6.938694852941176,10.438123798539024,7.946767769607843,10.327304882737412,4.087648369309118,4.2902888230309015,4.126502695072441,4.281748060738676,0.2981597662210371,0.2901579831257047,0.2941425492148453,0.2908624054185531,0.54604007748611,0.5386631443914691,0.5423491027141515,0.5393166096260648,0.9760069211271397,0.9502081153014323,0.9633351735970562,0.9514452611086094
Stone- (360).jpg,kidneyStone,312.46654411764706,644.9884967320261,478.93350183823526,633.1696270665129,0.6750654716794927,0.6272161885219645,0.6696783048201485,0.6267673623253118,6.933455882352941,10.427697039600154,7.995971200980392,10.369350249903883,4.083057426215868,4.28367696426352,4.121402128771747,4.2787242887445345,0.29844554955388247,0.29045012368442563,0.29438839089270047,0.2910819094362458,0.5463017019503806,0.5389342480158648,0.5425757006102471,0.5395200732468124,0.975799984842575,0.9501404164957957,0.9629149379296517,0.9510540512691268
Stone- (361).jpg,kidneyStone,316.4881127450981,652.5888811995388,483.8350490196078,639.295809304114,0.6730255249883417,0.626426294739569,0.6689210451596388,0.6247593254204485,7.005729166666668,10.503006535947716,8.062224264705883,10.45394848135333,4.082259454122127,4.282975871561487,4.121208213789426,4.279632461539152,0.2976485628790235,0.28970583454948373,0.29361021705518914,0.2903842502240512,0.5455717761019383,0.5382432856520216,0.5418581152434548,0.538873129988916,0.9755053146334173,0.9495871229661101,0.9625608699803679,0.950614020631965
Stone- (362).jpg,kidneyStone,322.3126225490196,664.4974086889658,491.3848345588234,648.2741714725107,0.6726284170546354,0.6257761764858291,0.6674299660319157,0.6280447036769856,7.080974264705882,10.609119569396388,8.134926470588233,10.514079200307577,4.073342857769538,4.273211784672284,4.113012894892375,4.2664043520820645,0.2985668785743464,0.29031084468887186,0.2946207606027053,0.29110256821637676,0.546412736467907,0.5388050154637314,0.5427897941217257,0.5395392184228842,0.9750642763770898,0.9486871273107715,0.9619915412393334,0.9499398950341814
Stone- (363).jpg,kidneyStone,325.53253676470587,668.5356401384083,497.9512254901961,657.3364705882353,0.671370339165781,0.6269358039598615,0.6664932662959774,0.6248711893423693,7.107598039215687,10.605213379469436,8.19938725490196,10.637047289504038,4.086638372089164,4.282384171895345,4.12768030613762,4.283833934560029,0.2973970305704236,0.28949147261108726,0.2934710917460006,0.2900492407542659,0.5453412056414072,0.5380441177181359,0.5417297220441211,0.5385621976654748,0.9748189325385742,0.9483829557853974,0.9614893351126161,0.9492476337399168
Stone- (364).jpg,kidneyStone,329.1348192401962,676.9617993079584,504.3728247549021,663.6151172625914,0.6720509823273555,0.625112328728531,0.6650190475538175,0.6247617661431262,7.157613357843138,10.722322183775471,8.276531862745099,10.697101114955785,4.069292697374078,4.268744415709546,4.110411957345462,4.266763492983488,0.29834789072261886,0.29030492722980417,0.29438894046723324,0.29083680499662906,0.5462123128625158,0.538799524155139,0.5425762070596473,0.5392928749729863,0.9745280047248236,0.9477070467545775,0.9609738135770414,0.9487380316947815
Stone- (365).jpg,kidneyStone,329.6965533088236,675.7474971164936,506.6336703431371,667.9067896962706,0.6715775259045863,0.6264921098092827,0.6670363394147811,0.6253163332598906,7.172656250000001,10.702852748942712,8.307015931372547,10.734840445982314,4.064210167166246,4.262211595493277,4.103338096051704,4.258960651105659,0.29754057957914337,0.28949526223980615,0.293644429243147,0.29023094048499065,0.5454728037025708,0.5380476393775984,0.5418896836470934,0.538730860899012,0.9745232727838667,0.947879757609373,0.9608584418597992,0.9484845094922874
Stone- (366).jpg,kidneyStone,337.698743872549,688.007166474433,513.0987132352942,680.3063437139563,0.6718766954128127,0.6264279474927565,0.6668972426152727,0.6223989693595517,7.245159313725489,10.785790080738177,8.346109068627452,10.88166089965398,4.070136901028288,4.2657890152102755,4.108576043972968,4.268182466429279,0.2977795323331922,0.2897102001847395,0.29374812999169503,0.2901621031511111,0.5456917924370791,0.5382473410846907,0.5419853595732038,0.5386669686839087,0.9738908415554756,0.9469057181402294,0.9603376764783322,0.9474999992380443
Stone- (367).jpg,kidneyStone,343.49224877450985,693.3230142252978,517.8719209558823,687.3454056132258,0.6707586135546917,0.6246904463779397,0.6655977362783643,0.6233730638512356,7.30137867647059,10.816593617839288,8.380223651960785,10.898039215686275,4.088604231887624,4.2876488777018205,4.13243434906437,4.286507901037766,0.29578981263873133,0.28771204143084567,0.2917628828061171,0.2886248788764741,0.5438656200190736,0.5363879579472731,0.5401507963579403,0.5372381956604296,0.9734723925397817,0.9465544640343649,0.9600129395218489,0.9470152543002442
Stone- (368).jpg,kidneyStone,348.28897058823526,702.3415763168014,524.6564797794117,695.3596155324876,0.67174255741113,0.6251009179500875,0.6653136570079564,0.623637576452899,7.334681372549019,10.929473279507885,8.459114583333333,10.945928489042675,4.086380032672461,4.284700144383903,4.126036731021305,4.283125080880916,0.2953477958494404,0.2875377010084403,0.29154267706718884,0.2881280297806378,0.5434591022785803,0.5362254199573536,0.5399469206016355,0.5367755860512267,0.9731028458031782,0.9458606575903186,0.9594905932080007,0.946398855496208
Stone- (369).jpg,kidneyStone,355.69955575980396,714.9430680507496,532.4387561274511,703.4718492887351,0.6701708373367994,0.6236751705785929,0.6645343755499649,0.622686051097544,7.401884191176472,11.015501730103804,8.519393382352943,11.029096501345638,4.096099411841271,4.2941073087130395,4.137865933353182,4.2959678767758,0.2948998291297218,0.28694925386548004,0.2908833677298472,0.28747354362420297,0.5430468019698871,0.5356764451284749,0.5393360434180597,0.5361655934729521,0.9725490709803936,0.9449264063218205,0.958917276025896,0.9458100588381184
Stone- (370).jpg,kidneyStone,354.05191482843134,719.1986159169551,537.2206035539216,710.1256439830835,0.6721337038764779,0.6261943966762428,0.6650833313755161,0.6217636404570027,7.412791053921566,11.053379469434834,8.606204044117646,11.14226835832372,4.089949422927296,4.28860722220282,4.135387706287377,4.294147697135584,0.29489569019052153,0.28704675399888346,0.29106927293119694,0.2877109176800513,0.5430429911070775,0.5357674439520224,0.5395083622439942,0.5363869104294504,0.9726806137900742,0.9446074670138218,0.9585548479006151,0.9453062654903578
Stone- (371).jpg,kidneyStone,356.3065104166666,727.5113879277202,540.6488204656863,712.081291810842,0.6723287518084301,0.6247092104574334,0.6652805357515592,0.6239203774006243,7.397809436274509,11.096562860438294,8.589506740196079,11.075555555555557,4.0699424300632145,4.269341229499589,4.11430826290859,4.2704695544329825,0.29612949674929695,0.28815984802225386,0.2922581399215821,0.28856971835722245,0.5441778172153813,0.5368052235422582,0.5406090453567921,0.5371868560912697,0.9725089677280119,0.943971863127467,0.9582943445117299,0.9451601875324711
Stone- (372).jpg,kidneyStone,361.3216605392156,742.2530565167243,551.3428155637255,721.9093733179545,0.67261325502902,0.626764178634222,0.664674755168597,0.6237129188943116,7.416636029411763,11.198415993848519,8.680438112745097,11.135640138408302,4.078514558379612,4.27968805925136,4.12658900301008,4.280687867675157,0.2950123426649305,0.2871544300901037,0.2912153247098472,0.2878351132508849,0.5431503867852167,0.5358679222440019,0.5396437016308512,0.5365026684471242,0.9721041003691834,0.9427998862720408,0.9574420637367754,0.9443676278695978
Stone- (373).jpg,kidneyStone,366.1695465686275,754.0005997693196,561.5850030637255,732.9908035371011,0.6735109744148104,0.626450349382589,0.6639115709141454,0.6230146720020536,7.450888480392156,11.285982314494426,8.776853553921569,11.234832756632064,4.074037134120016,4.27701256767825,4.127106673804228,4.279604674003887,0.29489156509628206,0.28703404117630804,0.2910400662831003,0.2876666427501562,0.5430391929651874,0.5357555796968503,0.5394812937286151,0.5363456373926763,0.9717524681332539,0.9419408946091818,0.9566864025773738,0.9435586784333052
Stone- (374).jpg,kidneyStone,369.9299785539215,759.3406843521724,565.9951133578431,737.5896962706652,0.6711245077485469,0.6235895822134909,0.6632806049994503,0.6219856787683179,7.536841299019607,11.378331410995774,8.869255514705882,11.34336024605921,4.077783354164623,4.2831782011948665,4.131525089441572,4.283173324188964,0.29445830465783895,0.2865478722657317,0.29062727069084754,0.28710045575881626,0.5426401244451418,0.535301664732823,0.5390985723324145,0.5358175582778305,0.9714679764372809,0.9415410579247769,0.9563548418992147,0.9432155892366614
Stone- (375).jpg,kidneyStone,373.8083486519607,766.7751018838907,572.9395526960785,741.1532026143791,0.6704155865970313,0.6215714100646677,0.661130492212765,0.6202845832796721,7.582919730392156,11.466097654748172,8.931004901960787,11.368596693579393,4.081409194787196,4.286732967981623,4.136104662791755,4.286356569733501,0.2944352840084792,0.286507073950944,0.29051858868978453,0.2871324447566303,0.5426189123210499,0.5352635555975617,0.538997763158424,0.5358474080898687,0.971167733444315,0.9409663886028163,0.955817459383928,0.9429390051379881
Stone- (376).jpg,kidneyStone,377.43082107843134,778.0116724336795,573.987607230392,745.299730872741,0.669685043267855,0.6224576935288917,0.660842632869394,0.6214215925803417,7.647120098039213,11.520292195309496,8.93564644607843,11.39077277970011,4.08564990530342,4.289318773898005,4.134729461898662,4.285403146776835,0.293576769155981,0.2855671795708657,0.2898176949576935,0.2864276979797051,0.5418272502892236,0.5343848609109971,0.5383471881209129,0.5351894038372818,0.970906402531698,0.940138016257107,0.9557637712575174,0.9426549472792264
Stone- (377).jpg,kidneyStone,384.5993106617648,792.5013610149942,583.0399816176471,752.7760553633218,0.6701102253982907,0.6210777329943062,0.6606536765435785,0.622612913577967,7.695113357843137,11.680476739715496,9.033394607843137,11.426851211072666,4.065375977630561,4.274378298426755,4.118809750633614,4.264385583107708,0.2949901226766749,0.28680504103277943,0.2911518070817864,0.2876474374079943,0.5431299316707512,0.5355418200596285,0.5395848469719905,0.5363277332079652,0.9703538345536769,0.9390230827490349,0.9550658147787278,0.9420796411281763
Stone- (378).jpg,kidneyStone,391.7203124999999,804.8527181853133,596.9532475490196,766.3222452902729,0.67223912726165,0.6218778098457387,0.662245808407492,0.6236121193074986,7.718688725490194,11.762645136485965,9.115042892156863,11.496962706651288,4.0489730522811955,4.260392598214564,4.105004654899462,4.249227320119351,0.29497601208068996,0.286788988531161,0.2910774046162008,0.2877333845365423,0.5431169414414265,0.535526832690166,0.5395158983905857,0.5364078527916443,0.9698182332734828,0.9380998662192243,0.9540130192089282,0.9410631927669897
Stone- (379).jpg,kidneyStone,397.36534926470574,815.6657131872355,599.5146905637255,766.7393925413303,0.6716276437600449,0.6230831217837893,0.6627801172641813,0.6245383452542723,7.818382352941174,11.838877354863513,9.127405024509804,11.518231449442522,4.037214669627886,4.242231502247849,4.089253876150218,4.232956829895111,0.29418110637378786,0.28606253786103314,0.2902718967201616,0.2868485593850058,0.5423846479886648,0.5348481446738252,0.5387688713355306,0.5355824487275566,0.9693895951236013,0.9372806661757879,0.9538252452436611,0.9410427787517722
Stone- (380).jpg,kidneyStone,408.8611060049019,833.4092887351021,609.577849264706,782.5984621299501,0.6731851564417114,0.622982555811893,0.6632274802656639,0.6249446548115181,7.872686887254902,11.975132641291815,9.202389705882354,11.610565167243369,4.037759357340615,4.244528883141676,4.08778953479538,4.232855218031977,0.2935167106560954,0.28529015531098045,0.2895975227751946,0.2861657548977481,0.5417718252697306,0.5341255988164024,0.5381426602446554,0.5349446278800715,0.9685483511808679,0.9360063223535842,0.9531162458247765,0.9399078527332768
Stone- (381).jpg,kidneyStone,411.129044117647,843.7074509803922,615.2389859068628,789.6973625528643,0.6728111891668774,0.6212353607485315,0.6619395540603431,0.6227604136321021,7.914859068627452,12.061930026912727,9.290333946078434,11.716739715494041,4.028418037397687,4.23757777477676,4.085183257571326,4.227189370445824,0.2938825658485093,0.2854599997841898,0.28974753104462536,0.28643124140731374,0.5421093670547571,0.534284568169613,0.5382820181323406,0.5351927142696487,0.9683868460629209,0.9352420054105886,0.9527001063202225,0.9393875004042612
Stone- (382).jpg,kidneyStone,406.43472732843134,845.5395924644367,622.6061121323529,791.6467820069204,0.6710153618302876,0.6227304289302402,0.6613537505489656,0.623794691205326,7.8814185049019585,12.055148019992313,9.280958946078432,11.637431757016532,4.026835469610544,4.234107857559194,4.080174832630109,4.222834074541676,0.294146602151028,0.2857908396808905,0.2900779593297951,0.28659913093491235,0.5423528391656376,0.5345940887073953,0.5385888592700326,0.535349540893529,0.9687202088329028,0.9350441008239102,0.9520916691640905,0.9391842451691224
Stone- (383).jpg,kidneyStone,411.76176470588234,856.9229065743946,634.5726715686276,806.0324798154556,0.6716791080111937,0.6211162311724725,0.6621821746712212,0.6239030455394148,7.922886029411764,12.122168396770476,9.330851715686276,11.720538254517493,4.03714973562136,4.2496006821055845,4.09216720555822,4.2350714642454586,0.29354353104312353,0.2850566510588526,0.2893522097871012,0.2859809376838915,0.5417965771792247,0.5339069685430717,0.5379146863463584,0.5347718557327895,0.9683195088426333,0.9341887525381223,0.9511853749794604,0.9380971116719229
Stone- (384).jpg,kidneyStone,408.6726256127451,862.1323798539024,635.013587622549,800.0156862745099,0.6715585479646324,0.6221194329304041,0.6619371393212546,0.6230456575461035,7.877711397058823,12.123921568627452,9.320297181372549,11.626451364859669,4.026898684958704,4.238333652832254,4.085041434888544,4.22656660909393,0.29366191155632754,0.28515924916347646,0.2894071088099379,0.2859552076575404,0.5419058142854047,0.5340030422792331,0.5379657134148401,0.5347477981792356,0.9685448502149527,0.9337623745187327,0.9511321654917868,0.9385347997072445
Stone- (385).jpg,kidneyStone,413.145143995098,867.1569088811996,640.2316329656861,808.1247212610535,0.6712890514161328,0.6200450472451462,0.6623462540427106,0.6242239052027082,7.9355238970588236,12.18331410995771,9.369684436274508,11.707035755478662,4.033537741027551,4.243543101242445,4.084060649660424,4.226537231607111,0.2931650846804714,0.28454517191728673,0.28902203364447404,0.28562651817736084,0.5414472131985457,0.5334277569805369,0.5376076949267691,0.5344403785057421,0.9682102340036358,0.9333962129016462,0.9507451814566742,0.9379303026562619
Stone- (386).jpg,kidneyStone,419.786412377451,877.9137562475972,647.609849877451,817.7012841214915,0.672364065708228,0.6216971288501013,0.6602462960468054,0.6221921076114155,7.9615962009803924,12.21514801999231,9.442601102941177,11.818069973087272,4.050254644999544,4.259496649907666,4.105881079120797,4.2517591973472015,0.2919436525831036,0.2833860133350066,0.28784436980837447,0.28425492907010436,0.5403181031421246,0.5323401293675,0.5365112951358755,0.533155633066091,0.9677337906272102,0.9326417944110914,0.9502307032159873,0.9372616150342719
Stone- (387).jpg,kidneyStone,418.9945925245098,878.573902345252,647.5844515931374,822.723844675125,0.6712384162311705,0.6202651986142068,0.6603937904102678,0.6209628139494136,7.98656556372549,12.220653594771242,9.418030024509804,11.866789696270665,4.051462290729093,4.261831443537453,4.1083518966487595,4.25301714475009,0.2913417216898248,0.282699182832853,0.2869850239062577,0.28357990061196997,0.5397608004383282,0.5316946330675654,0.535709831817802,0.5325222066843504,0.967815799595022,0.9326350509300204,0.950264987687535,0.9369173728615737
Stone- (388).jpg,kidneyStone,427.4298866421569,893.7119876970394,656.3256280637255,828.9739023452519,0.6679524786469443,0.6187453957580589,0.6585655754175676,0.6204115771026365,8.085860906862745,12.336732026143789,9.489476102941177,11.908158400615147,4.074970503466102,4.282493748471951,4.128877790446334,4.270846416631226,0.2890936497530998,0.28064921778377316,0.28489405014935654,0.2815995277006552,0.5376742970917429,0.5297633601748739,0.5337546722506105,0.5306595214453946,0.9672092817535984,0.9315603675224439,0.9496573798140057,0.9365179498641487
Stone- (389).jpg,kidneyStone,436.16807598039213,902.9257670126876,659.3029411764707,832.7704421376395,0.6676482715172641,0.6182060377982049,0.658280896442888,0.6183005687148073,8.16985294117647,12.45281045751634,9.527604166666666,11.99452518262207,4.066798925877775,4.276255989235983,4.118735163631907,4.264276449658736,0.28918788136999585,0.28054069299640916,0.2848537373790278,0.2815200999349466,0.5377619188544275,0.5296609226631781,0.5337169075259166,0.5305846774407894,0.9665551383857426,0.9308876264374087,0.9494532281035525,0.9362575042250488
Stone- (390).jpg,kidneyStone,438.19079350490193,907.8819069588623,659.2331801470589,835.3758554402153,0.6653293004005888,0.6167604858105696,0.6579429486079255,0.618570196971852,8.24106924019608,12.539254133025763,9.519301470588237,12.014963475586315,4.086106803381565,4.295996542205522,4.1329526590870636,4.280273337393659,0.2873691619556254,0.27888967094990974,0.28322401728001256,0.2798253197207297,0.5360682437485226,0.5281000577067851,0.5321879529639999,0.5289851791125435,0.9664244926730244,0.9305586282986608,0.9494955327377539,0.9361044152953067
Stone- (391).jpg,kidneyStone,442.94632352941176,903.6718646674353,654.702435661765,838.7728565936179,0.6666667177340843,0.6173846551895813,0.6603878438085888,0.6214045653882745,8.25579044117647,12.484813533256439,9.462545955882355,11.99850826605152,4.068024553988103,4.273191673278409,4.105597535964005,4.25511364132238,0.2883570003546188,0.2797816671522398,0.28445121920599226,0.28093642486010395,0.5369888270295936,0.5289439168307353,0.5333396846344666,0.53003436196166,0.9660794022435903,0.9309197853888062,0.9498710805223636,0.9358809196025432
Stone- (392).jpg,kidneyStone,448.2702971813724,906.6347558631296,654.6314644607844,840.356893502499,0.6681654785043987,0.6173340744441937,0.6601855218193743,0.6188474581193261,8.305683210784311,12.533810073048828,9.472058823529412,12.057470203767782,4.065905096041618,4.270079542521584,4.103177524639266,4.25647007941512,0.28791009535563983,0.27942240036918337,0.2840299338370457,0.28056940628962834,0.5365725443550385,0.5286042001055075,0.5329445879611179,0.5296880273232805,0.9656735789930155,0.9306965830728856,0.9498790953553621,0.9357628815999524
Stone- (393).jpg,kidneyStone,451.19782475490194,916.9931718569785,662.1778645833333,846.3613840830453,0.6657160771771473,0.6179578207969889,0.6588220133589188,0.6201657963610582,8.327420343137256,12.579638600538257,9.535125612745098,12.087858515955404,4.070700360041368,4.27585825887936,4.1130346717727875,4.259454409849347,0.2875193124292264,0.27887380824309593,0.2833776755738102,0.2799690744443515,0.5362082733688714,0.5280850388366404,0.5323322980749996,0.5291210395026373,0.9654581336423199,0.9299223348793173,0.9493138776336805,0.935320096741026
Stone- (394).jpg,kidneyStone,458.6017310049019,920.3495732410613,662.6585171568627,848.8381853133409,0.6683286176987823,0.6197266677527585,0.6607851754967031,0.6199932015174285,8.359359681372549,12.57545559400231,9.52015931372549,12.10145328719723,4.068207925114505,4.271733679217284,4.10916742333532,4.258863425013239,0.2871217804365735,0.27854247239660734,0.2830807110274218,0.2797104146351306,0.5358374571048328,0.527771231118756,0.5320532971680768,0.5288765589767905,0.9648899716345537,0.9296632011584214,0.949275696078848,0.9351283877068772
Stone- (395).jpg,kidneyStone,458.4443167892157,919.0012764321416,659.8164368872547,851.0483044982702,0.666850647072463,0.6175055817594419,0.6601342738315525,0.6191800826838347,8.368213848039215,12.578362168396772,9.5008118872549,12.131733948481356,4.073094331757135,4.276273852658508,4.11019669625389,4.263513953707053,0.2875158856841796,0.2790117359705943,0.2834384117727781,0.27982847670010125,0.5362050780104377,0.5282156150385885,0.5323893422794808,0.5289881631001787,0.9649098304831251,0.9297816874100825,0.9495048097143021,0.9349737835986658
Stone- (396).jpg,kidneyStone,462.36204044117653,918.5974471357168,661.7211550245097,854.8261591695502,0.6668400642574798,0.6168325747851355,0.6605083201590681,0.6194914722530248,8.389123774509804,12.612302960399845,9.539813112745097,12.175578623606302,4.069456421671677,4.2722641471597065,4.107606664864747,4.259243336030621,0.2872657073657818,0.2787910669320837,0.28340033461157516,0.27980551129227343,0.5359717412007668,0.5280066921281242,0.532353580444027,0.5289664557344572,0.9646047774504245,0.929801791155233,0.9493512702784944,0.9346751229992387
Stone- (397).jpg,kidneyStone,460.01499693627454,920.4097039600153,662.4269607843137,852.8781391772395,0.667538408164128,0.6178748085173146,0.6615415795242283,0.6215521263421806,8.39342830882353,12.639707804690506,9.511795343137255,12.151926182237602,4.052894718799911,4.259544558968759,4.091258074125133,4.243635279945488,0.28736821169855054,0.27871521192053267,0.2833615525306899,0.2797628676516781,0.5360673574267981,0.5279348557545075,0.5323171540826859,0.5289261457440709,0.9647745655122102,0.9296436662075513,0.9492836579534799,0.9348057948693216
Stone- (398).jpg,kidneyStone,469.26838235294116,926.3572779700116,669.6795036764706,868.2062283737025,0.6660111562943135,0.6186426997223435,0.6621648752806435,0.6206016517019981,8.496109068627451,12.661653210303733,9.549571078431372,12.289980776624375,4.062616802163994,4.261115611755836,4.096310116449483,4.251621438966493,0.2870994039298662,0.2787922470891849,0.2831199434215131,0.27939558443274637,0.535816576759124,0.5280078096857894,0.5320901647479618,0.5285788346431839,0.9640888155493298,0.9292340527402064,0.9487619589979259,0.9336763065084842
Stone- (399).jpg,kidneyStone,458.3917126225491,915.9095117262593,668.4933976715688,864.4198692810457,0.6676985081889032,0.6176152558431479,0.6612664119294206,0.6209615218517975,8.361657475490198,12.551633986928108,9.541161151960786,12.19835447904652,4.054381586522999,4.257036367962792,4.094218972195022,4.24702628456056,0.28677881166780067,0.2784116364909189,0.2827302985977824,0.2790364537579891,0.5355173308752954,0.5276472652169429,0.5317238931981357,0.5282390119614312,0.9649375774003567,0.9300649222041362,0.9488761178364795,0.9339964592216962
Stone- (400).jpg,kidneyStone,451.1552236519607,909.7126489811612,665.2992647058825,858.055286428297,0.667507998994988,0.6176466616044831,0.6588816646087705,0.6192969498361398,8.264813112745097,12.470788158400618,9.541636029411766,12.135594002306807,4.057530309016978,4.260755976741285,4.101839690669548,4.253653471085454,0.28591027517586376,0.2774135513785918,0.2820852273943241,0.2783363863394451,0.5347057837501514,0.5267006278509565,0.5311169620661009,0.5275759531474544,0.9655180497218716,0.9305919561079514,0.9491598180066995,0.9345332407448445
Stone- (401).jpg,kidneyStone,460.2600183823528,917.7118185313343,671.0480238970589,871.7491580161476,0.6692398573613235,0.6193125393869656,0.6602950088397841,0.6198429769099311,8.288051470588234,12.494009996155327,9.523330269607843,12.205720876585925,4.064797547362104,4.2696938565629665,4.10919338872355,4.2629387607880265,0.28532316237951577,0.2769521579624907,0.28126269148753646,0.27786306541372524,0.5341564961502535,0.5262624420975628,0.5303420514041258,0.527127181440803,0.9647863623451904,0.9299102664309218,0.9486683648265481,0.9334206392566644
Stone- (402).jpg,kidneyStone,464.33785232843127,918.9741945405614,680.0284926470588,888.1402691272585,0.668208557772859,0.6187136592297626,0.6589775151788806,0.6196350895260289,8.32627144607843,12.492841214917341,9.59813112745098,12.333763936947323,4.0571634376420125,4.258488025173564,4.1035314241099945,4.25413115680346,0.28525064623112933,0.27674863998867155,0.2810523834873832,0.2776537079090479,0.534088612714341,0.5260690448873337,0.5301437385156814,0.526928560536481,0.9644980580863526,0.9298605208235194,0.9480158739832691,0.9322138790378235
Stone- (403).jpg,kidneyStone,461.137944240196,919.892518262207,689.6623468137254,895.0515186466744,0.668599140147585,0.619911397767821,0.6604993058449551,0.6193820883096324,8.319623161764707,12.464790465205693,9.66626838235294,12.39297193387159,4.046695895754061,4.2478511940031005,4.09410151021098,4.248397208796105,0.2851095577534781,0.27662089637839293,0.2808577874054225,0.2772865270965341,0.5339565129797352,0.5259476175232596,0.5299601753013358,0.5265800291470748,0.9647456957243074,0.9297960218716208,0.9472838458768571,0.9316918270435016
Stone- (404).jpg,kidneyStone,468.3895680147059,930.3694271434066,704.704212622549,914.4264513648599,0.6706858996764699,0.6219716509171518,0.6635734821021587,0.6220088424822209,8.368367034313724,12.555017301038065,9.780499387254903,12.539607843137258,4.0334620827160785,4.234839142059974,4.081565440951065,4.234425963808576,0.28442495836656123,0.27594691161430396,0.28037352131128956,0.2768195428339824,0.533315064822438,0.5253064930250757,0.5295030890479201,0.5261364298677506,0.9642167715432686,0.9290467358075584,0.9461727697972949,0.9302626035472178
Stone- (405).jpg,kidneyStone,471.7019301470589,939.2363244905806,713.0189950980393,918.896393694733,0.6682186720083727,0.6202039947220583,0.6600832607116334,0.618687280088723,8.44978553921569,12.659592464436756,9.907444852941177,12.624559784698192,4.0265611040380564,4.227404916557255,4.076836145822123,4.225988375993403,0.2837889567855138,0.27532234894425167,0.27966383344803536,0.2762108338835756,0.5327184592122877,0.5247116817303115,0.5288325192800036,0.5255576408764081,0.9640122057842786,0.9284668760597149,0.94561151847737,0.9300159843646406
Stone- (406).jpg,kidneyStone,470.699525122549,937.5758246828145,711.2094515931374,917.219838523645,0.6692945745868419,0.620036622077277,0.6608029880865801,0.6197929424347917,8.401731004901961,12.60918108419839,9.879059436274511,12.591772395232606,4.021120080782458,4.219809126225446,4.072139060513732,4.222403735843747,0.28413681423329523,0.2757577955776924,0.28004286869082806,0.2764563985608115,0.5330448519902384,0.5251264567489362,0.5291907677679459,0.5257912119471108,0.9640632152510445,0.928542680606461,0.9457117806759806,0.9300941116120954
Stone- (407).jpg,kidneyStone,467.0442708333332,934.5523106497501,710.265962009804,913.7046674356018,0.66887019216807,0.6202097032061801,0.6618522102220471,0.619946278222614,8.38673406862745,12.631449442522108,9.881617647058825,12.565290272971936,4.027582119929958,4.228365944630985,4.076644331090827,4.227820848121409,0.2848678316661184,0.2763924303801173,0.28084722733781786,0.27721582859105004,0.5337301112604744,0.5257303780267194,0.5299502121311188,0.5265128949902842,0.9642903122546405,0.9286699069390948,0.945704822533721,0.9302611119616706
Stone- (408).jpg,kidneyStone,459.3116574754902,925.9258439061899,705.42421875,906.3128642829679,0.6691415362424078,0.6214447713046413,0.662578251885378,0.619688508008152,8.31545649509804,12.502945021145713,9.816038602941177,12.477262591311032,4.021347247539909,4.220032893644294,4.068481788199995,4.222060966380929,0.2859493931730361,0.2774219529619298,0.2818029178559253,0.2782184976322209,0.5347423614910606,0.5267086034629868,0.5308511258874048,0.527464214551301,0.9648962568354532,0.9293585269419189,0.9460973232675244,0.9308548560278396
Stone- (409).jpg,kidneyStone,457.8704044117647,927.9753633217995,708.8251838235296,904.3790542099196,0.671719088730223,0.6215407067833045,0.6631650669455598,0.6213740879362486,8.252420343137254,12.513094963475586,9.80732230392157,12.432326028450596,4.013702888957071,4.2165210713045145,4.064362103909112,4.215842319901032,0.2866781386243798,0.2781617779575211,0.28252762022682093,0.27895212668478,0.5354233265598164,0.5274104454383901,0.5315332729254312,0.5281591868790886,0.9649515387466491,0.9290916709317882,0.9457524429203826,0.9308947089405895
Stone- (410).jpg,kidneyStone,448.51769301470597,930.3902806612841,709.6270373774511,900.6568242983468,0.6697985942871394,0.6191844813042239,0.6610276045360266,0.6196331334379459,8.174157475490198,12.527274125336408,9.818275122549021,12.375763168012305,4.0253790995044225,4.230447621824174,4.07893200782609,4.230642432358249,0.2873610635923909,0.27882438780458996,0.2832179868610856,0.2795740137802261,0.5360606902137023,0.5280382446419861,0.5321822872485382,0.5287475898576051,0.9656191260871664,0.928807637439291,0.9456137153431132,0.9310828063115071
Stone- (411).jpg,kidneyStone,436.5406709558823,922.7044675124952,705.0845741421571,893.4449519415609,0.670766439836892,0.6211551646143632,0.6596628184509816,0.6185034046159845,8.067447916666667,12.43681660899654,9.793979779411767,12.298193002691274,4.013510259510743,4.2235983328158575,4.076268544662482,4.2261152437061735,0.287381700561946,0.27893356735446584,0.28320422403173534,0.2795137382614352,0.5360799385930666,0.5281416167605673,0.5321693565320492,0.5286905883987677,0.9665625950029092,0.9294492128292459,0.946002537053244,0.9316864208719573
Stone- (412).jpg,kidneyStone,434.3119638480392,918.034063821607,704.2759191176472,890.6616993464054,0.6730272081777552,0.6194785736124899,0.6603601027067899,0.6207467350382343,8.029151348039218,12.37116493656286,9.746017156862747,12.28421376393695,4.016742266367859,4.235312876378476,4.079919404397952,4.232993220017852,0.28697476889710394,0.2781103935862363,0.2825286408820001,0.27898578481260206,0.5357002603108421,0.5273617293530469,0.5315342330292566,0.5281910495385188,0.9667320049896032,0.9298032474320271,0.9460625830487966,0.9318962537506242
Stone- (413).jpg,kidneyStone,430.6113664215686,918.5757016532103,705.0118719362745,885.946282199154,0.6713602597486298,0.6183890431589272,0.6598145998762014,0.6190542680927229,8.013878676470588,12.382022299115725,9.731479779411766,12.233802383698574,4.02945789271094,4.244641191944758,4.091931931149142,4.242001727421901,0.28582975182978754,0.2771070558287921,0.28143044125250055,0.2778999706291061,0.5346304815756276,0.5264095894156869,0.5305001802568031,0.5271621862663388,0.9670565991308119,0.9298490157033186,0.9460737831172578,0.9323409016606891
Stone- (414).jpg,kidneyStone,426.77279411764715,915.8660515186466,709.3429534313727,886.8898423683199,0.6704970201597595,0.6169748337033505,0.6592405055311594,0.6185513295041215,7.961427696078434,12.3840676662822,9.784681372549024,12.253533256439832,4.022287379733644,4.239164758783501,4.0876090798180105,4.234868247546107,0.28587028658880465,0.2770347567795843,0.28159218171796924,0.2779863006583248,0.5346683893674701,0.5263409130778115,0.5306525998409592,0.5272440617572898,0.9673399449805506,0.9300337643633695,0.9457256210822167,0.9322473591067345
Stone- (415).jpg,kidneyStone,426.08236825980396,917.2184698193004,707.5816482843138,882.9495271049599,0.669823171283995,0.6169507259437196,0.6573806549925136,0.6168281664707149,7.978232230392157,12.409273356401386,9.79577205882353,12.219592464436758,4.030717820064471,4.2467274917916695,4.096043129047227,4.243424048938717,0.2849473574710598,0.27631839704393113,0.2806848125758424,0.27713808296309317,0.5338046060789096,0.5256599633260376,0.5297969541020808,0.5264390591161461,0.9674417593901946,0.9300355840950768,0.9459418848994209,0.9326495813482725
Stone- (416).jpg,kidneyStone,427.6989889705882,912.4244675124953,703.6473192401959,881.1096808919648,0.6689004677884426,0.6161139503916848,0.6596446366775306,0.6188171392065113,8.001501225490196,12.36965782391388,9.713219975490194,12.169150326797386,4.031594515463324,4.246652985067018,4.09217671913656,4.2414853898572344,0.2843934270557372,0.27571647588889087,0.2801630980929058,0.27661432285603943,0.5332855023866083,0.5250871126669278,0.5293043529888128,0.5259413682684025,0.9673477125593779,0.9304636485147224,0.9462912840561355,0.9328501649735239
Stone- (417).jpg,kidneyStone,427.98972120098017,918.1195078815842,710.0185049019608,883.9428681276432,0.6709184899099048,0.6157990732444337,0.6576538945308927,0.6170756090326529,7.963465073529409,12.418992695117266,9.806158088235293,12.201107266435987,4.032584951511056,4.252085599624282,4.099560055373115,4.245375047400535,0.2839482261601981,0.27525418848604793,0.27955564176976694,0.27610061513323836,0.5328679256252886,0.5246467273185338,0.5287302164334539,0.5254527715534845,0.9673387923219899,0.9300577896884411,0.9458273553198241,0.9326613611242862
Stone- (418).jpg,kidneyStone,434.02130821078435,937.3121722414458,714.2904258578433,884.5313956170703,0.6677355617690803,0.6143443841562201,0.6552873480442551,0.6166195285926074,8.065579044117648,12.569104190695889,9.86138174019608,12.227635524798155,4.036647327024083,4.2547824952713285,4.1032678104664235,4.244842066059985,0.2835732166329883,0.27478682238709534,0.27922867061815937,0.27592509360771394,0.5325159308724842,0.5242011278002894,0.5284209218210038,0.5252857256843307,0.9668762825492413,0.9285908081794535,0.9454978677862109,0.9326119152492508
Stone- (419).jpg,kidneyStone,436.83253676470576,944.6552402921952,719.6791513480391,886.8138254517493,0.667682315731442,0.6155903714703811,0.6576811610089396,0.6171886995343002,8.120894607843136,12.64099961553249,9.883195465686272,12.244229142637447,4.040487576456833,4.255698604756354,4.098727693549041,4.241781668503492,0.2826263230619683,0.2739757846071388,0.27847991474038675,0.27517879028280173,0.5316261120956798,0.5234269620559671,0.5277119619076175,0.5245748662324585,0.966678584879892,0.9280666571928783,0.9451141891747646,0.9324711490590113
Stone- (420).jpg,kidneyStone,450.25977328431384,959.4817993079586,730.1660232843137,905.44338331411,0.6671281883022485,0.6153590212905158,0.6568010858017646,0.6161997438386642,8.226654411764706,12.774625144175317,10.007751225490196,12.418885044213765,4.032677476553363,4.249367471566157,4.094983940977604,4.23765464202056,0.2826118799522721,0.273893188982855,0.2784778986560157,0.2750694781721932,0.5316125280241918,0.5233480572074907,0.5277100516912822,0.5244706647394048,0.9656696961123573,0.9269701837522498,0.9443390505361005,0.9310832535292864
Stone- (421).jpg,kidneyStone,447.46747855392164,954.888027681661,716.3786917892158,893.5927720107652,0.6687477577615376,0.6147126880649764,0.6569482276095479,0.6160242271474412,8.187576593137255,12.741806997308728,9.88965992647059,12.326520569011919,4.0435056035423305,4.262921023799789,4.103285310349102,4.247730702682913,0.28199908616221075,0.2734902918627251,0.27806496872071446,0.2745275223603852,0.5310358614653164,0.5229629928233213,0.5273186595605303,0.5239537406683773,0.96591282012703,0.9273841092142651,0.9454380030875313,0.9320453987712072
Stone- (422).jpg,kidneyStone,461.64247855392165,972.3787158785083,726.902588848039,902.654671280277,0.6658780700215516,0.6131408624682047,0.655871255456272,0.6146332189816761,8.30559129901961,12.913833141099577,10.002129289215684,12.411226451364861,4.053111199150621,4.270413860763592,4.106970974375297,4.255508181587391,0.28160482416149296,0.2732286954962609,0.27765383593168047,0.2741087635977114,0.5306645118730787,0.5227128231603476,0.526928682016533,0.5235539739107243,0.9648436844945356,0.9260761885120847,0.9446530403768864,0.9313768671930224
Stone- (423).jpg,kidneyStone,466.56436887254915,977.5692272203003,732.3161611519606,909.8995309496347,0.6664643731654346,0.6123532724509981,0.6566353161776447,0.6175326347379622,8.360324754901963,12.966043829296426,10.05261948529412,12.431049596309112,4.0506823639034195,4.269475176008502,4.108380507502314,4.249804290243176,0.28114589047312794,0.2726471857377187,0.27714085867477367,0.2737444653011788,0.5302319214015013,0.5221562847823615,0.5264416954181855,0.5232059492218899,0.9644885692114665,0.9257228556150531,0.9442719575270917,0.930864498437295
Stone- (424).jpg,kidneyStone,475.0125459558824,991.6879661668589,738.9454503676469,921.5512187620146,0.6648913124335865,0.6117075411075464,0.6556193800863236,0.6143182996461936,8.469163602941176,13.116739715494042,10.090732230392154,12.55932333717801,4.069388004806091,4.287030897796459,4.126149192319229,4.269152146130111,0.2806230187626904,0.27212628094863694,0.2763861983906805,0.2731024786403242,0.5297386324997361,0.5216572447006147,0.5257244510108698,0.5225920767102428,0.9638307437959511,0.9246187615509172,0.943744352670514,0.9299500704510375
Stone- (425).jpg,kidneyStone,478.8586243872549,992.1392079969238,739.136443014706,929.9227374086888,0.6635919035065748,0.6113289919260569,0.6568708107185787,0.6155987723007668,8.51766237745098,13.074325259515565,10.045082720588235,12.599430988081505,4.070519805687077,4.284007829118051,4.117495703704078,4.26604040411854,0.2799152444372356,0.27170848263044933,0.27602041242306896,0.2725227976522795,0.5290701696724506,0.5212566379725532,0.5253764482950002,0.5220371611794312,0.9635887029506486,0.9246892213350698,0.9438081077825532,0.929411916303696
Stone- (426).jpg,kidneyStone,488.42979473039225,1005.0836601307191,748.6953431372549,945.4740638216074,0.6655133084956361,0.6122409073463814,0.6549512678330786,0.6153057034898967,8.50044424019608,13.115924644367551,10.091207107843138,12.650226835832374,4.06159608373287,4.278109561249097,4.116754163401463,4.263718477675341,0.28046910527576546,0.2720348048195464,0.27636884420204977,0.27286283934505423,0.5295933395311591,0.521569558946404,0.5257079457284717,0.522362746896306,0.9628359845894207,0.9236555496965991,0.9430434494513574,0.928183393540399
Stone- (427).jpg,kidneyStone,492.4316636029412,1005.7828219915416,746.9584712009803,949.0564552095348,0.6619327805360081,0.6109461569560781,0.6556752980150194,0.6142453463255573,8.606050857843137,13.15903114186851,10.073820465686275,12.66805074971165,4.067584442665568,4.2792985237404455,4.112405493358064,4.26114987667262,0.2798124407951944,0.271487032536062,0.2758097977218422,0.2722690239063112,0.5289730057339357,0.521044175225155,0.5251759683399863,0.5217940435711308,0.9625430187115042,0.9236256684977072,0.9431935980609255,0.9279331971677147
Stone- (428).jpg,kidneyStone,495.5285845588236,999.2544713571704,749.7791053921569,964.317416378316,0.6638065693239068,0.613140993485549,0.6558283471758956,0.6153755196254932,8.619852941176472,13.092810457516341,10.105575980392159,12.77413302575932,4.065173995795428,4.27502480576946,4.114441492088076,4.261277866798722,0.2800218247029014,0.27186388732574246,0.276152547200521,0.2724952162692578,0.5291708842169053,0.521405684017486,0.5255021857238283,0.5220107434423719,0.9623266441504814,0.9241604402195761,0.9430081896710719,0.9268120279237794
Stone- (429).jpg,kidneyStone,498.91006433823543,1004.1304728950404,756.6927849264707,971.2636678200694,0.6636968655709906,0.611232618199582,0.6557015900248027,0.6139098937073071,8.606142769607846,13.149096501345637,10.189231004901963,12.847673971549408,4.057465382716266,4.270955041981409,4.108998993437039,4.25876047666805,0.27987995304634206,0.2717748139633989,0.2761291043971972,0.27231382080148103,0.5290368163430047,0.5213202604574264,0.5254798801069335,0.5218369676455291,0.9620544205531724,0.923759730171167,0.9424603782446611,0.9262551968012185
Stone- (430).jpg,kidneyStone,497.16825980392167,992.5528489042675,750.9870863970588,971.0456747404845,0.663914352726541,0.6122832071124572,0.6565538338225174,0.6146476007290904,8.5796568627451,13.046228373702423,10.091161151960783,12.791987697039602,4.04713393810772,4.258133557680007,4.097075683199978,4.248261846851534,0.27934352348236713,0.2713125973936325,0.27545984346653024,0.271708570491845,0.5285295861939681,0.5208767583542507,0.5248426844936778,0.5212567222509893,0.9622169533940212,0.9246980323000528,0.942939162745129,0.9263297162310258
Stone- (431).jpg,kidneyStone,501.9943321078431,990.9968935024992,747.4101256127453,974.9930488273742,0.6637489713946384,0.6124382408367061,0.6560306783798043,0.6130613382403987,8.654901960784311,13.034848135332567,10.084329044117649,12.863836985774705,4.0550181860266,4.262211303515522,4.100034278237795,4.255045917957531,0.2790928313751396,0.2710632318537174,0.27546088406783914,0.2715105061919078,0.5282923730048917,0.5206373323665116,0.5248436758386625,0.5210667003291496,0.9618394501615696,0.924795125303481,0.9431950839639378,0.9260096267225538
Stone- (432).jpg,kidneyStone,512.5489889705882,998.0150249903884,750.8370863970588,991.1177393310265,0.6641656648496927,0.6134049456094931,0.6544282647012574,0.6160039649086756,8.736580882352941,13.069296424452135,10.12749693627451,12.910372933487121,4.043482388992304,4.246877784306093,4.089143637409213,4.238627685570799,0.27899953851696163,0.2710009908648687,0.27517555750135914,0.27141081886554447,0.5282040690083347,0.5205775550913319,0.5245717848887406,0.5209710345744228,0.9610977157284746,0.9243801651092637,0.9430236279978721,0.9249027740777612
Stone- (433).jpg,kidneyStone,514.5492953431373,999.580515186467,752.2435202205882,992.516063052672,0.6622343389741109,0.6120303812792262,0.6565470154591977,0.6145968443142891,8.792984068627451,13.104821222606693,10.094592524509803,12.954755863129567,4.046264815060194,4.247754456697965,4.086383034153633,4.239966352217058,0.27777966139638294,0.2697654992955864,0.2740209058668465,0.2702067957478278,0.5270480636492112,0.519389544846242,0.5234700620540267,0.519814193484391,0.9609863255781558,0.9243388241170094,0.9429758318628606,0.9248735531831439
Stone- (434).jpg,kidneyStone,529.352512254902,1019.3532333717801,758.2416053921569,1007.8649134948098,0.6642707078337405,0.6130425505260056,0.6581670515731349,0.6148363997761286,8.858363970588236,13.181176470588236,10.101194852941177,13.08232218377547,4.04237127232515,4.248448741646765,4.082487224661708,4.236999738018276,0.27747140874866333,0.2693437689730134,0.2737030273343636,0.26997915183894755,0.5267555493287787,0.5189833995158355,0.5231663476699965,0.5195951807310645,0.9598894078541585,0.9228913237265104,0.9425578766485649,0.9237603543130809
Stone- (435).jpg,kidneyStone,538.1539215686275,1020.5135563244907,764.7078737745098,1019.0131180315266,0.662427481628673,0.6133533360189231,0.6562577706413778,0.6143828833576382,8.95232843137255,13.176839677047289,10.189001225490198,13.17484044598232,4.043609221569719,4.241646579905708,4.0837321612766235,4.235960208947267,0.2775739166013374,0.2694448810020574,0.27373185465400945,0.27010220201883145,0.5268528415044731,0.5190808039236833,0.5231938977606767,0.5197135769044633,0.9592115117657145,0.9227826012286605,0.9420522317164678,0.9228961322457463
Stone- (436).jpg,kidneyStone,530.5421109068627,1008.5197693194925,758.9725030637253,1007.12768935025,0.662406941286881,0.6122737771428809,0.6555599493316561,0.6127961957491073,8.900536151960784,13.07835447904652,10.142509191176469,13.147558631295656,4.0492548123250245,4.250046509415695,4.090594404347094,4.246167830867539,0.277032670868401,0.26882615124073916,0.2731545920777164,0.26965381220750134,0.526338931553045,0.5184844754095721,0.5226419348633597,0.5192820160640087,0.9598076762043153,0.9237258400126445,0.9425143592772678,0.9238311227582279
Stone- (437).jpg,kidneyStone,530.991743259804,1015.4242983467898,766.6799325980394,1016.3370857362553,0.6615329353590305,0.6116100849489574,0.6550133418919654,0.6103818120767509,8.927159926470587,13.161722414455978,10.270710784313728,13.278600538254517,4.049032588454908,4.252007806257695,4.093238281614456,4.249144271060635,0.2767406122485568,0.2686198773990603,0.27292300801055336,0.26948938569600533,0.5260614149018694,0.5182855172576794,0.5224203365208454,0.5191236709070444,0.9597768921362644,0.9232096647446405,0.9419351823845225,0.9231406362116733
Stone- (438).jpg,kidneyStone,530.5282475490194,1016.2559015763168,770.3883578431371,1015.8004767397157,0.6650702501045844,0.6148359471363831,0.6554766713964584,0.6141983650035461,8.881893382352938,13.138915801614765,10.26081495098039,13.191510957324109,4.034674081982793,4.233877185200848,4.083307323241151,4.23461374425388,0.276545016044197,0.26843357552865027,0.27276727836987263,0.2692803772718653,0.5258754757965016,0.5181057570888884,0.5222712689492622,0.5189223229654563,0.9598004815354088,0.9231245066340165,0.9416373697609548,0.9231589576113248
Stone- (439).jpg,kidneyStone,531.9506893382353,1020.3281045751635,776.8660232843138,1024.9575240292197,0.66361769362166,0.6123670891862484,0.6553099365935465,0.6118336815333909,8.892907475490198,13.201953094963475,10.350857843137256,13.309511726259132,4.033816749152605,4.237719713574396,4.08524134536861,4.237838450240476,0.2764037742160093,0.26817697141592695,0.27270324554502023,0.2691956186963255,0.5257411665601328,0.5178580610707213,0.5222099630847924,0.5188406486545994,0.9597383161693525,0.9229035939574071,0.9412136239209852,0.9225537931429719
Stone- (440).jpg,kidneyStone,527.2414368872548,1029.7298423683199,782.2124080882353,1022.0910880430605,0.6636387580282719,0.6114084510314398,0.6523070988665758,0.6122231944034048,8.838618259803923,13.261868512110727,10.42751225490196,13.256916570549791,4.029127958078972,4.233574111666188,4.086156015529703,4.233414234200282,0.2761298434599598,0.2678002702358732,0.2724008901464808,0.26889222265532103,0.5254805833329713,0.5174942224178674,0.5219203867894804,0.5185481873995136,0.9600895629010759,0.9221832654076122,0.9408023866325601,0.9227605264458841
Stone- (441).jpg,kidneyStone,537.7065563725491,1037.156678200692,789.3718903186275,1029.501960784314,0.6622151295796569,0.6126231591382377,0.6543902768040478,0.6120201601657334,8.944944852941179,13.30483660130719,10.427803308823531,13.33042675893887,4.027784053957254,4.228838800196177,4.080578320148101,4.2309430997597754,0.27640063117532193,0.26817871788288333,0.272812618972796,0.2692336529838506,0.525738177399475,0.517859747308944,0.5223146742843782,0.518877300509331,0.9593180204598009,0.92166178962692,0.9402909230895717,0.9222399634707708
Stone- (442).jpg,kidneyStone,546.1837469362746,1049.550296039985,809.9392922794115,1053.3390234525182,0.6628529292968842,0.6116049559098138,0.6548985066608284,0.6128555768856571,9.020787377450983,13.398969627066517,10.586228553921567,13.512156862745098,4.019237416362262,4.222548640100488,4.074297284849784,4.223354035018483,0.27620642404288626,0.2680501816280108,0.27255681795782427,0.26894947623876947,0.5255534454676196,0.5177356290888341,0.5220697443424818,0.5186033901149987,0.9586755392649873,0.9207232558420168,0.9387325407596778,0.9204370780619705
Stone- (443).jpg,kidneyStone,553.4444699754904,1057.1565551710883,815.9520526960787,1062.7379777008844,0.6671434126458559,0.6126955460653014,0.6546992569922705,0.6136998347300148,8.989200367647062,13.38160707420223,10.607628676470593,13.542283737024222,3.9951115762491853,4.198457124248785,4.053021161202116,4.203359939396181,0.276188968832976,0.26808479275042973,0.2724132149772251,0.2688269723841168,0.5255368387020799,0.5177690534885507,0.5219321938501448,0.5184852672777857,0.9581534097287331,0.9202005358807295,0.9383187091499137,0.9197792221928728
Stone- (444).jpg,kidneyStone,550.6130974264707,1058.3472510572858,813.3442248774511,1060.4687735486352,0.6657441247652506,0.6148828573808954,0.6575053301504383,0.6128476114483077,9.003201593137256,13.341883890811228,10.546430759803922,13.546635909265667,3.9937823153284997,4.19317277247879,4.043907457316913,4.199571270689698,0.2760153198242189,0.267894468885699,0.27229281133983935,0.26889091762388134,0.5253716016537427,0.5175852286200786,0.5218168369646953,0.5185469290468138,0.9583506900086598,0.920078298590885,0.9384908801279009,0.9199180905996827
Stone- (445).jpg,kidneyStone,551.4747702205884,1070.8326336024606,829.2399356617648,1072.0641906958863,0.6675729324829839,0.6154935282092179,0.655212876551301,0.6138511841799271,8.977956495098042,13.405336409073433,10.714077818627453,13.632941176470588,3.993876934357016,4.196825687128619,4.052539728894217,4.204031262837337,0.27593827238453217,0.26780812029088275,0.27219624250588736,0.2687106366832264,0.5252982699234142,0.5175018070411762,0.5217242974080154,0.5183730670889706,0.9583370405299856,0.919235300238784,0.9373657282128788,0.9191424133246499
Stone- (446).jpg,kidneyStone,551.3903952205883,1067.2013533256443,828.9632506127452,1065.1901576316802,0.6674248272695797,0.6140627524529406,0.6554201721793416,0.6129210733190597,8.983685661764708,13.36190695886198,10.696492034313728,13.589819300269129,3.9927963340354355,4.195686865709799,4.050323117470428,4.201151058300242,0.2753064603119894,0.26719663217693024,0.2717643709047077,0.26817474685526704,0.5246965411664054,0.5169106616978704,0.5213102443887974,0.5178559132184039,0.9583154204883115,0.9194548040661752,0.9373443310157527,0.9196065956195935
Stone- (447).jpg,kidneyStone,551.1431525735295,1075.9772856593618,835.4388786764705,1072.1371626297578,0.6679206483481948,0.6127436189216733,0.6519287601254231,0.6119614234326796,9.022993259803922,13.521491733948482,10.837346813725489,13.685028835063436,3.995537806102826,4.203613079964146,4.061660670812834,4.2091493657713945,0.27490165091532565,0.26676089369702394,0.2711579245597022,0.26762027404655075,0.524310643526646,0.5164890063660832,0.5207282636459272,0.5173202818820761,0.9583657071636119,0.9188531145047091,0.9369026415270021,0.9191427247296874
Stone- (448).jpg,kidneyStone,557.7583486519608,1078.550065359477,838.156449142157,1079.825420991926,0.667215105158278,0.6134087808587491,0.6554290773637554,0.612435266894704,9.026822916666667,13.495424836601305,10.75932904411765,13.711895424836598,3.994962871130763,4.199299469780319,4.055825176120065,4.209651455670563,0.2748997159061043,0.26686240246224746,0.27118444904003286,0.2676437313835908,0.5243087982344987,0.5165872650987899,0.5207537316621292,0.5173429533526004,0.9578506330668732,0.9186293819378919,0.9366739002281897,0.9185331634317746
Stone- (449).jpg,kidneyStone,553.5410845588235,1080.134702037678,844.0361979166667,1083.714986543637,0.6682056938512444,0.6134560000692278,0.6542628784115114,0.6132654155577126,8.975735294117648,13.572272202998848,10.854764093137256,13.722921953094964,4.000911128944002,4.206332007415435,4.0633882495410365,4.2154335312177444,0.27484278965253006,0.26683463483198794,0.27110092262816593,0.2675134078647478,0.5242545084713436,0.516560388369054,0.5206735278734324,0.5172169833491045,0.958169449869494,0.9185099272033049,0.9362297299976593,0.9182398149252038
Stone- (450).jpg,kidneyStone,567.9307598039215,1089.2675586312957,856.3067555147059,1103.7092041522492,0.6692820818698462,0.6142643943580481,0.6567499831706078,0.6141063778125089,9.0796875,13.59927720107651,10.905683210784314,13.843029603998463,3.984924127085081,4.189996681871043,4.048360720775292,4.1997737016672,0.27547760678547606,0.2673129314561386,0.27165008627052994,0.26811366580239077,0.5248596067382935,0.5170231440236874,0.5212006199828718,0.5177969349101931,0.9570757226482987,0.9178090339063256,0.9352933015293008,0.9167193357986898
Stone- (451).jpg,kidneyStone,567.8021292892156,1106.0441214917344,868.2774203431372,1106.7822376009228,0.6681896881710012,0.6144652900415764,0.655078505441248,0.6138945323881131,9.071461397058822,13.723352556708962,11.043474264705882,13.855148019992315,3.9847854975081454,4.1902451504307585,4.050963105169631,4.199691850919822,0.2744973997756271,0.266326419215039,0.2706601401523001,0.26722589889051346,0.5239249944177383,0.5160682311623522,0.5202500746297881,0.5169389701797625,0.9571299274849034,0.9166289912176034,0.9344578660879141,0.9165733537584588
Stone- (452).jpg,kidneyStone,563.7339920343137,1097.1987235678585,865.2432598039215,1110.8559323337176,0.6683119742397731,0.6134307646934418,0.6547540142369901,0.611663120551571,9.05687806372549,13.643414071510957,10.982230392156861,13.911403306420606,3.9788450969685534,4.1847976456029095,4.044902158581031,4.194380838683671,0.27463384221306864,0.2665440499994012,0.2708359730275765,0.26737921915402063,0.524055190044969,0.5162790427660232,0.5204190359965482,0.5170872452053141,0.9574302835718072,0.9172825841191276,0.9346769936627716,0.9162529720780347
Stone- (453).jpg,kidneyStone,572.39368872549,1106.9897885428682,877.0119944852937,1126.047720107651,0.669558053539675,0.613402076003174,0.6558911037691494,0.611450154630818,9.068719362745096,13.704682814302192,11.012821691176466,13.957293348712035,3.981426494553397,4.191053860742249,4.048386892851293,4.1993339085996535,0.2747832310965133,0.26659891997296165,0.2709845813133768,0.2674567379742302,0.5241977022999179,0.51633217987354,0.5205617939432137,0.5171621969694132,0.9567724588827908,0.9165370120657349,0.9337825933932434,0.9151001136149033
Stone- (454).jpg,kidneyStone,567.0367493872549,1109.1063898500577,872.7534313725489,1112.5592156862745,0.6680384953503159,0.6140501089927477,0.6546566084746418,0.6128223146081071,9.033532475490196,13.736301422529793,11.015900735294117,13.83263360246059,3.98116022048756,4.191326386498838,4.048754710258879,4.196225492300222,0.27479671080815526,0.2666959331437453,0.27099266160776503,0.26740367276596794,0.5242105596114555,0.5164261158614515,0.5205695550142796,0.5171108902024477,0.9571654198370173,0.9163547672391553,0.9340863604430168,0.916094366232186
Stone- (455).jpg,kidneyStone,575.3043351715687,1116.5404075355632,877.6591145833333,1119.7266282199153,0.6675581169755199,0.6127676192960143,0.6573818241967604,0.6146744809921757,9.126424632352942,13.78786620530565,11.00877757352941,13.83424836601307,3.9751089300113565,4.184866154548972,4.0365887275927035,4.182781121773105,0.27438699020508944,0.2663599303553582,0.2707269319961825,0.26709000037101616,0.5238196160942137,0.5161006978830374,0.5203142627260784,0.516807508044355,0.9565792886502659,0.9158682154166298,0.9337741533982036,0.9156281323614692
Stone- (456).jpg,kidneyStone,591.8267922794117,1128.2377700884272,890.8119178921569,1142.4846597462513,0.6696063615304183,0.6138989518090604,0.6562764212407475,0.6135281591839413,9.17075674019608,13.80621299500192,11.089950980392159,13.985559400230677,3.970190432705396,4.180495295233533,4.037122910710879,4.185249152147702,0.27442550805842414,0.26645895570582434,0.27066200359011555,0.2669731686020858,0.5238563811374489,0.5161966250430395,0.5202518655325664,0.5166944634908388,0.9552941768610689,0.9149137423520823,0.9327237879164386,0.9138393105645238
Stone- (457).jpg,kidneyStone,587.3982843137254,1128.8521645520955,883.151899509804,1127.4623606305265,0.6693146097054052,0.6141311901176256,0.6562328143875562,0.613838817776133,9.149816176470589,13.823483275663207,11.050245098039218,13.874602076124566,3.972642646085313,4.179883753688014,4.035332548735525,4.1829561990254955,0.27414630554034963,0.26622824681779594,0.27045355257461834,0.2668156737989011,0.5235898256654246,0.515973106680761,0.520051490310929,0.5165420348809002,0.9556833186145994,0.9149721449720252,0.9333839088615365,0.9150768283398489
Stone- (458).jpg,kidneyStone,591.0414215686274,1134.957662437524,885.608118872549,1128.6790003844676,0.6680858040192286,0.6147475465395571,0.6559276276353926,0.613562903304203,9.215441176470586,13.877985390234526,11.08106617647059,13.88090734332949,3.9690446839563416,4.173953842432316,4.030184288173897,4.177563953840228,0.27466318167892145,0.2667239033400486,0.2709784867148452,0.26737185878143166,0.5240831820225883,0.5164531956915831,0.5205559400437625,0.5170801280086401,0.9554027435784813,0.914501203588421,0.9331906127525434,0.9149741886753348
Stone- (459).jpg,kidneyStone,582.4886029411766,1133.1927412533641,881.0408088235295,1117.4276970396004,0.6685076380321331,0.6149428416067368,0.6584139590474436,0.6143675060076234,9.176102941176472,13.868665897731638,11.021721813725492,13.795063437139564,3.9501687341963683,4.153001603314576,4.006812558346633,4.156134151456885,0.27560338191553435,0.267510950110721,0.2718333760649825,0.2681191108438612,0.5249794109444049,0.5172146074026922,0.5213764245389145,0.5178021927762195,0.9560279172762067,0.9145946480886405,0.9335046314881149,0.9157828123787554
Stone- (460).jpg,kidneyStone,586.689568014706,1125.483044982699,874.932230392157,1120.0923183391005,0.6701661111328404,0.6165683672487305,0.6567827597519543,0.615552264887173,9.17547487745098,13.751864667435603,10.954871323529412,13.780561322568245,3.9513376560871727,4.151838134512637,4.012250466048313,4.15894653332265,0.27476837369397444,0.26703842313036974,0.2710876206717368,0.2674814993966919,0.5241835305443833,0.5167576057789278,0.520660753919226,0.5171861361218917,0.9557227649041106,0.915199046188832,0.9339835861753556,0.9156052173552041
Stone- (461).jpg,kidneyStone,592.9389093137254,1134.3625067281814,878.4040134803921,1122.5169088811995,0.6686179393232262,0.6153403606009946,0.6573839527528322,0.6160980615271848,9.262162990196078,13.845136485966933,11.007383578431373,13.834986543637061,3.951317399124224,4.150492749548153,4.006183826823343,4.153721043104934,0.2750224214441636,0.2671805599271919,0.2712051823376601,0.2675776727402483,0.5244258016575497,0.516895115015795,0.5207736382898621,0.5172791052616066,0.9552357782511385,0.9145007231794255,0.9336990247613385,0.9153935506868731
Stone- (462).jpg,kidneyStone,601.9463541666667,1142.847935409458,879.6698682598038,1131.8237139561709,0.6689135627498384,0.6159109594806341,0.6590347716497531,0.6156029492573184,9.30389093137255,13.834817377931566,10.91796875,13.852041522491348,3.9520354632458723,4.1496764757803986,4.003074187122269,4.154258499955039,0.2754068898953002,0.267607936911261,0.27161743222727586,0.2678608454057758,0.5247922349799968,0.5173083576661612,0.5211692932505482,0.5175527464962154,0.9545391838204451,0.9138303620257684,0.9335789274551162,0.9146615777476019
Stone- (463).jpg,kidneyStone,329.0180606617648,729.4452133794695,565.5943321078431,751.9691041906958,0.7083952237990425,0.6695062796787774,0.7002062517281407,0.6695926684934637,6.46279105392157,10.102806612841215,7.962714460784314,10.160015378700498,3.7355241701346173,3.922547110064878,3.788972795333503,3.921817179379677,0.35994787489712493,0.3524381205525157,0.3552142927675054,0.3513295534604219,0.5999565608418037,0.5936649901691321,0.5959985677562534,0.5927305909605324,0.9729088083160913,0.9400649517250674,0.9534381800158205,0.9382142706069396
Stone- (464).jpg,kidneyStone,329.2061274509805,736.8953171856979,568.2846200980393,749.1696424452135,0.7072848209347022,0.6684805205193746,0.7000557029679484,0.6690564391914616,6.470618872549021,10.166551326412922,7.999540441176473,10.145913110342176,3.735058874151267,3.9241165340990225,3.786836291293558,3.9175718702602103,0.3600340219957469,0.35241196233489586,0.35526031071751996,0.3514114123734092,0.6000283509933068,0.5936429586332983,0.5960371722615293,0.5927996393161936,0.9729510485687112,0.9395815633762353,0.9533162702533915,0.9385751849592522
Stone- (465).jpg,kidneyStone,326.41147365196076,733.199292579777,569.4740042892156,752.8477354863516,0.709731892759594,0.6681665138890255,0.7005571170622629,0.6686974525508979,6.427864583333333,10.145174932718186,8.021338848039216,10.192356785851597,3.731346361046591,3.922735083325234,3.7894247009097195,3.9216715024238895,0.359854386684208,0.3520847194340568,0.355026137290758,0.3512677827606307,0.5998786432972989,0.5933672719606776,0.5958406979140968,0.5926784817762754,0.9731756066397758,0.9398733591062852,0.9532089187389131,0.9382620715849791
Stone- (466).jpg,kidneyStone,327.63146446078423,736.4148712033834,578.2491268382353,763.3653671664746,0.7086563146960593,0.6693442086730731,0.6994797732499878,0.6674008694118971,6.444852941176469,10.153894655901578,8.110523897058824,10.286674356016917,3.734255977799645,3.924731063083844,3.7944417007089384,3.9257536829208375,0.35886132310326846,0.35113607332583324,0.3538181536952058,0.35009781911875204,0.5990503510584636,0.5925673576276652,0.594826154178854,0.5916906447788,0.9731299859562452,0.9397321561204345,0.9525834943390128,0.9375265403097077
Stone- (467).jpg,kidneyStone,324.8003982843138,732.9244598231446,575.6443167892156,757.8598231449444,0.709944774814306,0.6699273013854814,0.7012671556810485,0.6685964848805643,6.417279411764707,10.11098808150711,8.06567095588235,10.254655901576317,3.718124293467124,3.9095063313936462,3.7799711454466776,3.914618654547175,0.3596186105272763,0.35159661922831226,0.35457063140341133,0.3509204815644059,0.5996820912177354,0.592955832443119,0.5954583372524155,0.5923854164008479,0.9733246903649725,0.9399332332776701,0.9527301394493597,0.9378896575288834
Stone- (468).jpg,kidneyStone,320.960799632353,720.0845213379472,568.7910692401961,747.1732103037293,0.7086551101434909,0.6698766826478126,0.7011702722286938,0.6685278077068033,6.3686734068627455,9.987666282199157,8.004978553921568,10.186728181468666,3.7435844946288594,3.9327978815923577,3.802463290951257,3.9394252357562882,0.3587768675537578,0.35103782205436324,0.3537573629377072,0.3500921152231841,0.598979855716165,0.5924844487869393,0.5947750523834261,0.591685824761067,0.9736492859499479,0.9410050953699516,0.9533090499082422,0.9387857800330244
Stone- (469).jpg,kidneyStone,318.7699754901962,719.6181007304883,563.5787530637256,736.7444059976933,0.7088861185748934,0.6689958693040865,0.6992247701778873,0.6663142894160476,6.362928921568629,10.011672433679355,7.977405024509805,10.139653979238755,3.748735178856413,3.9399043268086897,3.810674292979319,3.9450918916069657,0.35816848408758817,0.35044794181281536,0.35307680780454037,0.34951994939987735,0.598471790552895,0.5919864371865418,0.5942026655986494,0.591202122289727,0.9738461559830125,0.9410810466777407,0.953766339491631,0.9396788251666407
Stone- (470).jpg,kidneyStone,319.9254289215687,718.5078046905036,561.4860294117648,737.0798615916956,0.7102366153592969,0.6692122243217994,0.6992048641307497,0.6682617741892448,6.3359068627451,9.987020376778162,7.9749080882352965,10.123214148404461,3.745676648041424,3.9394640308090474,3.811712407837251,3.9456646435710256,0.35787763924838867,0.35017292665805483,0.3527824634755863,0.3492279207077512,0.5982287516062637,0.5917541099629599,0.5939549338759518,0.5909550919551766,0.9737530024471307,0.9411759195057624,0.9539410058921632,0.9396554291743177
Stone- (471).jpg,kidneyStone,326.2660539215687,722.0144098423684,562.6690716911767,741.3097270280663,0.7092782648018806,0.6695173270490347,0.6994844691967554,0.6670760023531394,6.389797794117648,10.013056516724339,7.977282475490197,10.138054594386777,3.744786045770659,3.936039894653811,3.80619444131182,3.94094794592672,0.3568753092823374,0.34928744378770127,0.35192010758519876,0.34819802113787907,0.5973904161286298,0.5910054515718964,0.593228545827996,0.5900830629139249,0.973253815291171,0.940935625067621,0.9538804101027551,0.9393571720157714
Stone- (472).jpg,kidneyStone,323.24301470588233,719.9096193771627,559.0152420343137,739.4335563244904,0.7078858619066756,0.6671163438285744,0.6976329340648653,0.6650379260352073,6.415073529411765,10.03766243752403,7.988250612745098,10.20147635524798,3.7565019138443,3.947119927263042,3.817462467540798,3.9526134282874112,0.3558498730158997,0.3483584841899005,0.3509704926581348,0.34730674308124765,0.5965315356424166,0.5902190137482022,0.5924276265149481,0.5893273649519829,0.9735454194116375,0.9412050796700835,0.9542557637332697,0.9396105624050723
Stone- (473).jpg,kidneyStone,315.3505055147059,707.5936639753941,551.5917738970588,725.1447597078045,0.7069502961061052,0.6656749867157513,0.6956852407424284,0.6645772684656724,6.3495557598039225,9.981945405613228,7.913495710784313,10.097716262975776,3.769156151166474,3.9605979845840182,3.829094901280472,3.9643399214113706,0.354320022952598,0.3467293759342848,0.34928906562098255,0.3456661643608223,0.5952478668190235,0.5888373085448007,0.5910068236670221,0.5879338095064973,0.9742060157950785,0.9422432524403833,0.9548888235911079,0.9408106587680254
Stone- (474).jpg,kidneyStone,309.6636642156863,704.6021376393694,553.3637254901961,726.7817916186082,0.7052078900420518,0.6653181160118016,0.6966045176044111,0.6631412347373457,6.321905637254904,9.941930026912726,7.92717524509804,10.08390618992695,3.78079674049829,3.969251428742399,3.8388605748009446,3.9764832941274104,0.3529744078956261,0.3454317297002705,0.3480312984808276,0.3444052584986018,0.5941164935394625,0.5877344040468199,0.5899417755006231,0.58686051025657,0.974716504827445,0.9425906219124349,0.9548244916305942,0.9407834742000943
Stone- (475).jpg,kidneyStone,313.6138939950981,700.3289811610922,551.05859375,728.1786697424068,0.7058461103689118,0.665779400218053,0.6968381903615737,0.663317099708778,6.319990808823532,9.883091118800467,7.897288602941177,10.086274509803921,3.7843030252912353,3.9725641354392764,3.8409259039934267,3.9820864620399306,0.351677440040527,0.3440854186594016,0.3467367858769388,0.34305761451877037,0.5930239793132542,0.5865879462275044,0.5888436005230411,0.5857112040235959,0.9744383250463581,0.9430369585646386,0.9550901571087439,0.9407717332101359
Stone- (476).jpg,kidneyStone,317.35032169117636,701.3935409457899,548.8480085784313,731.632095347943,0.704228057934882,0.6655540552296848,0.697423913404354,0.6647267546096486,6.362147671568626,9.884121491733948,7.875765931372548,10.120984236831987,3.787234237440151,3.9713478967914035,3.8396662658009793,3.979312012163911,0.35064204936483995,0.34300888727474604,0.34577461662131137,0.34205767130939635,0.5921503604363,0.5856696058997308,0.5880260339655986,0.5848569665391671,0.9741591439455782,0.9430061796086389,0.9553139250773802,0.9405490558430466
Stone- (477).jpg,kidneyStone,317.4810049019608,702.8028296808918,553.1550551470589,738.0945174932717,0.7065789644798297,0.6652468188384058,0.6973588265797481,0.6645456542373055,6.336917892156863,9.879584775086503,7.9062193627451,10.149327181853131,3.7935509183200082,3.981786652238574,3.850797140990216,3.991306395337176,0.3493846088718881,0.3416779322299514,0.3443935704332095,0.3406753399344676,0.5910876490605164,0.5845322336962705,0.5868505520430304,0.5836740014207139,0.9742207133746129,0.9430503376489368,0.9550892554470768,0.9401905743983722
Stone- (478).jpg,kidneyStone,318.1413909313726,701.1499423298729,553.9631280637255,743.9432987312573,0.7045717886079135,0.6651716911274214,0.6947337487413827,0.663765408239633,6.350674019607844,9.84638216070742,7.903936887254902,10.178900422914264,3.799890821038587,3.98315356510321,3.8566112621679567,3.9938248962428085,0.34725051052705097,0.3395603670016602,0.34229021494043,0.3385393296075018,0.5892796539225251,0.5827180853565986,0.585055736610137,0.5818413268301779,0.9742401570207755,0.943344046015251,0.9551500505533465,0.9398861573601178
Stone- (479).jpg,kidneyStone,320.1688265931373,701.316216839677,552.3124999999998,742.1270126874281,0.7033424571880158,0.6636697985946737,0.6944070807938381,0.6630925164960453,6.404794730392156,9.854379084967322,7.897671568627447,10.20655132641292,3.8052684016860088,3.989249007739123,3.86072869313872,4.000009778449614,0.345210336276725,0.3376260649166228,0.34019624609619015,0.3364433906989608,0.5875460290706805,0.5810559912062028,0.5832634448482008,0.580037404568844,0.9741627719229888,0.9435199757685958,0.9554334187416079,0.9402333060994261
Stone- (480).jpg,kidneyStone,318.7270067401961,710.9780084582854,556.1093137254903,744.6847366397537,0.7030188148732147,0.6630841944185345,0.6950718396561463,0.6606719135372913,6.43530943627451,9.9762399077278,7.944883578431375,10.253118031526334,3.8080015936212233,3.9916880253034464,3.859937550461087,4.0030463275550545,0.3430874083510548,0.33551160877555614,0.3381272813678934,0.3343520207012326,0.5857366373644854,0.579233639195408,0.5814871291506747,0.5782318053352242,0.9743410848519293,0.9428790828738615,0.9552358061487737,0.9401710395811836
Stone- (481).jpg,kidneyStone,320.71265318627457,718.9750249903883,560.3776501225489,745.4662821991542,0.6996756099065763,0.6601246575568969,0.6926593070853153,0.6577257505627533,6.49295343137255,10.091057285659362,7.979151348039213,10.295778546712803,3.828789006462359,4.013928813463359,3.8784043573653464,4.021332933744653,0.34109158666626127,0.3335134073326128,0.33616552520834053,0.3324457545607293,0.5840304672414456,0.577506196791526,0.579797831324282,0.576581091053747,0.9742374370146583,0.9423612708965436,0.9549903137570974,0.9402375220251744
Stone- (482).jpg,kidneyStone,313.4765318627451,711.9995232602845,558.6178768382354,739.3913264129181,0.6986365114802432,0.6585713316029066,0.6898939781458107,0.6578904153938452,6.455912990196078,10.071710880430604,8.009849877450982,10.286212995001922,3.833560026402142,4.020052988336126,3.8880332143312404,4.0288159769575955,0.33896085874798765,0.33137707275807476,0.3339741070845274,0.33031324331679146,0.5822034513363757,0.5756536048337357,0.5779049291055817,0.574728843296377,0.9748787512545455,0.9430561347306986,0.9552387412375837,0.9408654097410745
Stone- (483).jpg,kidneyStone,316.2754136029413,715.6051211072665,563.4405330882354,749.6852441368703,0.6955038353631897,0.6580139436772876,0.6892281037520787,0.6543236046435459,6.495052083333334,10.079461745482508,8.018780637254903,10.368888888888886,3.849878104083447,4.031865075001463,3.897442555344782,4.044340292299506,0.33657508612504056,0.3289561396328063,0.33160883262954016,0.32794556803264235,0.5801509166803415,0.5735469811905615,0.5758548711520466,0.5726653193905166,0.9747273684770772,0.9429318147000881,0.9549826027726019,0.9402139879004592
Stone- (484).jpg,kidneyStone,317.1624540441177,728.1908650519031,572.4450674019608,757.0970703575547,0.6945003374408397,0.6551795738026124,0.6857227717482848,0.6515193525192184,6.52094056372549,10.194586697424068,8.084037990196078,10.42797385620915,3.8570042516659786,4.046507808048281,3.9102926043979607,4.055993353008993,0.33348992323884585,0.32581859524942436,0.3284896428197312,0.32478031337132474,0.5774858641030496,0.5708052165576488,0.5731401598385261,0.5698950020585588,0.9747220928810671,0.9420774173326598,0.9543812956761756,0.9397781272058929
Stone- (485).jpg,kidneyStone,319.20229779411767,743.2558861976161,586.4945465686274,769.6383852364476,0.6942382784044467,0.6532639431807484,0.6843022561686987,0.6494575624730092,6.514185049019609,10.270572856593617,8.14923406862745,10.476985774702039,3.874945808359726,4.067188536024574,3.9306121665806586,4.076573530702023,0.33082815074224015,0.3230807292791446,0.3258223837295525,0.32206703416498633,0.5751766256918306,0.5684019082296827,0.5708085350882137,0.5675095013874096,0.9746196313977745,0.9410179922317167,0.9533716549786683,0.9389243757637521
Stone- (486).jpg,kidneyStone,319.2879595588236,741.4415224913494,590.0034773284315,780.0931487889275,0.6905552978252252,0.6504994017296959,0.6822272742469415,0.6478963566050208,6.538020833333334,10.276247597078044,8.192172181372552,10.572718185313342,3.8828849054263106,4.074386058001217,3.937574245801517,4.0851859447167875,0.3279097452424024,0.3202773035716158,0.3229496708231585,0.3192312095974679,0.5726340412885025,0.5659304759169768,0.5682866097517683,0.565005495192275,0.9746846052512305,0.9413275746567221,0.9532261105289563,0.9382689589877198
Stone- (487).jpg,kidneyStone,324.0026960784314,750.287504805844,602.5975030637255,793.4735717031914,0.689519196466045,0.6458873697021106,0.6785430215598123,0.6431403264319591,6.5700367647058835,10.406382160707421,8.342172181372547,10.697870049980779,3.8978550553361844,4.094986557981584,3.960101103817881,4.104440636451182,0.32429195933505134,0.3165520190752648,0.31929563892662227,0.3156146187526433,0.5694663812158285,0.5626295575911959,0.5650625088666051,0.561795887091249,0.9744128065774532,0.9408616244415028,0.9524167536892447,0.9374576575265392
Stone- (488).jpg,kidneyStone,329.6374540441177,766.669204152249,616.4782781862746,808.1096655132642,0.6860847468549551,0.643201643568732,0.6759667278871315,0.6402116641821383,6.6352175245098035,10.55266435986159,8.458057598039215,10.827789311803153,3.9212499596419823,4.119339046497431,3.9811489962852376,4.127391410599451,0.32117944197487885,0.3134810051615612,0.3162604820430393,0.3124994102022987,0.5667269553981695,0.5598937445279785,0.5623704135559047,0.5590164668435973,0.9740325827345012,0.9397199018740869,0.9514421900284626,0.9364616060358095
Stone- (489).jpg,kidneyStone,337.99777879901967,788.0399846212997,634.207705269608,829.9628143021916,0.6903654511757703,0.6440221695193011,0.6780500558859487,0.6426713279517109,6.678140318627452,10.706374471357174,8.567509191176473,10.951264898116111,3.926044073319497,4.131157890723311,3.9920436598145885,4.13781835465575,0.31872603859730936,0.3110160648294117,0.3137706827283226,0.3100412515164,0.5645582685580908,0.557688142988007,0.5601523745627814,0.556813480006007,0.9734609640492199,0.9382408183217813,0.9502092600620001,0.9349553001942063
Stone- (490).jpg,kidneyStone,337.93140318627457,792.298239138793,640.3869025735293,834.8032141484043,0.6859411049804948,0.6385279576221158,0.6742727593734799,0.6392265218061255,6.697763480392158,10.795247981545561,8.622288602941174,11.013564013840828,3.9499973204868217,4.160729692607884,4.0168076864829345,4.165821510230577,0.31579553846852776,0.3080620226952608,0.31095048927151653,0.3070967243101868,0.5619568831045028,0.5550333527773451,0.5576293475701548,0.5541630845790676,0.9734966990932928,0.9379775069689447,0.9497819189285165,0.9346501431227439
Stone- (491).jpg,kidneyStone,350.44375,799.4411380238371,642.4268382352942,842.4295271049598,0.6849441337367291,0.6363512506955467,0.6727526820437449,0.6372772311513584,6.743627450980392,10.84438292964245,8.662071078431374,11.050949634755863,3.966658591423939,4.180130817446027,4.038250060336866,4.1832991227775755,0.3134258633107233,0.3057441103080309,0.30857798270196574,0.3047310370822685,0.5598444992234213,0.5529413262797699,0.5554979592239433,0.5520244895675087,0.9725950778782392,0.937599035745722,0.9497685457248274,0.934243545512844
Stone- (492).jpg,kidneyStone,342.0565563725491,792.6074894271435,644.2042585784316,838.3152633602461,0.6848734980814254,0.6365773147900524,0.6719906627817718,0.6349111626958222,6.6819852941176485,10.763552479815456,8.685263480392159,11.064759707804692,3.97966414252377,4.194561572650171,4.054027021564886,4.202649117893215,0.3112119744640734,0.3034458441072188,0.30637892521055615,0.30244787050673005,0.5578637597694203,0.5508591871859984,0.5535150632192011,0.5499526075097109,0.9733246940576982,0.9383023382674579,0.9497688591424921,0.9347443820125783
Stone- (493).jpg,kidneyStone,344.6403799019608,796.9647520184546,646.115517769608,841.241322568243,0.6837362045039723,0.6339330189507109,0.6712132197890691,0.6327972855725406,6.6790747549019605,10.774332948865823,8.669163602941175,11.070065359477125,4.0015534922527705,4.217316162239619,4.076133824696459,4.224482250803438,0.3081488417259137,0.3003858045902848,0.3032702980496158,0.29937732889237134,0.5551115579105823,0.5480746341423628,0.5506998257214322,0.5471538438980131,0.9731998847862875,0.9381389064462431,0.949763199395334,0.9347021207338476
Stone- (494).jpg,kidneyStone,346.85928308823526,811.8904421376394,656.8352022058824,848.1869127258747,0.6832563413650172,0.6336246301727501,0.668657483051344,0.632787424274189,6.702910539215686,10.892610534409844,8.786764705882351,11.134117647058824,4.024082736526941,4.241421152310672,4.102353741390589,4.247869631045235,0.30496199581816485,0.2972347612436054,0.30006425751213467,0.2961506209202063,0.5522336424179216,0.5451924075439839,0.5477812131792534,0.5441972261232193,0.9731010317049473,0.937151133160634,0.9490695144771221,0.9343414042509888
Stone- (495).jpg,kidneyStone,356.1071997549019,825.5800076893505,667.3575367647059,863.9510034602076,0.6793831418197757,0.6287337051297243,0.6662025417438401,0.6289086940796078,6.83612132352941,11.051687812379857,8.889950980392157,11.295317185697806,4.049418880159819,4.270367616064048,4.125719129434739,4.275614712618319,0.3008303071534984,0.29307445854158676,0.2960106614643406,0.292162038644528,0.5484799970404558,0.5413635179263437,0.5440686183417865,0.54052015563208,0.9724948295388378,0.9363464568357939,0.9484616047884323,0.9333879914989333
Stone- (496).jpg,kidneyStone,362.65330882352947,833.4977623990775,675.6842524509804,873.458085351788,0.6759544806234,0.628721007592299,0.6640573586947867,0.6249921941421519,6.952297794117648,11.137654748173782,9.016513480392158,11.451564782775856,4.059874658277568,4.275262672408175,4.13472398222226,4.284483211499391,0.2982864981786603,0.2905399721900356,0.29346995035807283,0.28963769514017407,0.5461561115456461,0.5390175991468512,0.5417286685768742,0.5381799839646343,0.9720527844268005,0.9358805422429322,0.947936224957916,0.9328064677161451
Stone- (497).jpg,kidneyStone,363.4976715686274,844.5791772395235,680.0145067401961,879.2415071126491,0.6755418122366308,0.6261911320661124,0.6634234379278026,0.6261249851478203,6.96795343137255,11.250334486735873,9.055376838235297,11.482891195693963,4.0676539189915,4.284792699794389,4.141410997032741,4.2899213522957105,0.29597285791710215,0.28839546331291577,0.29129710313678936,0.28744194663248,0.5440338757072966,0.5370246393908903,0.5397194670722831,0.5361361269607561,0.9720667736575757,0.9352102662532786,0.9477498587126049,0.9325512341766637
Stone- (498).jpg,kidneyStone,365.8853707107843,850.7233064206075,686.0879595588235,882.1035755478663,0.6725547590775588,0.6241502341920572,0.6614458223008031,0.623012740352412,7.051853553921566,11.361891580161478,9.116268382352942,11.586789696270667,4.082244842847636,4.301447745988378,4.155338416752651,4.306211828020828,0.293307458392843,0.28562694152028906,0.2886463979261282,0.28484099780627364,0.5415786723947343,0.534440774567481,0.5372582227626936,0.5337049726265193,0.9719686403303051,0.9349355522239695,0.9474433640089204,0.9325355475850713
Stone- (499).jpg,kidneyStone,369.9706035539216,861.8448750480586,689.1534620098037,887.4259592464439,0.6705175452271458,0.6194365480158874,0.6581606732067189,0.6198065322603407,7.094408700980392,11.496239907727801,9.221691176470586,11.699607843137258,4.0955603098441795,4.3162997043915174,4.171720595757554,4.32515115486018,0.2909886437533041,0.2832904235661291,0.2863013516623713,0.2826249124009768,0.5394336323898465,0.5322503391883645,0.5350713519357687,0.531624785352392,0.971710581397531,0.934212486936419,0.9473109945539672,0.9322597968878902
Stone- (500).jpg,kidneyStone,372.96176470588233,865.385113417916,695.5859528186274,894.6933179546324,0.6680580911289522,0.6192284378961929,0.6560259770243869,0.616305101007443,7.164430147058823,11.522137639369472,9.282245710784313,11.78846597462514,4.116001625109474,4.334701469689066,4.1901930394150035,4.34510933926869,0.2883544964113862,0.2807041109347674,0.2837756851002694,0.28005111534749655,0.5369864955577432,0.5298151667655121,0.532706002500694,0.5291985594722425,0.9715461633090463,0.9340908776017334,0.946939276735846,0.9318587175955896
Stone- (501).jpg,kidneyStone,378.1324601715687,868.165290272972,693.2850030637255,891.7204152249135,0.6699119667612407,0.6193813791595952,0.6570789326596321,0.6174205831040084,7.159911151960785,11.545436370626682,9.248207720588237,11.743698577470202,4.1188587904372795,4.341352743973454,4.19753198804321,4.350442287580583,0.28651122002636464,0.2788148495809659,0.28188083565083905,0.2781026425083304,0.5352674285124817,0.5280292128102061,0.5309245103127553,0.5273543803822344,0.97121686353639,0.9340278335776478,0.9472341377080726,0.9322378718723828
Stone- (502).jpg,kidneyStone,379.44388786764705,872.908050749712,697.1422334558822,895.5148942714341,0.6689387208343965,0.6159990715170157,0.6550831892569483,0.6144843437523052,7.143275122549019,11.570319108035374,9.258226102941174,11.757385620915034,4.117214069966323,4.345030572620079,4.199409892524393,4.350643132037054,0.28492720308050834,0.27708808320698836,0.28015540252415677,0.2764903166070009,0.5337857276852842,0.526391568328168,0.5292970834268377,0.5258234652495083,0.97116129866022,0.933768094085285,0.9470217878797428,0.9320527996371777
Stone- (503).jpg,kidneyStone,374.6857077205882,870.2562860438293,697.3402267156863,894.0031218762012,0.6692785157785409,0.6177999272883397,0.6538935451855286,0.6153889807959187,7.1100643382352935,11.545359477124183,9.271017156862744,11.745036524413685,4.119690444005792,4.344017645869464,4.20267358643176,4.353256192559154,0.2833716049106339,0.2757197759534418,0.2788942360942156,0.27510260818562515,0.5323265960955116,0.5250902550547304,0.5281043799233401,0.5245022480272369,0.9715708000713141,0.9340794416763661,0.9470954169122172,0.9322806558455782
Stone- (504).jpg,kidneyStone,375.0333026960784,869.3778392925801,700.2411458333333,894.2076432141487,0.6680045708731883,0.6166376392248314,0.6528147076157116,0.613240512706287,7.12469362745098,11.546605151864672,9.321599264705881,11.790234525182624,4.1186037802552296,4.346053706565208,4.203810770996526,4.3553680439167195,0.28138175357171813,0.2737560858280488,0.27684588862400433,0.2731045825837254,0.5304542898042376,0.5232170542213325,0.5261614663047878,0.5225940896945979,0.9715923829728108,0.9342563844146475,0.9469642832759688,0.9323787185594796
Stone- (505).jpg,kidneyStone,372.1046721813725,870.7650288350635,701.2311121323529,888.7840061514803,0.6683813970194877,0.6140957763383066,0.6525776541775758,0.6143935678527733,7.072840073529411,11.566843521722415,9.317264093137254,11.711311034217609,4.13272160836154,4.363740857920716,4.220938458081138,4.368751354851926,0.2791877517201541,0.27153536316215876,0.2745303424511079,0.2708508832775258,0.5283822023120708,0.5210905517874592,0.5239564318253073,0.5204333610343651,0.9718957001104123,0.934341354468649,0.9470430124930425,0.9329826622781289
Stone- (506).jpg,kidneyStone,375.57029718137255,876.020884275279,707.3304381127451,897.6542252979622,0.6653677795537277,0.6129876488932408,0.6503169080238305,0.6122870590424632,7.116344975490196,11.583421760861206,9.385493259803923,11.798262206843521,4.139431672968465,4.367893135483913,4.226113797041372,4.373519718638997,0.2764108967441909,0.2688879409791372,0.2718376745732185,0.2681652035467977,0.5257479403137885,0.5185440588601292,0.5213805467920898,0.5178466988856815,0.9717144239879397,0.9341306351021456,0.9467337026747088,0.932503990738568
Stone- (507).jpg,kidneyStone,385.04770220588233,893.4881045751634,719.3681066176471,917.1253210303731,0.6638129437882438,0.6109034512104473,0.6491272833438158,0.6115668937363314,7.267585784313725,11.81846981930027,9.547763480392156,12.01845444059977,4.13706544247468,4.364686120276001,4.222321923587597,4.371549555503075,0.2744697657038458,0.2670362316803299,0.2699114703948751,0.2661778789425474,0.5238986215899464,0.516755485389686,0.5195300476342779,0.5159242957474938,0.9710443726657592,0.9329175729205945,0.9459088235092858,0.9311429081644579
Stone- (508).jpg,kidneyStone,388.1773437499999,907.2971626297578,733.2765165441176,928.9175547866205,0.6636730952686146,0.6113132881064782,0.6477840705602732,0.6113288790959346,7.38080575980392,11.986928104575163,9.704335171568626,12.142745098039216,4.1355939110377,4.362766750684245,4.22471032018481,4.367889453790687,0.2727525188206983,0.26532982313459735,0.26825454260192894,0.2645706866063551,0.5222571386019518,0.5151017599801008,0.5179329518402251,0.5143643519980318,0.9708681208746548,0.9320177646407848,0.9449745924035933,0.930397785378526
Stone- (509).jpg,kidneyStone,388.0894454656863,905.8387850826604,733.7937806372549,929.328150711265,0.6637769548148573,0.6115423929991296,0.647874833841158,0.6072616597956559,7.348943014705883,11.896793540945788,9.624785539215686,12.125351787773933,4.158140906215452,4.385816787920157,4.246155253495301,4.396753059102499,0.27073410849624396,0.26330777554133267,0.26619037151520003,0.2625513618885824,0.5203211589934086,0.5131352409855833,0.5159364025877609,0.5123976599171608,0.970876515880071,0.9321302199386636,0.944938739360326,0.9303702841694658
Stone- (510).jpg,kidneyStone,385.7556985294118,902.2348788927334,730.3898131127451,928.8853364090733,0.6609835920803919,0.6094342041502886,0.6471806913974508,0.6061343311610621,7.350827205882354,11.927766243752401,9.66484375,12.156201460976545,4.179398398100218,4.408622670269448,4.268740122977393,4.419292857382737,0.26885373360099635,0.26154861893977716,0.26441808868490324,0.26069098836826865,0.518511073749632,0.5114182426740145,0.51421599419398,0.5105790716120948,0.9710989013821568,0.9325094793024474,0.9452836078006761,0.9305159260751404
Stone- (511).jpg,kidneyStone,393.4596200980392,902.07723183391,729.8500612745099,933.4958861976161,0.660796203823925,0.6063018352348633,0.646186309325518,0.6079221988470767,7.404074754901961,11.951649365628603,9.673682598039218,12.1758400615148,4.1887200100641655,4.4189582257934,4.275495177487688,4.425180405124554,0.2676719858535479,0.2603402893129117,0.2633055239702729,0.25961862371864475,0.51737025992373,0.5102355233741686,0.5131330470455717,0.5095278439090888,0.9705398773277932,0.932562813884198,0.9453577433534535,0.9302140286947904
Stone- (512).jpg,kidneyStone,397.28226102941176,909.02183775471,732.1048253676471,935.1667973856211,0.6607781510449874,0.6061643829903252,0.644448443492674,0.6058989214864419,7.4472426470588236,12.001983852364479,9.644469975490198,12.152264513648596,4.201479344953503,4.4314789129733985,4.286461873359855,4.435037884289396,0.26570399113134063,0.2583865043477644,0.2612561595994479,0.2576836836629096,0.5154648301594791,0.5083173264288405,0.5111322329881456,0.507625534880693,0.9703121769926382,0.9321762335076519,0.9452969132483696,0.930225510694063
Stone- (513).jpg,kidneyStone,404.97849264705883,918.7560476739716,737.2448835784315,944.959292579777,0.6613018821593419,0.6042127628035945,0.6436235760438437,0.6044114365357824,7.492218137254902,12.047089580930411,9.66948529411765,12.239969242598999,4.206664302340274,4.438019283108607,4.290692013375521,4.444380070482644,0.2648347009103694,0.25752046237798404,0.26043492242035055,0.256832620228135,0.514620929335729,0.5074647400342057,0.5103282496789204,0.5067865627935838,0.9697442702230537,0.9314657680822641,0.9449259409754275,0.9295111477367237
Stone- (514).jpg,kidneyStone,413.21128982843135,937.8977931564784,749.8640165441177,960.0398923490966,0.6601041104523332,0.6048528207535879,0.6436679921455778,0.6038282911728086,7.521185661764706,12.131364859669358,9.731234681372548,12.287704728950406,4.23045952485747,4.4640985448947506,4.3152827182648545,4.46918022518803,0.2638203372097346,0.25652280344663836,0.25950674958249226,0.25583124794074863,0.5136344392753805,0.5064808026437314,0.50941804991823,0.5057976353649241,0.9691474129615616,0.9300789638108033,0.9440164135209086,0.9284282524750389
Stone- (515).jpg,kidneyStone,419.78135723039213,941.3073894655904,750.0778799019608,962.0969934640525,0.6563312579988597,0.6020708622647682,0.6402827995067619,0.6004886811568821,7.575045955882353,12.158785082660518,9.70186887254902,12.264836601307191,4.239333591170186,4.470344721692969,4.318369470486712,4.472630005746545,0.26265219624250585,0.2552041100922207,0.25825225055698986,0.25458163291822394,0.5124960450993801,0.5051773055989557,0.5081852522033573,0.5045608317321351,0.9686951556364571,0.9299098621768541,0.9440685801869606,0.9283618596583906
Stone- (516).jpg,kidneyStone,422.7966299019608,948.4402921953097,760.0651041666667,977.8559323337178,0.6561289122205014,0.6013910734445769,0.6412307484111183,0.5995626932020958,7.63235294117647,12.2322491349481,9.79375,12.400338331410996,4.242593927785482,4.472292458900268,4.320775796181344,4.477358126619514,0.26214344122922206,0.25472591244517356,0.2578210035043237,0.254099521241128,0.5119994543251214,0.5047037868345883,0.5077607738929069,0.5040828515642325,0.9684815590715862,0.9294034119934759,0.9433438829388829,0.9272138763475446
Stone- (517).jpg,kidneyStone,431.9891084558824,963.7582468281431,778.1958792892158,1002.8670511341793,0.6573109525592178,0.6014171785269672,0.639831951570467,0.5987964442497696,7.643489583333334,12.264482891195694,9.905805759803924,12.533179546328334,4.248382252911645,4.480058636594474,4.333989357092658,4.488012586053733,0.2614938536353959,0.2540581161742275,0.25725571599752817,0.25336858680178165,0.5113646972908825,0.5040417801871463,0.5072038209610887,0.5033573152361865,0.9677968477848997,0.9282646110118392,0.9419936571377802,0.9253536265414198
Stone- (518).jpg,kidneyStone,438.37336090686284,978.4139484813536,787.3851102941178,1014.5197231833913,0.6571631791259906,0.6023421954176905,0.6422506726131292,0.5993540460228548,7.685217524509806,12.344529027297195,9.952267156862746,12.600553633217995,4.250283829009545,4.480300733491656,4.329881453739615,4.490792782133888,0.26076799685292307,0.25330531973846765,0.256379273446511,0.25244817589307406,0.5106544789316187,0.5032944662307223,0.5063390893921889,0.5024422114960825,0.967350521386129,0.9272392124341811,0.9413617067575634,0.9245541683308419
Stone- (519).jpg,kidneyStone,444.39662990196075,982.3102037677818,789.0797028186275,1026.7311803152631,0.6590867699313004,0.6018777815470389,0.6418455735288675,0.5995276929948632,7.762530637254901,12.440338331410997,10.035952818627452,12.734040753556322,4.245173750432464,4.479502829592503,4.330777306937441,4.488794736275631,0.26066655142497025,0.25310587425266445,0.25623507454596045,0.2523127645727007,0.5105551404353601,0.5030962872578811,0.5061966757555412,0.5023074402919996,0.9668660589018622,0.9268701675256602,0.941171762282804,0.9235631688191378
